{
  "votingContractAddress": "0x8B1631ab830d11531aE83725fDa4D86012eCCd77",
  "rebate": "28",
  "fromBlock": "16342609",
  "toBlock": 16565483,
  "shareHolderPayout": {
    "0xa31c2232842e631ccb2d2e4110b356bab21e6020": 17.822463693429967,
    "0xa4e3555ab4bb3edd2f50b82279d30d6b49261fcc": 19.414615163532847,
    "0x7b2483d0f917a4f7a04d1e13743c99ad9d249462": 11.0796053756821,
    "0x47e87a4429636a7bbebaff101c9697e3941ce117": 17.710409117056386,
    "0x69d0341d380a1229f4751a0a721345dbc716586c": 19.40692093322353,
    "0x80cd5224a98ee004229bb1e6a59c829501f94b72": 22.239167761794135,
    "0xfec2ade141272f5271febadfca5d21ca30fc04a5": 16.168671461541575,
    "0xee160154b02a2e404c6c13ff0b28ed76010cf07d": 22.699290659259162,
    "0xd2a78bb82389d30075144d17e782964918999f7f": 21.889053515905957,
    "0xdb2808ed6cf0b8b9686222689cf4f6e88e42b80a": 8.663752733184811,
    "0xf71866a90c24209e13bb9f65307cea120a939d79": 9.335150987798041,
    "0x110f0b1faa1cb6eed49883f960808c95f609f6fd": 22.89480523849364,
    "0x07148984389eddf3a188943807310ea9e22cef50": 13.956064678939509,
    "0xcfc50541c3deaf725ce738ef87ace2ad778ba0c5": 15.438021128860441,
    "0xf9d0de258931d88e370245ebf8b40119ec91912b": 7.571386638671889,
    "0xfc204fcfd2a579157898a212ea25ac98de2b1e1c": 20.92214941904455,
    "0xa3f76c31f57da65b0ce84c64c25e61bf38c86bed": 18.602784098755624,
    "0x9b8f31d4a132cfd3425eef49076e56e60dc1ed2f": 21.639420685438935,
    "0x2367432dc27e2e96b7ab8a0b0e4fcb28dd5a1c1f": 17.423013969808835,
    "0x2a0e2e3bcc873a6fbd6687b4e4eeb4f8b74af129": 17.874085435037422,
    "0xdf67cba8261c6d8c15c735009f61e2cc9f852de3": 20.99748945910244,
    "0x8b64673c9a482913a6e2c1298637532947cd96ee": 21.250698718495336,
    "0xdb19c47e87ed3ff37425a99b9dee1f4920f755b9": 21.62753716482764,
    "0x30daba789bf9390a75d6b4f0efd21eff03f16c19": 9.317303179748018,
    "0xb5eeddff4641fea71c0b9a344aed1a49e38e55d5": 14.016346605997779,
    "0x7e367235ef80109531113d8284a5593ba6a40c22": 22.229448194971976,
    "0xd9f9f15e1dcda849a48ee048892c9b31287c7598": 21.01156020954584,
    "0x6352f003ca2ee26e2e6fa2077acaaaa29184cd3d": 11.424672525791095,
    "0xe6b5a31d8bb53d2c769864ac137fe25f4989f1fd": 21.71263907993208,
    "0xeed339990e56ac554215ae9e1aa8d81a6e40b84b": 15.87843113473896,
    "0x5963d72760d2703c35b4b3cc7eda0b425d10788d": 23.197773959164792,
    "0x48c7e0db3dad3fe4eb0513b86fe5c38ebb4e0f91": 18.94535219756874,
    "0x30b2daeb3757b6c7462cd0d776828f8d7398be50": 17.229934398976514,
    "0xac465ff0d29d973a8d2bae73dcf6404dd05ae2c9": 16.008128717912562,
    "0x9b6f4d48fd61313204f7c8fbe9dfec6384aa4ced": 9.695159983758451,
    "0xe63757e3cd485c9b35b3a972fffa2d91b8649483": 6.849813769993438,
    "0xe6fcb51c7ee5d15a5c8fc2b23d167db6a963c799": 11.983423358043435,
    "0xc75adbf2a5a6a51302c1c7cc789366ed16e1e0f3": 15.446794106840063,
    "0xd9aaeeaa94fad39baf37b713e833105227bf1476": 12.126825104115557,
    "0xf445567e961c533e26430005c142dee831a6376e": 12.12795458001369,
    "0xea7c2df8ab95bf0af91f8e4034b493733aca21df": 14.29958250068502,
    "0x384d91e6b8d032ab9d844eb58b85df6543e616f0": 13.268885371105899,
    "0xd1f8f4e8c4ae63964efb761a97503c128b7fa732": 11.6107178695184,
    "0x9a97c80956bce4dd87c2df6a93900dbfcbf0d60a": 12.003042688923589,
    "0x61d62b3d530ab8174dbfade1675d856c5c5c9fcd": 6.149901661425387,
    "0xde375b95b526fddaf3b79b1401d527b6ce8660af": 5.519360299871414,
    "0x4ddd9af5f091a11438f3c4f618f1257d6d660cb2": 5.577309469358176,
    "0x6ab880afd1e0c7786cc5d05f4fd9b17761768da8": 5.634891366181767,
    "0xb17d5db0ec93331271ed2f3fffebe4e5b790d97e": 5.635077516985583,
    "0x969397c71eb51f7fdcf6527db4d97871b05d6f63": 14.81822020829383,
    "0x87d1465044ddb9bf2e5fb189067cb340a7b0074a": 13.849819779354199,
    "0x336b9de28d67d692c31df93a9b8630b2fa50d88f": 13.859494827344923,
    "0x11efc2638184a0382bf1bb29c4047c6111f8f3c7": 14.273784981878874,
    "0x7cac2ab1cf9dc459ca88a85d72ac94de2691f1e5": 14.274551966635052,
    "0x96c00fdda3f3129a55c0bc9b48ef504c3d5594e4": 13.714765414584443,
    "0xc3d26aa4954816330c5ffc9bb2d46acbceaff130": 13.99921140056296,
    "0xacd3dc5c6f9cb967b5e1f719001e85039b0c976f": 13.858561131885088,
    "0x8bd7b5e860998607715da42944cc9de3486a3ae2": 4.544446190173847,
    "0x469f91dc3253165f52bb56eaa4aee838c1c7822d": 13.714551623406813,
    "0xb0903a62f5ca7a215aa67232ba691cb801decd5b": 11.050895487680753,
    "0x4b8aef878255f6242606fe5e73d659004f5a34fa": 13.440198081938718,
    "0x4b070c428ddbb49524abf2d4be4998c1e3b6f3a5": 14.745352495299095,
    "0xabbcf7b0735e4eb152fd13fa02691cc046fac0bd": 10.919659682170607,
    "0x8a6800c753ed8ed19e0df473a97a7a94b2cecf54": 13.89101612264145,
    "0x2cf6988d57d0df95d3ff37cdfbfe0520f15c860f": 10.81934096097908,
    "0xdcf99ba641c98e37df8ea31188ad7e7fa5501b09": 14.299114029786587,
    "0x3b271e8f1409e8e90c484d3591143bd7e1d2a177": 14.298349313365314,
    "0x82b6a4ebc3904b7aabd4e85510045eff0d43a6bd": 7.336158350413711,
    "0x49e0cdd718d330e5a27856256236b4e56a76d3fb": 13.403601153334835,
    "0x66b5409f52d23ef87bdbfaa7312f8d790755fe13": 10.366396853929407,
    "0x0a01f4a6711012157c1b33ad9c01af7f526962f5": 13.309141330307115,
    "0x3d88456277e32d62575267c3564b72387c3f21f7": 13.4318030112489,
    "0x9e3a4ed4eea5c27a5e82a32e90482a4827a4ae80": 10.371785177343995,
    "0x1be514893bfd6f13f508a71a37b0246ed7b4bb8a": 10.281227413295312,
    "0x1fdef3d3c7984a945008c253caa6cf380fddb16f": 6.128681437630746
  },
  "priceData": {
    "dailyAvgGasPrices": [
      { "timestamp": "1672946075", "avgGwei": "20" },
      { "timestamp": "1673032475", "avgGwei": "20" },
      { "timestamp": "1673118875", "avgGwei": "20" },
      { "timestamp": "1673205275", "avgGwei": "20" },
      { "timestamp": "1673291675", "avgGwei": "20" },
      { "timestamp": "1673378075", "avgGwei": "20" },
      { "timestamp": "1673464475", "avgGwei": "20" },
      { "timestamp": "1673550875", "avgGwei": "20" },
      { "timestamp": "1673637275", "avgGwei": "20" },
      { "timestamp": "1673723675", "avgGwei": "20" },
      { "timestamp": "1673810075", "avgGwei": "20" },
      { "timestamp": "1673896475", "avgGwei": "20" },
      { "timestamp": "1673982875", "avgGwei": "20" },
      { "timestamp": "1674069275", "avgGwei": "20" },
      { "timestamp": "1674155675", "avgGwei": "20" },
      { "timestamp": "1674242075", "avgGwei": "20" },
      { "timestamp": "1674328475", "avgGwei": "20" },
      { "timestamp": "1674414875", "avgGwei": "20" },
      { "timestamp": "1674501275", "avgGwei": "20" },
      { "timestamp": "1674587675", "avgGwei": "20" },
      { "timestamp": "1674674075", "avgGwei": "20" },
      { "timestamp": "1674760475", "avgGwei": "20" },
      { "timestamp": "1674846875", "avgGwei": "20" },
      { "timestamp": "1674933275", "avgGwei": "20" },
      { "timestamp": "1675019675", "avgGwei": "20" },
      { "timestamp": "1675106075", "avgGwei": "20" },
      { "timestamp": "1675192475", "avgGwei": "20" },
      { "timestamp": "1675278875", "avgGwei": "20" },
      { "timestamp": "1675365275", "avgGwei": "20" },
      { "timestamp": "1675451675", "avgGwei": "20" },
      { "timestamp": "1675538075", "avgGwei": "20" },
      { "timestamp": "1675624475", "avgGwei": "20" }
    ],
    "dailyAvgUmaEthPrices": [
      { "timestamp": "1672946075", "avgPx": "0.001232715024792465" },
      { "timestamp": "1673032475", "avgPx": "0.001240360720395801" },
      { "timestamp": "1673118875", "avgPx": "0.001215506540005396" },
      { "timestamp": "1673205275", "avgPx": "0.001223195412896071" },
      { "timestamp": "1673291675", "avgPx": "0.001226101759590416" },
      { "timestamp": "1673378075", "avgPx": "0.001600000000000000" },
      { "timestamp": "1673464475", "avgPx": "0.001283932079471463" },
      { "timestamp": "1673550875", "avgPx": "0.001231930613652830" },
      { "timestamp": "1673637275", "avgPx": "0.001221501520390345" },
      { "timestamp": "1673723675", "avgPx": "0.001223409963395943" },
      { "timestamp": "1673810075", "avgPx": "0.001199851314301317" },
      { "timestamp": "1673896475",