{
  "votingContractAddress": "0x8B1631ab830d11531aE83725fDa4D86012eCCd77",
  "rebate": "18",
  "fromBlock": "14111404",
  "toBlock": 14292548,
  "shareHolderPayout": {
    "0x31a4c53be2356b09220d348508b97ed9b26a6c30": 83.81919195841814,
    "0x02c0d734efda6a689375933d8eecc89ed94687a2": 78.78302513587536,
    "0x7da740d237575470b19284ec013fb5ea1f680f00": 59.98679004721938,
    "0xfc204fcfd2a579157898a212ea25ac98de2b1e1c": 60.07723644328136,
    "0xdb2808ed6cf0b8b9686222689cf4f6e88e42b80a": 41.237315095697355,
    "0xfec2ade141272f5271febadfca5d21ca30fc04a5": 60.864723486106,
    "0xee160154b02a2e404c6c13ff0b28ed76010cf07d": 55.31474336079524,
    "0x7cc541816b921bc5a172b6b10fa396664a6d2164": 54.53124420059969,
    "0xfdac618ddb79f77eb2ea5c52b7c50f8f728dafce": 55.97522258205858,
    "0xdf67cba8261c6d8c15c735009f61e2cc9f852de3": 52.85735635139525,
    "0xd9f9f15e1dcda849a48ee048892c9b31287c7598": 55.31402321574838,
    "0x8b64673c9a482913a6e2c1298637532947cd96ee": 58.76437775243234,
    "0xdae6878c6756d804a8e7b056f9eac38ad1fbded9": 51.76885984317262,
    "0x2a0e2e3bcc873a6fbd6687b4e4eeb4f8b74af129": 41.13648665320362,
    "0xd2a78bb82389d30075144d17e782964918999f7f": 49.33175957316834,
    "0xe63757e3cd485c9b35b3a972fffa2d91b8649483": 48.89803366765678,
    "0x110f0b1faa1cb6eed49883f960808c95f609f6fd": 51.89299742707036,
    "0x6fec6cb90d4bc025d5249f299d640d66fcbfb6eb": 102.86765713547076,
    "0xcfc50541c3deaf725ce738ef87ace2ad778ba0c5": 20.90578114550484,
    "0xe6b5a31d8bb53d2c769864ac137fe25f4989f1fd": 45.35032884888051,
    "0xdb19c47e87ed3ff37425a99b9dee1f4920f755b9": 37.92068240795076,
    "0x1a3f00a013670becaf3e51b5db8c0a530b5bf08f": 35.69502088643435,
    "0xe7b80338fe1645af7e6e1d160f538e04241b9288": 71.60300332267713,
    "0x5963d72760d2703c35b4b3cc7eda0b425d10788d": 41.853134209128015,
    "0x57ef012861c4937a76b5d6061be800199a2b9100": 54.5009984992446,
    "0x7b2483d0f917a4f7a04d1e13743c99ad9d249462": 46.313893988468365,
    "0xea7c2df8ab95bf0af91f8e4034b493733aca21df": 36.23026052355542,
    "0x57ef2b98306d2c98f2fcebbdd05090c75982af72": 30.384761757029864,
    "0xf445567e961c533e26430005c142dee831a6376e": 29.98828341922439,
    "0xf71866a90c24209e13bb9f65307cea120a939d79": 9.227958015333881,
    "0x7e367235ef80109531113d8284a5593ba6a40c22": 34.994771847818306,
    "0x9a97c80956bce4dd87c2df6a93900dbfcbf0d60a": 35.436483223630376,
    "0xe47df6ddf4022ec7d37e31325e0fe982eff3ef41": 29.592371453208727,
    "0xd9aaeeaa94fad39baf37b713e833105227bf1476": 22.7643006587371,
    "0x69d0341d380a1229f4751a0a721345dbc716586c": 16.441149316457093,
    "0xa1656a78637d6f5e1c17926a8cea28b66d2f85da": 30.384721173680823,
    "0x384d91e6b8d032ab9d844eb58b85df6543e616f0": 36.53028262314954,
    "0xd1f8f4e8c4ae63964efb761a97503c128b7fa732": 29.990737725836784,
    "0x0f9c7aae4a3db5d226371b4a68f8a47ee97fa757": 23.311808488362182,
    "0xb5eeddff4641fea71c0b9a344aed1a49e38e55d5": 30.385036716809925,
    "0x48c7e0db3dad3fe4eb0513b86fe5c38ebb4e0f91": 17.910543745945812,
    "0xd7925984736824b4aecf8301c9aee211cd976494": 14.084088128704325,
    "0x61d62b3d530ab8174dbfade1675d856c5c5c9fcd": 15.712809102546073,
    "0xb3cbbc13106d3e1f1f68a7b7a19e8c69e3c3aca4": 7.347882316908837,
    "0xdd07dc252642fefc342418d9305e556c627f891b": 7.102786055634689,
    "0xb018ac399491b9320a456ad0e696d2032b6badd3": 7.2257965183063995,
    "0x9e3a4ed4eea5c27a5e82a32e90482a4827a4ae80": 39.260336694835004,
    "0x11efc2638184a0382bf1bb29c4047c6111f8f3c7": 36.23003413839631,
    "0x7cac2ab1cf9dc459ca88a85d72ac94de2691f1e5": 36.23094924074917,
    "0x4b070c428ddbb49524abf2d4be4998c1e3b6f3a5": 35.43793681168634,
    "0x82b6a4ebc3904b7aabd4e85510045eff0d43a6bd": 19.60256286375209,
    "0x112eae3093451187c8b945fb601c6df34bdc8105": 36.231927492469,
    "0xc3d26aa4954816330c5ffc9bb2d46acbceaff130": 36.23078944754212,
    "0x969397c71eb51f7fdcf6527db4d97871b05d6f63": 36.23024751925391,
    "0xfdf7f859807d1dc73873640759b2706822802529": 36.23056306238301,
    "0xacd3dc5c6f9cb967b5e1f719001e85039b0c976f": 35.83356121984093,
    "0x1fdef3d3c7984a945008c253caa6cf380fddb16f": 35.03755640468309,
    "0x3d88456277e32d62575267c3564b72387c3f21f7": 35.83377460069853,
    "0xdcf99ba641c98e37df8ea31188ad7e7fa5501b09": 36.22963839831374,
    "0x3b271e8f1409e8e90c484d3591143bd7e1d2a177": 36.23057606668452,
    "0xabbcf7b0735e4eb152fd13fa02691cc046fac0bd": 35.83220979405647,
    "0x50e453636f153ded412eca1ecc3e520a206b3496": 26.103075872103656,
    "0xbca0fd352dce62fa1b7c7f9fa8f0c1de7fef09d9": 36.22865064497201,
    "0x49e0cdd718d330e5a27856256236b4e56a76d3fb": 36.23026052355542,
    "0x66b5409f52d23ef87bdbfaa7312f8d790755fe13": 35.83564953121961,
    "0x8a6800c753ed8ed19e0df473a97a7a94b2cecf54": 24.362257706358037,
    "0xb0903a62f5ca7a215aa67232ba691cb801decd5b": 8.908026310073609
  },
  "priceData": {
    "dailyAvgGasPrices": [
      { "timestamp": 1643500800, "avgGwei": "134.343808068" },
      { "timestamp": 1643587200, "avgGwei": "122.792749092" },
      { "timestamp": 1643673600, "avgGwei": "155.363116032" },
      { "timestamp": 1643760000, "avgGwei": "158.622018463" },
      { "timestamp": 1643846400, "avgGwei": "122.791237199" },
      { "timestamp": 1643932800, "avgGwei": "109.340117724" },
      { "timestamp": 1644019200, "avgGwei": "110.65413509" },
      { "timestamp": 1644105600, "avgGwei": "76.76071451" },
      { "timestamp": 1644192000, "avgGwei": "119.522141352" },
      { "timestamp": 1644278400, "avgGwei": "92.775066553" },
      { "timestamp": 1644364800, "avgGwei": "97.129048063" },
      { "timestamp": 1644451200, "avgGwei": "118.792683558" },
      { "timestamp": 1644537600, "avgGwei": "77.826197326" },
      { "timestamp": 1644624000, "avgGwei": "68.845159278" },
      { "timestamp": 1644710400, "avgGwei": "59.461576044" },
      { "timestamp": 1644796800, "avgGwei": "65.878165715" },
      { "timestamp": 1644883200, "avgGwei": "80.874247205" },
      { "timestamp": 1644969600, "avgGwei": "85.651527834" },
      { "timestamp": 1645056000, "avgGwei": "77.359572225" },
      { "timestamp": 1645142400, "avgGwei": "99.672209984" },
      { "timestamp": 1645228800, "avgGwei": "78.329414509" },
      { "timestamp": 1645315200, "avgGwei": "71.638077716" },
      { "timestamp": 1645401600, "avgGwei": "93.4494223" },
      { "timestamp": 1645488000, "avgGwei": "88.85594908" },
      { "timestamp": 1645574400, "avgGwei": "96.963987483" },
      { "timestamp": 1645660800, "avgGwei": "91.585153455" },
      { "timestamp": 1645747200, "avgGwei": "68.352032145" },
      { "timestamp": 1645833600, "avgGwei": "55.689206304" },
      { "timestamp": 1645920000, "avgGwei": "46.808949175" }
    ],
    "dailyAvgUmaEthPrices": [
      { "timestamp": 1643500800, "avgPx": "0.002355587564502716" },
      { "timestamp": 1643587200, "avgPx": "0.002332356833702714" },
      { "timestamp": 1643673600, "avgPx": "0.002268755824701819" },
      { "timestamp": 1643760000, "avgPx": "0.002212513041883350" },
      { "timestamp": 1643846400, "avgPx": "0.002139477364248311" },
      { "timestamp": 1643932800, "avgPx": "0.002048370750890299" },
      { "timestamp": 1644019200, "avgPx": "0.002137484827527834" },
      { "timestamp": 1644105600, "avgPx": "0.002072723986145350" },
      { "timestamp": 1644192000, "avgPx": "0.002122596316726151" },
      { "timestamp": 1644278400, "avgPx": "0.002104840821414263" },
      { "timestamp": 1644364800, "avgPx": "0.002103435131703376" },
      { "timestamp": 1644451200, "avgPx": "0.002083440388048963" },
      { "timestamp": 1644537600, "avgPx": "0.002059094554872616" },
      { "timestamp": 1644624000, "avgPx": "0.002039096081843258" },
      { "timestamp": 1644710400, "avgPx": "0.002034397798286314" },
      { "timestamp": 1644796800, "avgPx": "0.002167431836859387" },
      { "timestamp": 1644883200, "avgPx": "0.002089299275175259" },
      { "timestamp": 1644969600, "avgPx": "0.002047927916330715" },
      { "timestamp": 1645056000,