{
  "votingContractAddress": "0x8B1631ab830d11531aE83725fDa4D86012eCCd77",
  "rebate": "20",
  "fromBlock": "14496919",
  "toBlock": 14706094,
  "shareHolderPayout": {
    "0x02c0d734efda6a689375933d8eecc89ed94687a2": 92.24280214673766,
    "0x5963d72760d2703c35b4b3cc7eda0b425d10788d": 79.44404658001896,
    "0xdf67cba8261c6d8c15c735009f61e2cc9f852de3": 99.4582329991911,
    "0xdb19c47e87ed3ff37425a99b9dee1f4920f755b9": 70.36972150636024,
    "0xfdac618ddb79f77eb2ea5c52b7c50f8f728dafce": 94.36351000343154,
    "0x8b64673c9a482913a6e2c1298637532947cd96ee": 83.77713719842741,
    "0xe63757e3cd485c9b35b3a972fffa2d91b8649483": 86.11181446949864,
    "0x110f0b1faa1cb6eed49883f960808c95f609f6fd": 76.03779935414491,
    "0xd9f9f15e1dcda849a48ee048892c9b31287c7598": 140.35515403909977,
    "0xee160154b02a2e404c6c13ff0b28ed76010cf07d": 95.23297678212415,
    "0xdb2808ed6cf0b8b9686222689cf4f6e88e42b80a": 71.75985220187958,
    "0xdd07dc252642fefc342418d9305e556c627f891b": 88.25704626235043,
    "0xb8858b0e23541842753dc9ba734db87fb9c98769": 55.910370685837584,
    "0xe47df6ddf4022ec7d37e31325e0fe982eff3ef41": 72.93935257043026,
    "0x7cc541816b921bc5a172b6b10fa396664a6d2164": 90.43217995121111,
    "0xd2a78bb82389d30075144d17e782964918999f7f": 86.36260262495226,
    "0xdae6878c6756d804a8e7b056f9eac38ad1fbded9": 84.41590401163236,
    "0xb5eeddff4641fea71c0b9a344aed1a49e38e55d5": 78.35484951650734,
    "0x7da740d237575470b19284ec013fb5ea1f680f00": 76.00078877589047,
    "0xf71866a90c24209e13bb9f65307cea120a939d79": 77.79940683486811,
    "0xfc204fcfd2a579157898a212ea25ac98de2b1e1c": 85.83992008418693,
    "0xac465ff0d29d973a8d2bae73dcf6404dd05ae2c9": 19.341432742255993,
    "0xfec2ade141272f5271febadfca5d21ca30fc04a5": 86.33673717378622,
    "0x0f9c7aae4a3db5d226371b4a68f8a47ee97fa757": 15.680535655195484,
    "0x07148984389eddf3a188943807310ea9e22cef50": 75.70506995516499,
    "0x914370354cefac2202c46d933685e87f05c7d718": 32.08263260256761,
    "0x48c7e0db3dad3fe4eb0513b86fe5c38ebb4e0f91": 73.21289901976361,
    "0x84b92ae9a07f7a6c81e1f9488d982be23bcb8661": 24.07908332558045,
    "0xa3f76c31f57da65b0ce84c64c25e61bf38c86bed": 49.00562478284437,
    "0xc83aa25fa5829c789df2ac5976b4a26d49c648ff": 30.344132378415434,
    "0x57ef012861c4937a76b5d6061be800199a2b9100": 67.19706015533875,
    "0x31a4c53be2356b09220d348508b97ed9b26a6c30": 28.92323719881542,
    "0xa4e3555ab4bb3edd2f50b82279d30d6b49261fcc": 61.580100921924675,
    "0xe6b5a31d8bb53d2c769864ac137fe25f4989f1fd": 63.41215053800782,
    "0x2367432dc27e2e96b7ab8a0b0e4fcb28dd5a1c1f": 52.780778015261326,
    "0xed6bf5eeffdcff967184747648f1c3b578a2f430": 39.37690189951377,
    "0x959828605c4f40afae8bcdab8c6a4d5f4e2a85e5": 29.854187189735413,
    "0xd1f8f4e8c4ae63964efb761a97503c128b7fa732": 67.1488061331815,
    "0x7b2483d0f917a4f7a04d1e13743c99ad9d249462": 48.60762830942731,
    "0xb37a1b71d206fa7b48b297900ec62cd31f5c78fd": 35.41867035769795,
    "0xa31c2232842e631ccb2d2e4110b356bab21e6020": 71.80274934623618,
    "0x7e367235ef80109531113d8284a5593ba6a40c22": 45.15613893711315,
    "0xea7c2df8ab95bf0af91f8e4034b493733aca21df": 59.02789982461826,
    "0x61d62b3d530ab8174dbfade1675d856c5c5c9fcd": 15.836473248543161,
    "0x7f1c6e55c5bec9a47a3a7f4c17d2d31d38ddc2aa": 7.880444905262799,
    "0x69d0341d380a1229f4751a0a721345dbc716586c": 24.027067847220653,
    "0xe7b80338fe1645af7e6e1d160f538e04241b9288": 47.91385815306916,
    "0xa1656a78637d6f5e1c17926a8cea28b66d2f85da": 41.640166700587706,
    "0xb018ac399491b9320a456ad0e696d2032b6badd3": 15.614975233195773,
    "0x384d91e6b8d032ab9d844eb58b85df6543e616f0": 58.14412124107994,
    "0x239b74c2e5505634b7c38c8eeb1de385a16e24e2": 31.61202363778118,
    "0x486e90d7485dcd73e407d998dfbc69024c806f24": 6.735457348139487,
    "0xd9aaeeaa94fad39baf37b713e833105227bf1476": 38.96419266276378,
    "0x6ab880afd1e0c7786cc5d05f4fd9b17761768da8": 3.9528351653950873,
    "0x0c777f357f8884f6f23953396127f2a09bba97cf": 55.76081486582674,
    "0xf445567e961c533e26430005c142dee831a6376e": 51.003994261589746,
    "0x9a97c80956bce4dd87c2df6a93900dbfcbf0d60a": 30.793697443228808,
    "0xb17d5db0ec93331271ed2f3fffebe4e5b790d97e": 3.6050185699844657,
    "0xe5ff2c80759db9408dc9fd22b155b851cd5aaa94": 47.383798521220726,
    "0x545cf1493acb9f103f21871b6f9ab5a7ca00392d": 34.786805383709996,
    "0xb3cbbc13106d3e1f1f68a7b7a19e8c69e3c3aca4": 46.9420465116357,
    "0x5924eb6a482cea85e23403e448257fbe5c58a9ed": 46.50256156582435,
    "0xded9cbf4319cc1065d5119b710420ae358a25079": 5.724578512332258,
    "0xb124e5754d365e6927c62e92e84cb0b9e05404ad": 37.03895080030226,
    "0x004992db228e2c11b4483f6039d6fc13b0af01fd": 5.724556441363097,
    "0x9b6f4d48fd61313204f7c8fbe9dfec6384aa4ced": 22.496789978818306,
    "0x4ddd9af5f091a11438f3c4f618f1257d6d660cb2": 22.498251678820047,
    "0x2f840532892f91811f99cdaec703f322a779cc66": 12.211810843350895,
    "0x01371b3ff34e1bbcf599aede17e3f211f6974953": 22.6052392137061,
    "0x2a0e2e3bcc873a6fbd6687b4e4eeb4f8b74af129": 9.965811333995054,
    "0xa5765fa2cb70b6da94675d7d05298b270cfbb6f2": 5.204481681660281,
    "0x97a67ba107948d3f4399d49c5afadfedf09863a4": 5.888617849215582,
    "0x30daba789bf9390a75d6b4f0efd21eff03f16c19": 10.06347160067987,
    "0x8a6800c753ed8ed19e0df473a97a7a94b2cecf54": 52.782342092427925,
    "0x82b6a4ebc3904b7aabd4e85510045eff0d43a6bd": 57.362501149914316,
    "0xbca0fd352dce62fa1b7c7f9fa8f0c1de7fef09d9": 58.126361060094794,
    "0x66b5409f52d23ef87bdbfaa7312f8d790755fe13": 53.74019015992182,
    "0xdcf99ba641c98e37df8ea31188ad7e7fa5501b09": 58.12571619674945,
    "0x3b271e8f1409e8e90c484d3591143bd7e1d2a177": 58.125577684202,
    "0x336b9de28d67d692c31df93a9b8630b2fa50d88f": 46.25864575895122,
    "0xc3d26aa4954816330c5ffc9bb2d46acbceaff130": 58.32837347745613,
    "0x11efc2638184a0382bf1bb29c4047c6111f8f3c7": 58.12625437598785,
    "0x7cac2ab1cf9dc459ca88a85d72ac94de2691f1e5": 58.12669874089144,
    "0x2cf6988d57d0df95d3ff37cdfbfe0520f15c860f": 54.18228435675889,
    "0xb0903a62f5ca7a215aa67232ba691cb801decd5b": 53.8314147030955,
    "0x9e3a4ed4eea5c27a5e82a32e90482a4827a4ae80": 59.07517994025279,
    "0x1fdef3d3c7984a945008c253caa6cf380fddb16f": 13.311027100354272,
    "0xabbcf7b0735e4eb152fd13fa02691cc046fac0bd": 58.08055470844083,
    "0x969397c71eb51f7fdcf6527db4d97871b05d6f63": 58.24740184972958,
    "0xacd3dc5c6f9cb967b5e1f719001e85039b0c976f": 57.71374934664776,
    "0x49e0cdd718d330e5a27856256236b4e56a76d3fb": 53.31452369530781,
    "0x4b070c428ddbb49524abf2d4be4998c1e3b6f3a5": 57.594364379441664,
    "0x3d88456277e32d62575267c3564b72387c3f21f7": 52.033703647452164,
    "0x50e453636f153ded412eca1ecc3e520a206b3496": 56.208667339111,
    "0xfdf7f859807d1dc73873640759b2706822802529": 53.26690713122396,
    "0x3d65ed138686e2ad54006d4db83ad4597d645370": 22.37074895455326
  },
  "priceData": {
    "dailyAvgGasPrices": [
      { "timestamp": 1648684800, "avgGwei": "55.283697798" },
      { "timestamp": 1648771200, "avgGwei": "68.577599578" },
      { "timestamp": 1648857600, "avgGwei": "62.407665341" },
      { "timestamp": 1648944000, "avgGwei": "55.065336602" },
      { "timestamp": 1649030400, "avgGwei": "68.717823808" },
      { "timestamp": 1649116800, "avgGwei": "96.816494014" },
      { "timestamp": 1649203200, "avgGwei": "62.788787351" },
      { "timestamp": 1649289600, "avgGwei": "75.351242378" },
      { "timestamp": 1649376000, "avgGwei": "59.575919037" },
      { "timestamp": 1649462400, "avgGwei": "38.308158477" },
      { "timestamp": 1649548800, "avgGwei": "47.810675357" },
      { "timestamp": 1649635200, "avgGwei": "49.652220938" },
      { "timestamp": 1649721600, "avgGwei": "50.425290071" },
      { "timestamp": 1649808000, "avgGwei": "50.926241086" },
      { "timestamp": 1649894400, "avgGwei": "53.368293835" },
      { "timestamp": 1649980800, "avgGwei": "43.144386684" },
      { "timestamp": 1650067200, "avgGwei": "38.595586042" },
      { "timestamp": 1650153600,