{
  "votingContractAddress": "0x8B1631ab830d11531aE83725fDa4D86012eCCd77",
  "rebate": "29",
  "fromBlock": "16565484",
  "toBlock": 16772536,
  "shareHolderPayout": {
    "0x7b2483d0f917a4f7a04d1e13743c99ad9d249462": 8.485843550421944,
    "0xee160154b02a2e404c6c13ff0b28ed76010cf07d": 21.010733145973813,
    "0xa4e3555ab4bb3edd2f50b82279d30d6b49261fcc": 9.66795922250737,
    "0xf7078c14a4c1d91ada1047539e6f9e9eb2b9e1a9": 11.204665014153093,
    "0xdb19c47e87ed3ff37425a99b9dee1f4920f755b9": 18.80489504826865,
    "0xa3f76c31f57da65b0ce84c64c25e61bf38c86bed": 18.667487600088,
    "0x7ca3d1cf91f8cdd2fc31c34674d34ed1c4ff8e0f": 11.231303620026013,
    "0x2367432dc27e2e96b7ab8a0b0e4fcb28dd5a1c1f": 13.784016690595607,
    "0xd067baeab52dc02a384570542525d5035b9dc85a": 11.099914362533838,
    "0x07148984389eddf3a188943807310ea9e22cef50": 17.9794888481152,
    "0xa581ea2537f67ebe9f43d751e819bd918e809397": 11.118484653509936,
    "0x9a97c80956bce4dd87c2df6a93900dbfcbf0d60a": 6.023993639308088,
    "0xdf67cba8261c6d8c15c735009f61e2cc9f852de3": 18.07770405915757,
    "0xcfc50541c3deaf725ce738ef87ace2ad778ba0c5": 13.038845789316746,
    "0xa31c2232842e631ccb2d2e4110b356bab21e6020": 10.439431359924779,
    "0x48c7e0db3dad3fe4eb0513b86fe5c38ebb4e0f91": 17.6015945531782,
    "0x30ba060f0b4ead43e24593bf71e907f397baf532": 10.754672738346901,
    "0x78b40fe45f4cd5fc26241dee20fc6b4d131c0197": 12.170617049639665,
    "0xe6b5a31d8bb53d2c769864ac137fe25f4989f1fd": 18.376439165233805,
    "0xfebac9943387484723f18a5ff91279c04d26c2e0": 11.09100785454632,
    "0x537860d48d589364c9d86e115e608702fee4375c": 10.979660848331992,
    "0x2993db31d165c33d848e44a1c26a805ba411d324": 11.452392598320433,
    "0x9b8f31d4a132cfd3425eef49076e56e60dc1ed2f": 17.094169767649607,
    "0xddb751f0a4a9f33d277667ab81560bfeefb466bc": 11.922352514153093,
    "0xd2a78bb82389d30075144d17e782964918999f7f": 19.005391691178684,
    "0x69d0341d380a1229f4751a0a721345dbc716586c": 18.25835593400157,
    "0xd9aaeeaa94fad39baf37b713e833105227bf1476": 16.08797568950829,
    "0xea7c2df8ab95bf0af91f8e4034b493733aca21df": 11.18062534482392,
    "0xd9f9f15e1dcda849a48ee048892c9b31287c7598": 18.229382871276997,
    "0x110f0b1faa1cb6eed49883f960808c95f609f6fd": 16.19687130490793,
    "0x47e87a4429636a7bbebaff101c9697e3941ce117": 18.663756284190374,
    "0x8b64673c9a482913a6e2c1298637532947cd96ee": 18.8771008894931,
    "0xf361f2d82d091800ccf7a7aa09e3cac1b6d87882": 11.091959330622075,
    "0x30b2daeb3757b6c7462cd0d776828f8d7398be50": 18.041532218860276,
    "0x71dcd1a51d578fb333eef9d850c36d80e276ccc1": 11.03772334833199,
    "0xe6fcb51c7ee5d15a5c8fc2b23d167db6a963c799": 4.937122588598035,
    "0xd02eeb3e32108131d1516774a8b108430302f4ba": 8.80392192125564,
    "0x0c88e2a51ad8e9b21271c7771f1dde229ce588f5": 10.886528031929746,
    "0xb5eeddff4641fea71c0b9a344aed1a49e38e55d5": 17.6207017617974,
    "0xc75adbf2a5a6a51302c1c7cc789366ed16e1e0f3": 12.662454497112897,
    "0x330a3c103620214a6236c1acbe6e1452f3f1aae9": 11.09231505578726,
    "0x2035083778e8b6c59aa3cb4e5e01781d8438ea2c": 3.152475793206409,
    "0xec6d05b23ad13844f0f37156ef96abb8b5de8296": 10.979431509673645,
    "0xfcc544de1df80ee89e1d6a236fa9f8e89ee5804f": 11.729416430936103,
    "0x4fcc940e1e890ae00dbfa66fde55329533427810": 11.730301023487693,
    "0xdb2808ed6cf0b8b9686222689cf4f6e88e42b80a": 9.771208709601265,
    "0x28c8369a530d52254c2b44ddbb367b30921f9f2a": 3.2350020964449184,
    "0x6352f003ca2ee26e2e6fa2077acaaaa29184cd3d": 14.599068509854014,
    "0x239b74c2e5505634b7c38c8eeb1de385a16e24e2": 2.7179388318094344,
    "0x0bf515d18d0ee365cafec3da0a1af1e606c04936": 11.204542876735687,
    "0x15600c0c99706b332250e822497085bad90be84f": 3.1261525947819004,
    "0x9b34321f89361a8d6489c5dddd70e0556239922b": 8.674769312816167,
    "0x80cd5224a98ee004229bb1e6a59c829501f94b72": 18.09704313431202,
    "0x2a0e2e3bcc873a6fbd6687b4e4eeb4f8b74af129": 19.096435538087366,
    "0x81447efe30c9c4958774114f46e8689317fac29a": 10.220921047799738,
    "0x384d91e6b8d032ab9d844eb58b85df6543e616f0": 11.31444222511643,
    "0xd1f8f4e8c4ae63964efb761a97503c128b7fa732": 9.55481847515282,
    "0x7e367235ef80109531113d8284a5593ba6a40c22": 15.716002062900598,
    "0xf95c72caa240c856c57b3c12d78ad33d68e62e22": 11.203897482241327,
    "0xfec2ade141272f5271febadfca5d21ca30fc04a5": 15.227023487791563,
    "0xfc204fcfd2a579157898a212ea25ac98de2b1e1c": 21.031860221573393,
    "0xbbb5312ef2a76f29cdf9e907863464c16e24210f": 7.7303745238575114,
    "0x5cea80211fcc9afd401c4d9a7042dbf8c08a82cc": 7.8011216612749195,
    "0x8a752066907ecc34bb2a37f08c69701110ab04f1": 6.8014874999999995,
    "0xf9d0de258931d88e370245ebf8b40119ec91912b": 15.085530384317329,
    "0xf9eea902d2825e4ef6d4c0a4a47130f7ae597d44": 7.548503436109734,
    "0x5963d72760d2703c35b4b3cc7eda0b425d10788d": 10.737882239078683,
    "0xcc48b317052a38fe6f34a5d679b6249631a44b8b": 2.651668798692327,
    "0xe63757e3cd485c9b35b3a972fffa2d91b8649483": 8.588944716483876,
    "0xb17d5db0ec93331271ed2f3fffebe4e5b790d97e": 3.704604197454082
  },
  "priceData": {
    "dailyAvgGasPrices": [
      { "timestamp": "1675635107", "avgGwei": "20" },
      { "timestamp": "1675721507", "avgGwei": "20" },
      { "timestamp": "1675807907", "avgGwei": "20" },
      { "timestamp": "1675894307", "avgGwei": "20" },
      { "timestamp": "1675980707", "avgGwei": "20" },
      { "timestamp": "1676067107", "avgGwei": "20" },
      { "timestamp": "1676153507", "avgGwei": "20" },
      { "timestamp": "1676239907", "avgGwei": "20" },
      { "timestamp": "1676326307", "avgGwei": "20" },
      { "timestamp": "1676412707", "avgGwei": "20" },
      { "timestamp": "1676499107", "avgGwei": "20" },
      { "timestamp": "1676585507", "avgGwei": "20" },
      { "timestamp": "1676671907", "avgGwei": "20" },
      { "timestamp": "1676758307", "avgGwei": "20" },
      { "timestamp": "1676844707", "avgGwei": "20" },
      { "timestamp": "1676931107", "avgGwei": "20" },
      { "timestamp": "1677017507", "avgGwei": "20" },
      { "timestamp": "1677103907", "avgGwei": "20" },
      { "timestamp": "1677190307", "avgGwei": "20" },
      { "timestamp": "1677276707", "avgGwei": "20" },
      { "timestamp": "1677363107", "avgGwei": "20" },
      { "timestamp": "1677449507", "avgGwei": "20" },
      { "timestamp": "1677535907", "avgGwei": "20" },
      { "timestamp": "1677622307", "avgGwei": "20" },
      { "timestamp": "1677708707", "avgGwei": "20" },
      { "timestamp": "1677795107", "avgGwei": "20" },
      { "timestamp": "1677881507", "avgGwei": "20" },
      { "timestamp": "1677967907", "avgGwei": "20" },
      { "timestamp": "1678054307", "avgGwei": "20" },
      { "timestamp": "1678140707", "avgGwei": "20" }
    ],
    "dailyAvgUmaEthPrices": [
      { "timestamp": "1675635107", "avgPx": "0.001282731949657460" },
      { "timestamp": "1675721507", "avgPx": "0.001273962648367201" },
      { "timestamp": "1675807907", "avgPx": "0.001279102202416580" },
      { "timestamp": "1675894307", "avgPx": "0.001300405376158272" },
      { "timestamp": "1675980707", "avgPx": "0.001302602831343059" },
      { "timestamp": "1676067107", "avgPx": "0.001235802735187271" },
      { "timestamp": "1676153507", "avgPx": "0.001256694226515733" },
      { "timestamp": "1676239907", "avgPx": "0.001269330968903406" },
      { "timestamp": "1676326307", "avgPx": "0.001258071166649994" },
      { "timestamp": "1676412707", "avgPx": "0.001262891981326949" },
      { "timestamp": "1676499107", "avgPx": "0.001265360092991587" },
      { "timestamp": "1676585507", "avgPx": "0.001241785903141964" },
      { "timestamp": "1676671907", "avgPx": "0.001228818716998624" },
      { "timestamp": "1676758307", "avgPx": "0.001260134398803018" },
      { "timestamp": "1676844707", "avgPx": "0.001264835595233142" },
      { "timestamp": "1676931107", "avgPx": "0.001351462652979876" },
      { "timestamp": "1677017507", "avgPx": "0.001324326034285863" },
      { "timestamp": "1677103907",