{
    "votingContractAddress": "0x004395edb43EFca9885CEdad51EC9fAf93Bd34ac",
    "rebate": 37,
    "fromBlock": 18251965,
    "toBlock": 18473543,
    "countVoters": 106,
    "totalRebateAmount": 4.8011676000444465,
    "shareholderPayout": {
        "0xc74A73576F9ca7C88C905EdcC5F0f5F339d52380": 0.03684433050329085,
        "0xDCf99bA641c98E37dF8ea31188aD7E7Fa5501B09": 0.05158636072617711,
        "0x3B271e8F1409E8e90c484d3591143bd7e1d2A177": 0.048235050021491914,
        "0xfD8355b24aB8815cA2d76d1E495DC29B4330241f": 0.06239086073380092,
        "0xdE0AEf70a7ae324045B7722C903aaaec2ac175F5": 0.002680810374438318,
        "0xf445567E961c533e26430005c142DEe831A6376e": 0.02201101270727244,
        "0xd9AaeEAa94FAD39bAf37B713E833105227bf1476": 0.03975591585132214,
        "0xc0407366A1435d16F9643B350A5bEA264C751B81": 0.00082070389659244,
        "0x4c9F7207be28278b9DCA129f2e211AcfFf48Fb01": 0.04170368425276973,
        "0x9BC114CbDf47021f15416e720bC71b5341120E87": 0.04060627426123418,
        "0xe6b5A31d8bb53D2C769864aC137fe25F4989f1fd": 0.04828553162064355,
        "0xbbf01C2c007F2fE5D2e26dBc6Ad0b45C61D6D765": 0.05821765203225711,
        "0x08A8F08bd1e7eAF0d1eC7E81b60E194ea783B996": 0.06135163524524032,
        "0x2367432dc27E2e96b7AB8a0b0e4fCb28Dd5a1C1F": 0.04873974837257576,
        "0x4ddd9aF5f091A11438f3C4F618F1257D6D660Cb2": 0.04491951480664955,
        "0xDF67cbA8261c6D8C15c735009F61e2CC9F852DE3": 0.04637396158016491,
        "0xa31c2232842e631cCb2d2E4110B356Bab21E6020": 0.03678458563985258,
        "0xB72d332C48066f849cB521a64a4089ae5242164F": 0.001428181989432222,
        "0xDd4B9851525bc838a5aAf3e4464B0456b4a22C31": 0.01448086158981288,
        "0x2B6561E955965DB87f48963E1573F819c31CDAf0": 0.06449493151913582,
        "0xA7b9D5Fc54eb3FfE1985a10e28d045a9b89487D0": 0.04025288437367331,
        "0x69D0341d380a1229f4751a0A721345dBc716586C": 0.13593394970423167,
        "0x30b2DAEb3757B6C7462cd0D776828F8d7398BE50": 0.035119036371788565,
        "0xaF4C815CF13Bc8671a2a12BdE62aABEC24651ccC": 0.049523187497026395,
        "0x6147d56b02faBD35cd9fC2B80a60276cDf089521": 0.049359751380491576,
        "0x4f49D938c3Ad2437c52eb314F9bD7Bdb7FA58Da9": 0.053637883426798184,
        "0x6aEdb6460ABAE82F5ED77aF1d5e9Fe6F701d8c4A": 0.05413274885357086,
        "0x8f808E2C5Dd3941961946A5F3fd677E2592ee814": 0.047482816980771135,
        "0x6573e30Ee0ad46BC9aFA0C2aDb0D3f147D658EFE": 0.09264428130789171,
        "0xE708e10a80c8FcFF34e7d6715446D7820318b0D5": 0.051536612249023846,
        "0xD431B7c1433FbA9a5aa5330E5211F4773B95E9d9": 0.05256854621878787,
        "0x45F2aBcE86a938Bb4d4633048dfA15bED7A5E310": 0.04790101541161434,
        "0x126db3213b309A8D554594e591e614425cCaC78e": 0.06150521794628429,
        "0xD9F9F15e1DCdA849a48EE048892C9B31287C7598": 0.06158353049101064,
        "0x64f7354Fb18B7CeE35746078E1521B93feE6E061": 0.016641957309334276,
        "0xC03808e0Af01563A739e408268d5517Dd7d710f3": 0.05441486926204052,
        "0x5bdAfB8d0270F2833433CCd77493dC40BA94C0f6": 0.05700486425530883,
        "0x99BcEa6bB0403927fB3c038163478D5b42082Fd9": 0.0485760462789253,
        "0x7F063438C5f3b7d90e4C48477618A927373b7c49": 0.00316528270778268,
        "0xF9D0De258931D88E370245Ebf8b40119EC91912b": 0.07020705066588213,
        "0x336B9DE28D67D692C31DF93A9b8630B2Fa50d88f": 0.08551668960644251,
        "0x2993dB31D165c33D848e44A1C26a805bA411d324": 0.04724792411276846,
        "0xe8b0a13e65Cc30E142EB125bFA3Fb4DE3a190ad8": 0.08567280529128982,
        "0x61C196c7415643b7651a1c63F83263Fa976F5bB1": 0.04639643614751141,
        "0x66b5409f52d23ef87bDBfaa7312F8D790755fE13": 0.06427794561066397,
        "0xb5eeDdFF4641Fea71C0b9A344AEd1a49E38e55d5": 0.06477331366965235,
        "0x7c8eba6dF6115D4C9A84E83F77B7E6Bb9d266c2A": 0.06470134203119389,
        "0x96c00fDDa3f3129A55C0Bc9b48Ef504C3D5594e4": 0.04667992679931418,
        "0xA4e3555ab4Bb3edD2F50b82279d30D6b49261FCc": 0.049999443182643655,
        "0x4B8aef878255F6242606Fe5e73D659004F5A34fA": 0.054887168322658955,
        "0xD2A78Bb82389D30075144d17E782964918999F7f": 0.05368611690022601,
        "0xc3d26aa4954816330C5ffc9bb2d46acbCEaff130": 0.04712720402727105,
        "0x2108a6d1f32D1A932431d64E3328D1d45bD0520f": 0.052736305496171185,
        "0x2cf6988D57d0df95d3FF37CDfBFe0520F15c860F": 0.069321594033933,
        "0x07148984389eddf3A188943807310EA9E22Cef50": 0.0625876485627523,
        "0x7ceb2a5C3395A5cfE09B66E7cEd496061301c316": 0.06708516500685731,
        "0xB2d61A9FB039CAd0Eb9d44FC19A2684Db3343d22": 0.04871220147360674,
        "0xFB9D972a3CB1C8Fdda9b2dd973C15047a9e56c17": 0.05013655024280792,
        "0x85f545CEeB98c8FB47C9d4411450D018Cf1E3064": 0.04918171037170663,
        "0x2967C076182F0303037072670e744e26Ed4A830f": 0.06854624845593452,
        "0x644a7FF3CDFF23C3F10F25807A40Fa48AFF34885": 0.055635129101961854,
        "0x261c30aD69C3A89942F6C815914D004dD1fc4126": 0.04617906791036017,
        "0xaE90B9bc86DBa4D1C0ff98c496df2331220FC2cd": 0.06790981705970656,
        "0x9b8f31D4A132cFd3425EEf49076e56e60Dc1Ed2F": 0.05921817610096678,
        "0x260D417fBD1716B1375CD311f8a6677c4a780B3A": 0.06985309945236598,
        "0x4d7ef23add041e515077233023a6B9A9995e32BE": 0.043938517732479074,
        "0x11eFc2638184a0382BF1bb29C4047c6111F8f3C7": 0.08492461063983925,
        "0x7cac2ab1CF9dc459ca88A85D72Ac94DE2691f1E5": 0.0803469879931157,
        "0xFc204FCfd2A579157898A212ea25Ac98de2b1E1C": 0.08434980875511165,
        "0x2A0e2e3bcC873a6fBD6687b4E4EEb4F8B74AF129": 0.04644674496370549,
        "0xfEc2Ade141272f5271FEbaDFca5d21Ca30fc04a5": 0.05593964144125568,
        "0xe63757E3cD485C9b35b3a972fFFA2d91B8649483": 0.03971431624797706,
        "0xAC465fF0D29d973A8D2Bae73DCF6404dD05Ae2c9": 0.04557158921801942,
        "0x996d5138843993Cebc554c20d82310a43802aFF1": 0.05141830274299815,
        "0xF7f4D519280c1105D9A1C573AD1750Ee198aBcB7": 0.005813606766799401,
        "0x128b7E7F0Bfa7CdA46bB4728A0DA88dBaA095026": 0.062421922410420896,
        "0x3D65eD138686e2AD54006d4Db83aD4597D645370": 0.06803400162256018,
        "0x1DE746BB64222C304b38F84613745323cB6C7fC1": 0.0702902129423901,
        "0xCf7cdBBbf4be10b5f716b297B53d369626a8AA57": 0.001658878365614554,
        "0x82b6a4Ebc3904b7aABD4E85510045EFf0d43a6Bd": 0.06062151243277222,
        "0x9B6f4d48fD61313204F7C8fBe9dFeC6384aA4cEd": 0.04429617506157721,
        "0x51FcFc7D4A032478B8919e30cE52B39FbE823Fe8": 0.05893840404154817,
        "0x519EbeDCb61498e2EBabE8D8b9FF8B168Fa5fB3b": 0.06340122324767498,
        "0x8A752066907ECc34Bb2a37f08C69701110aB04f1": 0.003043785344699104,
        "0x1fdef3D3c7984a945008C253caA6cf380fDdb16f": 0.02199614369422865,
        "0x48c7e0db3DAd3FE4Eb0513b86fe5C38ebB4E0F91": 0.001410122849472906,
        "0x62763A0D45Eb16EFe2B9f2f30743BE0e6ec3A207": 0.04183380399025934,
        "0xbd5eb58790C4C8FE959f8Ea9d736DB3619A59300": 0.03914132958152052,
        "0x0a01f4A6711012157C1B33aD9c01aF7F526962f5": 0.04266217572639787,
        "0x7e367235eF80109531113d8284A5593Ba6A40c22": 0.02431784018902923,
        "0x97593dE6d3143B7D64A9B5304de3B23FEB920D61": 0.001346291312424315,
        "0xb81C51ebD858A042f0b09b8C314E65C52565dF46": 0.015436106124962004,
        "0x8bd7B5E860998607715Da42944cc9DE3486A3Ae2": 0.032275254021602105,
        "0xc540eb6c7B3e44Ef8A45dB3aD8618404bAEd88F6": 0.003125604999174077,
        "0x357A54465ed928C48C2A8bb0179DC67Ace5250f8": 0.06438755826058909,
        "0xcfc50541c3dEaf725ce738EF87Ace2Ad778Ba0C5": 0.05487042028033881,
        "0xa0457eD5a178A449056ECe8b5BD24602c2462751": 0.001874277173788074,
        "0x338b68bc9D1FbBb9300557D8E9Eac7c91Fe18a70": 0.000955910968924758,
        "0xBF3EBbABC80C24356332073c0e33DE12C6a53af3": 0.010242139014255058,
        "0x021F0b20dA3b0471c175fBC85eD5C09055FeC061": 0.04393998261188021,
        "0xeE160154b02A2e404c6c13ff0B28Ed76010cf07d": 0.014671667339234957,
        "0x07B83aD78CACb5a730D719902CF9Ef59fB38DA98": 0.03434305461406738,
        "0x0f8fe8e8B7Ad38615904a08e821E875fa19d8b67": 0.02405506875278356,