{
  "rebate": "5",
  "fromBlock": "11413784",
  "toBlock": 11720435,
  "shareHolderPayout": {
    "0x6888ff4be3262f3232e1c022de731680a16ddda7": 30.523393597866573,
    "0x976570852e478361d0ff78a892eb8e45bacc9375": 2.8320995374253592,
    "0xbc5fe3952a9f61e2cdef56b79d559d79b88969c3": 17.904625620542742,
    "0xbe3bf9bb42bf423695b792250be206c9a58e2de1": 23.739965451420804,
    "0x7c8eba6df6115d4c9a84e83f77b7e6bb9d266c2a": 0.6378727999966989,
    "0xde3af8bb46d556df3d7c99cc313c4b5713b4a5a5": 22.788495807311566,
    "0x797e1f1765a0071454f443114bf26a53f798c071": 44.037318570830955,
    "0x7fe4a6f6d37774e89568b31fa727176397d8873a": 4.598470382052565,
    "0x4a73243b237b7d4c931971d04558427a871ed0d2": 34.4881944144118,
    "0xdb2808ed6cf0b8b9686222689cf4f6e88e42b80a": 33.05791974008287,
    "0x49a8a045eae2c9d4a7c7e2919ba957064bd59252": 36.14481253012662,
    "0x2ea5b7c369cb88c171466bb6dcf3cbe1c508fbea": 35.724916720130295,
    "0x28efd202069c82e9df0dacffe1e7512d8e56bd2e": 4.5025964706156145,
    "0x49ceaeec7268289d70fcafc851d1157d37623aaf": 4.406112234505692,
    "0xfec2ade141272f5271febadfca5d21ca30fc04a5": 33.95431992314293,
    "0x94b1b210820029fa81cbdc3253b1103b16abfc34": 18.75604673045502,
    "0x4c39185a078b5666c372538231cb793a0928807b": 24.038322483339225,
    "0x120219511b9b0254e7d15014db83b8752289fda3": 35.940563090195305,
    "0xd2a78bb82389d30075144d17e782964918999f7f": 32.84752691586798,
    "0x7f491e497e85836e59d0188c35221d3d6fc92d6f": 34.53667701567027,
    "0x97745fccd81de84b572a1353680e3ab2f559bd33": 27.623903600710992,
    "0xadea8f6843a25e92122f19b42f1c1e5ced551a17": 6.213081430853566,
    "0xb45f42a58faa3f971ad52f132f45814448b2ea08": 1.9923114044044021,
    "0x705f6f04a718dcd6232f48d8fd69cf6c6ef7ef2a": 5.04272761506941,
    "0xccd9c5465fac5c0df86fd9b7d524a5949defcef6": 30.20323787767402,
    "0x8b64673c9a482913a6e2c1298637532947cd96ee": 29.203082532028112,
    "0x73faf4be6cb43489b8f6e8a4ed3ccd804eb18586": 8.974862062231924,
    "0x90dad690c82b6e52dc689fc9fdd01b99c50db7f3": 26.389463444752668,
    "0xf2bafa3cb26cfd8ddbfa5957eda9a77dffdea84e": 32.13930651381097,
    "0xfc119030940852a33fbb787a6fd086efcabe458f": 33.60875122293276,
    "0x73aa72cc803cb8706240aa2fdfde520088eeddfe": 21.643945144368487,
    "0xa631df8625ad8c287834c79d1fa6f32086cb23c3": 22.794211508147487,
    "0xf288464959a5dd1671bce3458a3a4ed0cc314e3c": 6.087476066580238,
    "0x980165226eab8d569640a981c68e04bc44067088": 40.868745030928324,
    "0x9fd8bf23c7a12d35656d07fd0527dec7a4a08c9c": 5.387940221161421,
    "0x09941beee359c0934e9c2575774acec7c6707f44": 21.20397660091534,
    "0x4472566fce8da1cb980cb9046fddfc04c26366e4": 12.604651140863282,
    "0xd5aff9f7c8821aa0ad92f8ecb5f699db03dedca3": 26.46004953282116,
    "0xed6bf5eeffdcff967184747648f1c3b578a2f430": 11.925542473839922,
    "0x7102e515f3754db44e645f936608bff8c2c7efe2": 11.758040499827121,
    "0x1a3f00a013670becaf3e51b5db8c0a530b5bf08f": 7.7221869467684945,
    "0xac465ff0d29d973a8d2bae73dcf6404dd05ae2c9": 7.4455394336375225,
    "0x04b7789f8b117e5ecd72c6bebe20a38d5be51d4f": 7.531196165222292,
    "0xedc63f732d61df2556fd3ae84f911a84ac64b4ba": 6.13406094187926,
    "0x4be80a823e619ef57a61cc19b6bfb72974df0604": 8.126010587503158,
    "0x8bd16de8938a2ad16794ac7e7502896f156e370c": 21.574243319481596,
    "0xe7b80338fe1645af7e6e1d160f538e04241b9288": 5.3745441471419175,
    "0x2f840532892f91811f99cdaec703f322a779cc66": 13.329899532307381,
    "0xe311958ac79b41bf3a0595470a964b8efbe0fb36": 25.152370876269014,
    "0xbf87c98f8a9c1f2a88b613813ec1e974105eb615": 23.856116584656455,
    "0x966cf5cd0624f1efcf21b0abc231a5ccc802b861": 11.165872626853517,
    "0x67d24f48f1b58c4d4dcda57ba2386dce76353fa2": 25.152177318144936,
    "0x985147809e9c0a677e9c9bed656c984be037d373": 3.8200038033379147,
    "0x8d680d96befc53d8b90f76d1e8e99e842b3387a2": 1.9476169050952017,
    "0xc3af88142c79324033be691875f9051f386213c2": 1.500826494801031,
    "0xc3e860af1fd9cbd53621bd56e53ec6e257e5bbdf": 12.030745658646651,
    "0x230e7f448f6ebc7c4433cce03ee92eeb81681a2c": 4.402735167286833,
    "0x1c494f1919c1512ebe74a5dcc17dac9a64069023": 3.497768079189991,
    "0xdc6b04b4e40fde7c0e9ee1171f913febdbb4b88b": 5.41115290725358,
    "0xe5ff2c80759db9408dc9fd22b155b851cd5aaa94": 3.8598580574199586,
    "0x0300f68f3c30e4655650d99c845a95e39875b75f": 1.5518379543196361,
    "0xf92d38c0478a1932300d17d4d3af5bf91da8bf14": 1.5307901021872,
    "0xaff5ccb996125dee3c12fbe4910b418c138646d0": 1.4735733560982451,
    "0x3f3b7d0f3da05f6cd44e9d35a9517b59c83ad560": 1.4546528655310245,
    "0xd7925984736824b4aecf8301c9aee211cd976494": 8.11636548964621,
    "0x40dcba8e2508ddaa687fc26f9491b8cca563c845": 6.230712876631901,
    "0xf18da2faba96793f02264d1a047790002f32010f": 6.231214361156849
  },
  "priceData": {
    "dailyAvgGasPrices": [
      { "timestamp": 1607385600, "avgGwei": "64.453892343" },
      { "timestamp": 1607472000, "avgGwei": "65.315353811" },
      { "timestamp": 1607558400, "avgGwei": "56.230297216" },
      { "timestamp": 1607644800, "avgGwei": "63.672809905" },
      { "timestamp": 1607731200, "avgGwei": "42.794623984" },
      { "timestamp": 1607817600, "avgGwei": "45.496784769" },
      { "timestamp": 1607904000, "avgGwei": "63.655438361" },
      { "timestamp": 1607990400, "avgGwei": "84.56057514" },
      { "timestamp": 1608076800, "avgGwei": "83.601467306" },
      { "timestamp": 1608163200, "avgGwei": "138.81753446" },
      { "timestamp": 1608249600, "avgGwei": "74.197672209" },
      { "timestamp": 1608336000, "avgGwei": "70.165553145" },
      { "timestamp": 1608422400, "avgGwei": "44.52518513" },
      { "timestamp": 1608508800, "avgGwei": "80.001622383" },
      { "timestamp": 1608595200, "avgGwei": "66.555945514" },
      { "timestamp": 1608681600, "avgGwei": "108.363073898" },
      { "timestamp": 1608768000, "avgGwei": "89.685037081" },
      { "timestamp": 1608854400, "avgGwei": "91.695148943" },
      { "timestamp": 1608940800, "avgGwei": "66.456740443" },
      { "timestamp": 1609027200, "avgGwei": "98.656135135" },
      { "timestamp": 1609113600, "avgGwei": "114.189559877" },
      { "timestamp": 1609200000, "avgGwei": "96.068312188" },
      { "timestamp": 1609286400, "avgGwei": "113.634752762" },
      { "timestamp": 1609372800, "avgGwei": "99.481529136" },
      { "timestamp": 1609459200, "avgGwei": "66.56041872" },
      { "timestamp": 1609545600, "avgGwei": "102.605721507" },
      { "timestamp": 1609632000, "avgGwei": "170.448206739" },
      { "timestamp": 1609718400, "avgGwei": "259.308818014" },
      { "timestamp": 1609804800, "avgGwei": "138.143515214" },
      { "timestamp": 1609891200, "avgGwei": "125.109768991" },
      { "timestamp": 1609977600, "avgGwei": "133.169446656" },
      { "timestamp": 1610064000, "avgGwei": "139.786171813" },
      { "timestamp": 1610150400, "avgGwei": "92.563339823" },
      { "timestamp": 1610236800, "avgGwei": "87.310659101" },
      { "timestamp": 1610323200, "avgGwei": "238.07511825" },
      { "timestamp": 1610409600, "avgGwei": "87.03198499" },
      { "timestamp": 1610496000, "avgGwei": "67.945681638" },
      { "timestamp": 1610582400, "avgGwei": "85.478387564" },
      { "timestamp": 1610668800, "avgGwei": "94.274611075" },
      { "timestamp": 1610755200, "avgGwei": "81.160820583" },
      { "timestamp": 1610841600, "avgGwei": "63.895643119" },
      { "timestamp": 1610928000, "avgGwei": "75.294263372" },
      { "timestamp": 1611014400, "avgGwei": "100.880101955" },
      { "timestamp": 1611100800, "avgGwei": "83.504044289" },
      { "timestamp": 1611187200, "avgGwei": "121.058979442" },
      { "timestamp": 1611273600, "avgGwei": "131.62195186" },
      { "timestamp": 1611360000, "avgGwei": "80.179001262" },
      { "timestamp": 1611446400, "avgGwei": "81.094537437" }
    ],
    "dailyAvgUmaEthPrices": [
      { "timestamp": 1607385600, "avgPx": "0.013241261931792613" },
      { "timestamp": 1607472000, "avgPx": "0.013216666215760007" },
      { "timestamp": 1607558400,