{
    "votingContractAddress": "0x004395edb43EFca9885CEdad51EC9fAf93Bd34ac",
    "rebate": 40,
    "fromBlock": 18908895,
    "toBlock": 19129889,
    "countVoters": 112,
    "totalRebateAmount": 5.408465437507955,
    "shareholderPayout": {
        "0x98120a431b7dfD64B1d2B52Ff8F793E2AcA53d70": 0.06474757799405295,
        "0x85f545CEeB98c8FB47C9d4411450D018Cf1E3064": 0.0613038363325533,
        "0xC03808e0Af01563A739e408268d5517Dd7d710f3": 0.06657538238924732,
        "0x9B6f4d48fD61313204F7C8fBe9dFeC6384aA4cEd": 0.061872050370393575,
        "0xF9D0De258931D88E370245Ebf8b40119EC91912b": 0.06825847866797566,
        "0x357A54465ed928C48C2A8bb0179DC67Ace5250f8": 0.05523794237885048,
        "0xc3d26aa4954816330C5ffc9bb2d46acbCEaff130": 0.05914087850650974,
        "0xD2A78Bb82389D30075144d17E782964918999F7f": 0.05970391708036565,
        "0x62763A0D45Eb16EFe2B9f2f30743BE0e6ec3A207": 0.06164209024105279,
        "0xd9AaeEAa94FAD39bAf37B713E833105227bf1476": 0.0574023515235096,
        "0x4ddd9aF5f091A11438f3C4F618F1257D6D660Cb2": 0.05574080057546355,
        "0xDd4B9851525bc838a5aAf3e4464B0456b4a22C31": 0.03625178733933087,
        "0x4f49D938c3Ad2437c52eb314F9bD7Bdb7FA58Da9": 0.06425708228241048,
        "0xfD8355b24aB8815cA2d76d1E495DC29B4330241f": 0.06625447028582715,
        "0x61C196c7415643b7651a1c63F83263Fa976F5bB1": 0.05249814065609155,
        "0xFa93E76Bb7de1071D6f9C0f77Af883c2a944B2d1": 0.06713803894132017,
        "0x99BcEa6bB0403927fB3c038163478D5b42082Fd9": 0.053109154268249456,
        "0x08A8F08bd1e7eAF0d1eC7E81b60E194ea783B996": 0.03929536100461834,
        "0xdF3aD3aD48fa33A4E9DC90Cc2e2b2b3480Df4807": 0.06402237204041601,
        "0xA208BC6f328401efA313Ccce9B288B7048028AE9": 0.03246806831202839,
        "0x9BC114CbDf47021f15416e720bC71b5341120E87": 0.06899980921418555,
        "0x69D0341d380a1229f4751a0A721345dBc716586C": 0.05895990279436061,
        "0x974D9A1A88A6280e742dC4BA3E886d8DC9890fb8": 0.057532716945130416,
        "0x07B83aD78CACb5a730D719902CF9Ef59fB38DA98": 0.08980793209186896,
        "0xA7b9D5Fc54eb3FfE1985a10e28d045a9b89487D0": 0.0645306730115815,
        "0xF6aE6dF55d8108B2f22A13e14CFbdCdf62630439": 0.028097526107705738,
        "0x3eEB232Ee30D07Cf88720AC285Dd503067F6543a": 0.0238943832673384,
        "0x8bd7B5E860998607715Da42944cc9DE3486A3Ae2": 0.061009361607679266,
        "0xD431B7c1433FbA9a5aa5330E5211F4773B95E9d9": 0.06255645706954353,
        "0xE708e10a80c8FcFF34e7d6715446D7820318b0D5": 0.06434788440846151,
        "0xD25f7e77386F9f797b64E878A3D060956de99163": 0.005956007584719089,
        "0xaF4C815CF13Bc8671a2a12BdE62aABEC24651ccC": 0.07784728155106083,
        "0x6147d56b02faBD35cd9fC2B80a60276cDf089521": 0.07889508662344302,
        "0xD9F9F15e1DCdA849a48EE048892C9B31287C7598": 0.08173383359559723,
        "0x4B8aef878255F6242606Fe5e73D659004F5A34fA": 0.06812243623888568,
        "0x47A40A367b3298BE3da3BdE3994c5342e26f368b": 0.02574819624727747,
        "0x2B6561E955965DB87f48963E1573F819c31CDAf0": 0.06244482718784682,
        "0xDCf99bA641c98E37dF8ea31188aD7E7Fa5501B09": 0.06946946842247179,
        "0x3B271e8F1409E8e90c484d3591143bd7e1d2A177": 0.07348919721302904,
        "0x51FcFc7D4A032478B8919e30cE52B39FbE823Fe8": 0.04021947944063009,
        "0x519EbeDCb61498e2EBabE8D8b9FF8B168Fa5fB3b": 0.04212027151755502,
        "0x6aEdb6460ABAE82F5ED77aF1d5e9Fe6F701d8c4A": 0.07081335144613413,
        "0x2cf6988D57d0df95d3FF37CDfBFe0520F15c860F": 0.08236551900032632,
        "0xe6b5A31d8bb53D2C769864aC137fe25F4989f1fd": 0.05624718427132669,
        "0x7ceb2a5C3395A5cfE09B66E7cEd496061301c316": 0.03226711386446916,
        "0xb5eeDdFF4641Fea71C0b9A344AEd1a49E38e55d5": 0.07760278943140178,
        "0x66b5409f52d23ef87bDBfaa7312F8D790755fE13": 0.08231024081843127,
        "0xe8b0a13e65Cc30E142EB125bFA3Fb4DE3a190ad8": 0.07793819120736487,
        "0x996d5138843993Cebc554c20d82310a43802aFF1": 0.07576244606364518,
        "0x126db3213b309A8D554594e591e614425cCaC78e": 0.07090757256074354,
        "0x336B9DE28D67D692C31DF93A9b8630B2Fa50d88f": 0.07761799170350756,
        "0x2108a6d1f32D1A932431d64E3328D1d45bD0520f": 0.06622842511088894,
        "0x261c30aD69C3A89942F6C815914D004dD1fc4126": 0.058457661283428115,
        "0xd17EB770E4E209C186cEDA0d7E09bFC03D792b36": 0.059930621889649906,
        "0x3D65eD138686e2AD54006d4Db83aD4597D645370": 0.07480555413015326,
        "0x1DE746BB64222C304b38F84613745323cB6C7fC1": 0.06192141734210918,
        "0x2b433E0D9E38Df82Ec700679B98643ba5Ff4a9FA": 0.07198394686093329,
        "0xc675Db75C736e3eB89541C27CA26DEAf274cfCDC": 0.049019144417014916,
        "0xDF67cbA8261c6D8C15c735009F61e2CC9F852DE3": 0.06282084425149846,
        "0x8D4c39b6A9c7cec94Cffef12f4eC019765b4128e": 0.07961886665819831,
        "0xfEc2Ade141272f5271FEbaDFca5d21Ca30fc04a5": 0.07925642734469618,
        "0x6573e30Ee0ad46BC9aFA0C2aDb0D3f147D658EFE": 0.06201098165177697,
        "0x0a01f4A6711012157C1B33aD9c01aF7F526962f5": 0.07345890990859745,
        "0xAC465fF0D29d973A8D2Bae73DCF6404dD05Ae2c9": 0.0421684511376988,
        "0xe63757E3cD485C9b35b3a972fFFA2d91B8649483": 0.06022606780403109,
        "0x82b6a4Ebc3904b7aABD4E85510045EFf0d43a6Bd": 0.051280819936897794,
        "0x30b2DAEb3757B6C7462cd0D776828F8d7398BE50": 0.05279941005858141,
        "0x2f8320C2Dc28681Aa5BBF92e79C37BE656a7D5F1": 0.07684213967235975,
        "0x7cac2ab1CF9dc459ca88A85D72Ac94DE2691f1E5": 0.08071284958205074,
        "0x11eFc2638184a0382BF1bb29C4047c6111F8f3C7": 0.08101911512548841,
        "0x96c00fDDa3f3129A55C0Bc9b48Ef504C3D5594e4": 0.06082470036089299,
        "0x128b7E7F0Bfa7CdA46bB4728A0DA88dBaA095026": 0.05978814624009676,
        "0x7c8eba6dF6115D4C9A84E83F77B7E6Bb9d266c2A": 0.05354989518540705,
        "0xcfc50541c3dEaf725ce738EF87Ace2Ad778Ba0C5": 0.06409061815124947,
        "0x6dC894E9A906D0FE3b710724746dB84FE36190e1": 0.05016233106283601,
        "0x9b8f31D4A132cFd3425EEf49076e56e60Dc1Ed2F": 0.04782416393993562,
        "0xaE90B9bc86DBa4D1C0ff98c496df2331220FC2cd": 0.0451644058202043,
        "0x260D417fBD1716B1375CD311f8a6677c4a780B3A": 0.04643514424824915,
        "0x7e367235eF80109531113d8284A5593Ba6A40c22": 0.049972403234924766,
        "0x644a7FF3CDFF23C3F10F25807A40Fa48AFF34885": 0.0324709853378098,
        "0xdE0AEf70a7ae324045B7722C903aaaec2ac175F5": 0.11498857808965353,
        "0xeE160154b02A2e404c6c13ff0B28Ed76010cf07d": 0.010227409801043945,
        "0xB2d61A9FB039CAd0Eb9d44FC19A2684Db3343d22": 0.021026384356278762,
        "0xFB9D972a3CB1C8Fdda9b2dd973C15047a9e56c17": 0.02137652633377634,
        "0xa2E5Dbd496e25A194a11FC3e4Ad5AdA199e827F4": 0.04234436186346998,
        "0xFDBb6FA945c73712856738021b9E52A8C1F7bE7f": 0.027248021854392814,
        "0x2D332737C1EbBF86b21E78D82640aD7E3Be7a4C6": 0.030977084525642386,
        "0xf062D1B3f658ad32f7896A76807b05BA7a9e7720": 0.006004594191959244,
        "0x7a03C9591D60666982d755B009f51186A33a965e": 0.006153185015026362,
        "0x314C0695273Ba259Bb60074f2C92c67AC7ae6D40": 0.008942522976274143,
        "0x70b57B6B165BA4Af2fC9A10eB0474c163D2A12d5": 0.00567361010284522,
        "0x47AA7349F3B2A60C39bB17d3cf5706C84Fc3b04c": 0.004873445757972514,
        "0xcfB331ADE6D66Ad1cB6765a2dD51aD3Aa9A1400E": 0.028866383911409027,
        "0xa7C22C77AfA2FF393467cfd8f1D9fAB5e3d7a043": 0.0257571555202,
        "0xEEd7e1c7c9c68611584e8f6230178Ce0A48Eef7F": 0.001637935819732431,
        "0xbd5eb58790C4C8FE959f8Ea9d736DB3619A59300": 0.032693390409918914,
        "0x22A82e984ba675aCfba95B97BF1369b871490519": 0.008310461230739854,
        "0x32a59b87352e980dD6aB1bAF462696D28e63525D": 0.02550992543660835,
        "0xB91448C245Ef30f5F23E63D13598D3bc16E14f7E": 0.002657207889029817,
        "0x0385B3f60a6f5f7de432244a9021a52BAeeb2796": 0.002386474893387795,
        "0xf9486539799fEC4b75F57D5196E65b73b3356032": 0.01836591021268342,
        "0x48c789Ba099a7D297b42F8A706728AE0606DD8CF": 0.00232390192716213,
        "0xCcD9C5465faC5C0Df86fD9B7d524a5949dEFcef6": 0.02316664223404801,