{
  "votingContractAddress": "0x8B1631ab830d11531aE83725fDa4D86012eCCd77",
  "rebate": "25",
  "fromBlock": "15480231",
  "toBlock": 15677119,
  "shareHolderPayout": {
    "0xee160154b02a2e404c6c13ff0b28ed76010cf07d": 25.1119625,
    "0xf9d0de258931d88e370245ebf8b40119ec91912b": 20.647037500000003,
    "0x110f0b1faa1cb6eed49883f960808c95f609f6fd": 43.07212499999999,
    "0x433219bf17ee5b210d472270d9e0eb6a57ae5fb2": 8.7565875,
    "0xd2a78bb82389d30075144d17e782964918999f7f": 24.901074999999995,
    "0xd9f9f15e1dcda849a48ee048892c9b31287c7598": 23.8879375,
    "0xa3f76c31f57da65b0ce84c64c25e61bf38c86bed": 22.4101625,
    "0xdb2808ed6cf0b8b9686222689cf4f6e88e42b80a": 22.433,
    "0xfc204fcfd2a579157898a212ea25ac98de2b1e1c": 24.902274999999996,
    "0xe47df6ddf4022ec7d37e31325e0fe982eff3ef41": 14.087025,
    "0xe63757e3cd485c9b35b3a972fffa2d91b8649483": 24.071924999999997,
    "0xd1f8f4e8c4ae63964efb761a97503c128b7fa732": 17.122062500000002,
    "0xdf67cba8261c6d8c15c735009f61e2cc9f852de3": 25.335037499999995,
    "0xa4e3555ab4bb3edd2f50b82279d30d6b49261fcc": 21.8138,
    "0x2367432dc27e2e96b7ab8a0b0e4fcb28dd5a1c1f": 24.448475000000006,
    "0x5963d72760d2703c35b4b3cc7eda0b425d10788d": 23.200975000000003,
    "0xe6b5a31d8bb53d2c769864ac137fe25f4989f1fd": 20.990650000000002,
    "0x47e87a4429636a7bbebaff101c9697e3941ce117": 22.1793,
    "0x7cc541816b921bc5a172b6b10fa396664a6d2164": 22.5978375,
    "0x7da740d237575470b19284ec013fb5ea1f680f00": 13.378187500000001,
    "0x8b64673c9a482913a6e2c1298637532947cd96ee": 26.3506125,
    "0x07148984389eddf3a188943807310ea9e22cef50": 8.761225,
    "0x31a4c53be2356b09220d348508b97ed9b26a6c30": 14.041975000000003,
    "0xeed339990e56ac554215ae9e1aa8d81a6e40b84b": 20.422849999999997,
    "0xac465ff0d29d973a8d2bae73dcf6404dd05ae2c9": 11.792349999999999,
    "0x6352f003ca2ee26e2e6fa2077acaaaa29184cd3d": 20.742987499999998,
    "0x80cd5224a98ee004229bb1e6a59c829501f94b72": 23.1189375,
    "0xdb19c47e87ed3ff37425a99b9dee1f4920f755b9": 19.8340125,
    "0xb17d5db0ec93331271ed2f3fffebe4e5b790d97e": 7.963175,
    "0x2b6561e955965db87f48963e1573f819c31cdaf0": 19.4934,
    "0x30b2daeb3757b6c7462cd0d776828f8d7398be50": 17.6915625,
    "0x803585733d4554e712dcacc2acea3a23b96de1e0": 19.493850000000002,
    "0xb5eeddff4641fea71c0b9a344aed1a49e38e55d5": 14.7665375,
    "0xd9aaeeaa94fad39baf37b713e833105227bf1476": 19.6013,
    "0x69d0341d380a1229f4751a0a721345dbc716586c": 20.225575000000003,
    "0xcfc50541c3deaf725ce738ef87ace2ad778ba0c5": 10.084812500000002,
    "0x7b2483d0f917a4f7a04d1e13743c99ad9d249462": 14.939975,
    "0x914370354cefac2202c46d933685e87f05c7d718": 6.9474,
    "0x48c7e0db3dad3fe4eb0513b86fe5c38ebb4e0f91": 14.2159625,
    "0xd7925984736824b4aecf8301c9aee211cd976494": 5.06405,
    "0xfec2ade141272f5271febadfca5d21ca30fc04a5": 10.8288625,
    "0xb3cbbc13106d3e1f1f68a7b7a19e8c69e3c3aca4": 10.735325,
    "0xf445567e961c533e26430005c142dee831a6376e": 13.0030125,
    "0x7f1c6e55c5bec9a47a3a7f4c17d2d31d38ddc2aa": 4.252175,
    "0x239b74c2e5505634b7c38c8eeb1de385a16e24e2": 11.0511,
    "0xea7c2df8ab95bf0af91f8e4034b493733aca21df": 15.652662499999998,
    "0x7e367235ef80109531113d8284a5593ba6a40c22": 9.7772,
    "0x384d91e6b8d032ab9d844eb58b85df6543e616f0": 15.5300875,
    "0x8348c5ec31d486e6e4207fc0b17a906a0806550d": 15.0265875,
    "0x0bfd7ae78ed2b89f7e7d85938e9317b5d494047b": 11.05125,
    "0x34d35d8846a071bcbd011f728b0d3f52fa375b07": 3.2823875,
    "0x30daba789bf9390a75d6b4f0efd21eff03f16c19": 8.8145875,
    "0x2e47e3f888d561c28ffa2a7fe3a2b2794778de0a": 7.4459625,
    "0x9a97c80956bce4dd87c2df6a93900dbfcbf0d60a": 10.2177375,
    "0x30ba060f0b4ead43e24593bf71e907f397baf532": 12.33465,
    "0xe6fcb51c7ee5d15a5c8fc2b23d167db6a963c799": 5.383775,
    "0x01371b3ff34e1bbcf599aede17e3f211f6974953": 5.525475,
    "0x9b6f4d48fd61313204f7c8fbe9dfec6384aa4ced": 2.1262375,
    "0x4cbacd6821b53ea9a41e8383303b8a78e3a9edfa": 16.5494375,
    "0x336b9de28d67d692c31df93a9b8630b2fa50d88f": 15.335887499999998,
    "0xb0903a62f5ca7a215aa67232ba691cb801decd5b": 15.478337499999999,
    "0x4b070c428ddbb49524abf2d4be4998c1e3b6f3a5": 15.4786375,
    "0xabbcf7b0735e4eb152fd13fa02691cc046fac0bd": 9.026412500000001,
    "0x66b5409f52d23ef87bdbfaa7312f8d790755fe13": 10.353737500000001,
    "0x49e0cdd718d330e5a27856256236b4e56a76d3fb": 15.6523625,
    "0xc3d26aa4954816330c5ffc9bb2d46acbceaff130": 15.6526625,
    "0x2cf6988d57d0df95d3ff37cdfbfe0520f15c860f": 15.303112500000001,
    "0x8a6800c753ed8ed19e0df473a97a7a94b2cecf54": 6.38025,
    "0x96c00fdda3f3129a55c0bc9b48ef504c3d5594e4": 14.987237499999999,
    "0x3d88456277e32d62575267c3564b72387c3f21f7": 15.5100625,
    "0x1be514893bfd6f13f508a71a37b0246ed7b4bb8a": 15.304162499999999,
    "0x9e3a4ed4eea5c27a5e82a32e90482a4827a4ae80": 15.477887500000001,
    "0x3d65ed138686e2ad54006d4db83ad4597d645370": 12.334800000000001,
    "0x87d1465044ddb9bf2e5fb189067cb340a7b0074a": 8.8914375,
    "0x969397c71eb51f7fdcf6527db4d97871b05d6f63": 9.0261125,
    "0x0a01f4a6711012157c1b33ad9c01af7f526962f5": 11.195675,
    "0x1fdef3d3c7984a945008c253caa6cf380fddb16f": 14.9553625,
    "0xdcf99ba641c98e37df8ea31188ad7e7fa5501b09": 15.6526625,
    "0x3b271e8f1409e8e90c484d3591143bd7e1d2a177": 15.6523625,
    "0x11efc2638184a0382bf1bb29c4047c6111f8f3c7": 15.6525125,
    "0x7cac2ab1cf9dc459ca88a85d72ac94de2691f1e5": 15.6517625,
    "0x82b6a4ebc3904b7aabd4e85510045eff0d43a6bd": 9.026562499999999,
    "0x469f91dc3253165f52bb56eaa4aee838c1c7822d": 12.547575,
    "0xacd3dc5c6f9cb967b5e1f719001e85039b0c976f": 12.903400000000001,
    "0xbca0fd352dce62fa1b7c7f9fa8f0c1de7fef09d9": 13.613199999999999
  },
  "priceData": {
    "dailyAvgGasPrices": [
      { "timestamp": "1662414311", "avgGwei": "20" },
      { "timestamp": "1662500711", "avgGwei": "20" },
      { "timestamp": "1662587111", "avgGwei": "20" },
      { "timestamp": "1662673511", "avgGwei": "20" },
      { "timestamp": "1662759911", "avgGwei": "20" },
      { "timestamp": "1662846311", "avgGwei": "20" },
      { "timestamp": "1662932711", "avgGwei": "20" },
      { "timestamp": "1663019111", "avgGwei": "20" },
      { "timestamp": "1663105511", "avgGwei": "20" },
      { "timestamp": "1663191911", "avgGwei": "20" },
      { "timestamp": "1663278311", "avgGwei": "20" },
      { "timestamp": "1663364711", "avgGwei": "20" },
      { "timestamp": "1663451111", "avgGwei": "20" },
      { "timestamp": "1663537511", "avgGwei": "20" },
      { "timestamp": "1663623911", "avgGwei": "20" },
      { "timestamp": "1663710311", "avgGwei": "20" },
      { "timestamp": "1663796711", "avgGwei": "20" },
      { "timestamp": "1663883111", "avgGwei": "20" },
      { "timestamp": "1663969511", "avgGwei": "20" },
      { "timestamp": "1664055911", "avgGwei": "20" },
      { "timestamp": "1664142311", "avgGwei": "20" },
      { "timestamp": "1664228711", "avgGwei": "20" },
      { "timestamp": "1664315111", "avgGwei": "20" },
      { "timestamp": "1664401511", "avgGwei": "20" },
      { "timestamp": "1664487911", "avgGwei": "20" },
      { "timestamp": "1664574311", "avgGwei": "20" },
      { "timestamp": "1664660711", "avgGwei": "20" },
      { "timestamp": "1664747111", "avgGwei": "20" },
      { "timestamp": "1664833511", "avgGwei": "20" }
    ],
    "dailyAvgUmaEthPrices": [
      { "timestamp": "1662414311", "avgPx": "0.001600000000000000" },
      { "timestamp": "1662500711", "avgPx": "0.001600000000000000" },
      { "timestamp": "1662587111", "avgPx": "0.001600000000000000" },
      { "timestamp": "1662673511", "avgPx": "0.001600000000000000" },
      { "timestamp": "1662759911", "avgPx": "0.001600000000000000" },
      { "timestamp": "1662846311", "avgPx": "0.001600000000000000" },
      { "timestamp": "1662932711", "avgPx": "0.001600000000000000" },
      { "timestamp": "1663019111", "avgPx": "0.001600000000000000" },
      { "timestamp": "1663105511", "avgPx": "0.001600000000000000" },
      { "timestamp": "1663191911",