{
  "votingContractAddress": "0x004395edb43EFca9885CEdad51EC9fAf93Bd34ac",
  "rebate": 31,
  "fromBlock": 16950603,
  "toBlock": 17155164,
  "countVoters": 97,
  "totalRebateAmount": 5192.531151008437,
  "shareholderPayout": {
    "0x49e0cdd718d330E5A27856256236b4e56a76D3fB": 53.82007613498279,
    "0x336B9DE28D67D692C31DF93A9b8630B2Fa50d88f": 69.43800605723645,
    "0xeE160154b02A2e404c6c13ff0B28Ed76010cf07d": 81.0315927183256,
    "0xDb1Ed00EBd95E74399F508B75203b3703EddaC8A": 9.383043380152792,
    "0x126db3213b309A8D554594e591e614425cCaC78e": 61.76725994538057,
    "0xfD8355b24aB8815cA2d76d1E495DC29B4330241f": 87.8325210656905,
    "0x9c2A25850a4f0DfdCc908fD97B4Ee221E7C30E2D": 2.405798136319814,
    "0xD2A78Bb82389D30075144d17E782964918999F7f": 68.25534985783972,
    "0x8A752066907ECc34Bb2a37f08C69701110aB04f1": 58.628721872189985,
    "0xc3d26aa4954816330C5ffc9bb2d46acbCEaff130": 74.02124691074752,
    "0x4B8aef878255F6242606Fe5e73D659004F5A34fA": 59.518963616342475,
    "0xb5eeDdFF4641Fea71C0b9A344AEd1a49E38e55d5": 84.61177559687992,
    "0x66b5409f52d23ef87bDBfaa7312F8D790755fE13": 82.34879461530483,
    "0x82b6a4Ebc3904b7aABD4E85510045EFf0d43a6Bd": 60.14393584945629,
    "0xA4e3555ab4Bb3edD2F50b82279d30D6b49261FCc": 66.95700596553222,
    "0x7e367235eF80109531113d8284A5593Ba6A40c22": 48.745444775748005,
    "0x2cf6988D57d0df95d3FF37CDfBFe0520F15c860F": 67.57569251045065,
    "0xd9AaeEAa94FAD39bAf37B713E833105227bf1476": 64.14215232569002,
    "0x9B6f4d48fD61313204F7C8fBe9dFeC6384aA4cEd": 63.85150848381116,
    "0xACD3DC5C6f9CB967B5e1F719001e85039B0C976F": 63.94512858183703,
    "0x30b2DAEb3757B6C7462cd0D776828F8d7398BE50": 67.51680701055781,
    "0x69D0341d380a1229f4751a0A721345dBc716586C": 140.8023787400271,
    "0xe6b5A31d8bb53D2C769864aC137fe25F4989f1fd": 66.39356324097292,
    "0x7b2483D0f917a4F7A04d1E13743C99ad9d249462": 63.755888639559146,
    "0x604b93b2C16554a39F1b136638E8B1a728e78Dfe": 26.00344558505515,
    "0xdebA18a1CD3fd1c8FE74640d3959bA03AC7DB5f3": 46.846195202109016,
    "0xe6Fcb51C7EE5D15A5C8fc2b23D167Db6A963c799": 52.897866616707674,
    "0x8B64673c9a482913a6e2c1298637532947cD96eE": 49.30513573714439,
    "0xA7b9D5Fc54eb3FfE1985a10e28d045a9b89487D0": 53.662943472978824,
    "0xE708e10a80c8FcFF34e7d6715446D7820318b0D5": 61.49697378871771,
    "0xD431B7c1433FbA9a5aa5330E5211F4773B95E9d9": 67.66827111710924,
    "0x4c9F7207be28278b9DCA129f2e211AcfFf48Fb01": 62.5580607343894,
    "0xDCf99bA641c98E37dF8ea31188aD7E7Fa5501B09": 53.2174783194054,
    "0x3B271e8F1409E8e90c484d3591143bd7e1d2A177": 59.566787628229385,
    "0x7ceb2a5C3395A5cfE09B66E7cEd496061301c316": 69.14694312316082,
    "0x07148984389eddf3A188943807310EA9E22Cef50": 76.58545496456337,
    "0x760680a3000397929aed8c1f0f56B8b1AA6F7777": 73.70343673768592,
    "0x2367432dc27E2e96b7AB8a0b0e4fCb28Dd5a1C1F": 67.6163651788459,
    "0x80Cd5224A98EE004229Bb1E6A59C829501F94B72": 74.64795376974581,
    "0xa31c2232842e631cCb2d2E4110B356Bab21E6020": 42.18889178094977,
    "0x820D47DBe4AC6eACE38656cb87077888330d918d": 75.6541503359007,
    "0x1BE514893Bfd6f13f508A71a37B0246Ed7b4Bb8a": 53.96933673917707,
    "0x9E3A4ed4Eea5C27A5e82A32E90482A4827a4ae80": 53.348223108591014,
    "0x42d5a071a91056aD50E344794b3Ff8653088b27f": 73.76262900936634,
    "0x9b8f31D4A132cFd3425EEf49076e56e60Dc1Ed2F": 72.91197943025499,
    "0x021F0b20dA3b0471c175fBC85eD5C09055FeC061": 62.933258286227364,
    "0x8A6800c753ed8ed19e0DF473A97a7a94b2cEcF54": 71.20364637940398,
    "0x0a01f4A6711012157C1B33aD9c01aF7F526962f5": 60.95715769628602,
    "0x48c7e0db3DAd3FE4Eb0513b86fe5C38ebB4E0F91": 53.136824304586945,
    "0xDF67cbA8261c6D8C15c735009F61e2CC9F852DE3": 68.57748077351692,
    "0x3D65eD138686e2AD54006d4Db83aD4597D645370": 81.95352808263185,
    "0x8bd7B5E860998607715Da42944cc9DE3486A3Ae2": 60.67669748679582,
    "0x644a7FF3CDFF23C3F10F25807A40Fa48AFF34885": 35.344617613510025,
    "0x3d88456277E32d62575267C3564b72387c3F21f7": 64.99227762039726,
    "0x110f0b1FAa1cB6EEd49883f960808C95F609f6fd": 63.2528896167018,
    "0x6aEdb6460ABAE82F5ED77aF1d5e9Fe6F701d8c4A": 62.6146018453423,
    "0x236cF8dDef00B3120C2dF989Fa9EE1F0eE629142": 32.3649172653033,
    "0xf445567E961c533e26430005c142DEe831A6376e": 48.44802383680849,
    "0xB0903A62F5cA7a215aa67232Ba691Cb801dECD5B": 60.401703054294146,
    "0xA3f76c31f57dA65B0ce84c64c25E61BF38c86BEd": 61.0927617013362,
    "0x47e87a4429636a7bbEBAfF101C9697E3941cE117": 20.033900787075154,
    "0x2A0e2e3bcC873a6fBD6687b4E4EEb4F8B74AF129": 73.50773995408662,
    "0x4f49D938c3Ad2437c52eb314F9bD7Bdb7FA58Da9": 36.15619354503064,
    "0xD9F9F15e1DCdA849a48EE048892C9B31287C7598": 87.77939263237131,
    "0x996d5138843993Cebc554c20d82310a43802aFF1": 77.7128660352981,
    "0x96c00fDDa3f3129A55C0Bc9b48Ef504C3D5594e4": 60.28957295374036,
    "0x12ea0CedBf9C1e83eA0174b653e95DE21E6d4B8D": 4.934536028579154,
    "0xe63757E3cD485C9b35b3a972fFFA2d91B8649483": 36.844350971350124,
    "0x7c8eba6dF6115D4C9A84E83F77B7E6Bb9d266c2A": 63.364631178702815,
    "0x11eFc2638184a0382BF1bb29C4047c6111F8f3C7": 81.65162241732519,
    "0x7cac2ab1CF9dc459ca88A85D72Ac94DE2691f1E5": 78.8490078955565,
    "0xFc204FCfd2A579157898A212ea25Ac98de2b1E1C": 90.48057513002664,
    "0xC03808e0Af01563A739e408268d5517Dd7d710f3": 61.930625013038494,
    "0xF9D0De258931D88E370245Ebf8b40119EC91912b": 68.63782989771242,
    "0xfEc2Ade141272f5271FEbaDFca5d21Ca30fc04a5": 73.66354857563326,
    "0xAC465fF0D29d973A8D2Bae73DCF6404dD05Ae2c9": 49.90405133720122,
    "0x6352f003cA2EE26e2E6fa2077acAaAA29184cD3D": 49.710239206300265,
    "0xac21e8867f4EC67fd1c03f0cfFB6c2961fD45a4b": 61.513377478214395,
    "0x429801692ae55C2D706Cf57276FE9f71aBccE3Cc": 26.450397057843283,
    "0x73faf5A1785fCf2588CbB47d1d4518a0Fb02C140": 1.9249893516021086,
    "0x99BcEa6bB0403927fB3c038163478D5b42082Fd9": 39.928420172008934,
    "0x45F2aBcE86a938Bb4d4633048dfA15bED7A5E310": 34.21872922704282,
    "0xcfc50541c3dEaf725ce738EF87Ace2Ad778Ba0C5": 65.66530679277459,
    "0x5eAF1AbCFd75c7cD8df59c1975D7B5BAeBcBB4AB": 9.906407026506287,
    "0x1BEd1c888e70De74a088198D55f4ddA46ebDc0Bf": 11.69330673183139,
    "0x2993dB31D165c33D848e44A1C26a805bA411d324": 50.236089009342734,
    "0xFB7c1D49e006eaDdff2385c7eF8B0C5Cf49d038A": 25.37218534699732,
    "0xBAb7CC30cBc02c2E830b6148bDC57D7f2c89f66A": 7.301577038929251,
    "0xb81C51ebD858A042f0b09b8C314E65C52565dF46": 6.971732689707684,
    "0x07B83aD78CACb5a730D719902CF9Ef59fB38DA98": 36.187488360567954,
    "0x111B4A009068b1C6170ceE5699014Bf9a59C8a1B": 11.104530478382484,
    "0x1fdef3D3c7984a945008C253caA6cf380fDdb16f": 22.08848894384452,
    "0x8e82b2F5eA453fa003B66B3D253dcdaeDbe12D60": 7.975485167909821,
    "0x342061D54cff1F4886aA3cfcfd2A9BaDc324bdf1": 20.57852158167095,
    "0xDF1D470f0f89F98b35CB4cA4Ae98732caD670057": 4.6720263475350965,
    "0x54B0353E3a4c7F63874DA3799DA8232e36935467": 7.8034772673318304,
    "0xBEeA589D9f610156A9Be124D21EDC1b7213dCE4b": 3.8863674050994845
  }
}
