{
  "rebate": "3",
  "fromBlock": 10996987,
  "toBlock": 11112533,
  "shareHolderPayout": {
    "0xde3af8bb46d556df3d7c99cc313c4b5713b4a5a5": 2.7300867759418597,
    "0x27243bb8a86c1bd978607e2261d08086c6d6b248": 1.3736778041016904,
    "0xfc119030940852a33fbb787a6fd086efcabe458f": 1.8932157619782044,
    "0xe311958ac79b41bf3a0595470a964b8efbe0fb36": 2.851125595056977,
    "0x797e1f1765a0071454f443114bf26a53f798c071": 1.977639335431454,
    "0x7fe4a6f6d37774e89568b31fa727176397d8873a": 0.7078026035279197,
    "0x6888ff4be3262f3232e1c022de731680a16ddda7": 1.3118025897686478,
    "0x28efd202069c82e9df0dacffe1e7512d8e56bd2e": 0.8589097098678824,
    "0xdb2808ed6cf0b8b9686222689cf4f6e88e42b80a": 1.734115438138058,
    "0xd6d6869333c5cbf3af8c973b17193d921dbe2df3": 1.7107316168665285,
    "0x4c39185a078b5666c372538231cb793a0928807b": 1.3117590371748957,
    "0x1aba978cf66d4bd8ce54ab5e3aaff177ab901fb6": 0.8710663659398752,
    "0x980165226eab8d569640a981c68e04bc44067088": 1.409659479587326,
    "0x2ea5b7c369cb88c171466bb6dcf3cbe1c508fbea": 1.43964468155432,
    "0x49a8a045eae2c9d4a7c7e2919ba957064bd59252": 1.4396063594530957,
    "0xfec2ade141272f5271febadfca5d21ca30fc04a5": 1.734002991589183,
    "0x7c8eba6df6115d4c9a84e83f77b7e6bb9d266c2a": 1.9684883828442759,
    "0x94b1b210820029fa81cbdc3253b1103b16abfc34": 1.2996791262588263,
    "0xd2a78bb82389d30075144d17e782964918999f7f": 1.7030812472979642,
    "0xccd9c5465fac5c0df86fd9b7d524a5949defcef6": 1.2711842995288167,
    "0xd5aff9f7c8821aa0ad92f8ecb5f699db03dedca3": 1.2579023826285605,
    "0x120219511b9b0254e7d15014db83b8752289fda3": 1.4018339794459365,
    "0x77c2401ca6ef5a13fe062102fd59ed4070a55c4d": 0.8336893109333645,
    "0xe7b80338fe1645af7e6e1d160f538e04241b9288": 1.158247146325039,
    "0x25125e438b7ae0f9ae8511d83abb0f4574217c7a": 0.8984442815142377,
    "0x4a73243b237b7d4c931971d04558427a871ed0d2": 0.8284394113653415,
    "0x230e7f448f6ebc7c4433cce03ee92eeb81681a2c": 0.8509677346904138,
    "0xf627e5f4bad95a956468d8bb6ee20b119f992e96": 0.8655748761772535,
    "0xbd1f7d88c76a86c60d41bddd4819fae404e7151e": 0.8655735505390287,
    "0x3f60a58dbaafc585bbcd2ab7b3b20e1fa3ff4d93": 0.4307203292363476,
    "0xb65a3bd2e3f4cc4ac58fcbafe0e6e06359994947": 0.49515961948794934,
    "0x7ebe10f8e493e848396839ec22d92001b82ea592": 0.842133545904293,
    "0x54653c50da197e3191a0f01af3d3f9d541ecf49f": 0.4491668499022154,
    "0xbc5fe3952a9f61e2cdef56b79d559d79b88969c3": 0.9700178349148523,
    "0x2319fc093bead97d0a5c329f09895031ca1ee955": 0.47840386890031195,
    "0xbe3bf9bb42bf423695b792250be206c9a58e2de1": 0.8654161960275369,
    "0xd7925984736824b4aecf8301c9aee211cd976494": 0.436807573038015,
    "0x1c190aea1409ac9036ed45e829de2018002ac3d7": 0.42470972963712883,
    "0x73aa72cc803cb8706240aa2fdfde520088eeddfe": 0.9700191902837172,
    "0x5347714a92f418b5ce26348b793ebeb5f32d5cd9": 0.4247863738395774,
    "0x2f840532892f91811f99cdaec703f322a779cc66": 0.8537762263347799,
    "0x8bd16de8938a2ad16794ac7e7502896f156e370c": 0.8536968713946016,
    "0x67d24f48f1b58c4d4dcda57ba2386dce76353fa2": 0.9934591949184529,
    "0xdc6b04b4e40fde7c0e9ee1171f913febdbb4b88b": 0.8538911926384527,
    "0xbf87c98f8a9c1f2a88b613813ec1e974105eb615": 0.9933441988841398,
    "0xed6bf5eeffdcff967184747648f1c3b578a2f430": 0.4308352955400205,
    "0x3ec5e7448fa428d6d5ee355f823d4fb2a4065f2e": 0.4174290467596921,
    "0x73faf4be6cb43489b8f6e8a4ed3ccd804eb18586": 0.4174238162671642,
    "0xedc63f732d61df2556fd3ae84f911a84ac64b4ba": 0.423021450120871,
    "0x47a82db2aa10e4031e0d27c77fb619ee1b072fc3": 0.4865022512262547,
    "0x8d680d96befc53d8b90f76d1e8e99e842b3387a2": 0.4920998850799615,
    "0x099686478448ce02f8e61c6b01904d0548daeae5": 0.4285794065044886,
    "0xbe79e74c32caad373b5841fd71ea647ee02aecdc": 0.4230955745685214,
    "0xa1e696c75222a076df50e8e823f716d95c1e0f53": 0.42306112759096015,
    "0x8b64673c9a482913a6e2c1298637532947cd96ee": 0.42865353095213904,
    "0x4be80a823e619ef57a61cc19b6bfb72974df0604": 0.42301621962834307,
    "0x47c2668f3f0e85abb6dceda02c9049eb804a1b79": 0.4174634937372534,
    "0x8aeecde253dea7b92a35bcea4072fd5a42193113": 0.4229765421582539,
    "0x976570852e478361d0ff78a892eb8e45bacc9375": 0.4809098478650758,
    "0x0056d1fd2ca3c0f3a7b6ed6cdd1f1f104b4bf9a9": 0.4230955745685214
  },
  "priceData": {
    "dailyAvgGasPrices": [
      { "timestamp": 1601856000, "avgGwei": "90.700178586" },
      { "timestamp": 1601942400, "avgGwei": "109.232953367" },
      { "timestamp": 1602028800, "avgGwei": "85.972225652" },
      { "timestamp": 1602115200, "avgGwei": "87.114899986" },
      { "timestamp": 1602201600, "avgGwei": "80.387358281" },
      { "timestamp": 1602288000, "avgGwei": "64.197264627" },
      { "timestamp": 1602374400, "avgGwei": "49.653860265" },
      { "timestamp": 1602460800, "avgGwei": "76.063541206" },
      { "timestamp": 1602547200, "avgGwei": "75.080099063" },
      { "timestamp": 1602633600, "avgGwei": "75.643030426" },
      { "timestamp": 1602720000, "avgGwei": "74.178882628" },
      { "timestamp": 1602806400, "avgGwei": "63.068023041" },
      { "timestamp": 1602892800, "avgGwei": "36.291623945" },
      { "timestamp": 1602979200, "avgGwei": "40.183042347" },
      { "timestamp": 1603065600, "avgGwei": "56.87311962" },
      { "timestamp": 1603152000, "avgGwei": "61.93556791" },
      { "timestamp": 1603238400, "avgGwei": "74.178258309" },
      { "timestamp": 1603324800, "avgGwei": "63.311659678" }
    ],
    "dailyAvgUmaEthPrices": [
      { "timestamp": 1601856000, "avgPx": "0.022765098701812588" },
      { "timestamp": 1601942400, "avgPx": "0.019891724918741242" },
      { "timestamp": 1602028800, "avgPx": "0.020136180212222892" },
      { "timestamp": 1602115200, "avgPx": "0.01926043910392333" },
      { "timestamp": 1602201600, "avgPx": "0.01747965992646863" },
      { "timestamp": 1602288000, "avgPx": "0.018579590606882662" },
      { "timestamp": 1602374400, "avgPx": "0.027563516470924435" },
      { "timestamp": 1602460800, "avgPx": "0.024149859472520144" },
      { "timestamp": 1602547200, "avgPx": "0.023510224125837788" },
      { "timestamp": 1602633600, "avgPx": "0.024535220167412743" },
      { "timestamp": 1602720000, "avgPx": "0.02412614984852237" },
      { "timestamp": 1602806400, "avgPx": "0.022035694807942704" },
      { "timestamp": 1602892800, "avgPx": "0.02164718201995063" },
      { "timestamp": 1602979200, "avgPx": "0.02082821470334218" },
      { "timestamp": 1603065600, "avgPx": "0.020211868669606118" },
      { "timestamp": 1603152000, "avgPx": "0.02418826547727156" },
      { "timestamp": 1603238400, "avgPx": "0.0224343713877744" },
      { "timestamp": 1603324800, "avgPx": "0.022055343310878658" }
    ]
  },
  "countVoters": 60,
  "uniqueIdentifiers": [
    "Admin 16-1602521399",
    "USDETH-1601457112",
    "USDETH-1601503200",
    "USDBTC-1601503200",
    "Admin 17-1603141493"
  ],
  "totalRebateAmount": 58.35188991088588
}
