{
  "votingContractAddress": "0x8B1631ab830d11531aE83725fDa4D86012eCCd77",
  "rebate": "11",
  "fromBlock": "12604370",
  "toBlock": 12775311,
  "shareHolderPayout": {
    "0xb17d5db0ec93331271ed2f3fffebe4e5b790d97e": 5.4823354630070416,
    "0x121d6f8b87d9d7a59a97f7c0d4a3bc00dd7ed9e4": 4.990266887108799,
    "0xed6bf5eeffdcff967184747648f1c3b578a2f430": 12.389478338600316,
    "0x83f9f90c3429dfda88fb2d99a8f5103a9ef083cc": 8.169594772948392,
    "0xd9f9f15e1dcda849a48ee048892c9b31287c7598": 9.744831471987984,
    "0x02c0d734efda6a689375933d8eecc89ed94687a2": 7.230670177642526,
    "0xee160154b02a2e404c6c13ff0b28ed76010cf07d": 9.744327659677799,
    "0x66d56e8b63f9874a376b8d3cec656581d49dc9fe": 9.151328300267002,
    "0x465b357bbac5f6f3bc78669db6980f9eaa21d0c2": 8.330016729473627,
    "0xccd9c5465fac5c0df86fd9b7d524a5949defcef6": 9.52583404495136,
    "0x8b64673c9a482913a6e2c1298637532947cd96ee": 7.38807414208097,
    "0x40dcba8e2508ddaa687fc26f9491b8cca563c845": 7.84307460332276,
    "0x33db27c21e0f7a2f3351a4c6ddcedfb9f713410b": 7.737507888620151,
    "0x4050ace2471b3d6999a4ac544ee09588921fa402": 7.70047515959539,
    "0xfdac618ddb79f77eb2ea5c52b7c50f8f728dafce": 9.443107773354127,
    "0xf2bafa3cb26cfd8ddbfa5957eda9a77dffdea84e": 7.177798756938415,
    "0x7f1c6e55c5bec9a47a3a7f4c17d2d31d38ddc2aa": 3.071845703901894,
    "0x196eb2b96cb4a7b4f5ddaeb21be1d381da9efcb7": 0.8545847359553465,
    "0xdb2808ed6cf0b8b9686222689cf4f6e88e42b80a": 9.58334731051887,
    "0xac465ff0d29d973a8d2bae73dcf6404dd05ae2c9": 8.109651883337623,
    "0x73faf4be6cb43489b8f6e8a4ed3ccd804eb18586": 4.32487585831035,
    "0x65544898b40e9ad57e15721ea3003b5e40547ce8": 2.359603368659548,
    "0xd2a78bb82389d30075144d17e782964918999f7f": 7.726141658104254,
    "0xfec2ade141272f5271febadfca5d21ca30fc04a5": 8.739036109075606,
    "0x2a0e2e3bcc873a6fbd6687b4e4eeb4f8b74af129": 6.58305943307986,
    "0xfc204fcfd2a579157898a212ea25ac98de2b1e1c": 8.578932837199115,
    "0xad3808f98f4c3b357057026108e25f453dbef67a": 8.579022194948545,
    "0x50469f66274040190b63661d1869fcaa21b9d419": 2.1492588900687037,
    "0x381b4b6f8a2375a8f1f6d9f55ee3a876c974ea1a": 7.365223102256222,
    "0xa3f76c31f57da65b0ce84c64c25e61bf38c86bed": 2.8560710291415,
    "0xef5411841547197d8bced89504e02eb8e12991a9": 6.957971249817463,
    "0x24d0db7e182fcd29ddea14c04bcb182c89cbb0c0": 5.9381135147773865,
    "0xbe9b3933ecc52fba404448fb02975825b0cd341e": 0.9248481635685671,
    "0xd7925984736824b4aecf8301c9aee211cd976494": 7.026812006019072,
    "0xed20d85b09b0fbc1763e9830af5d33ca0f6ce8b7": 4.570909821453912,
    "0xdf3910d26836318379903a47bd26d0e05cc9a0f5": 3.877211865623645,
    "0x3cb474a999b0f0cf022340338b9ce937635d6ba4": 2.5681038603246935,
    "0xad2be8e8866f0bd70deb9dde9fe5b7e171b68c19": 2.5840510161190577,
    "0xea7c2df8ab95bf0af91f8e4034b493733aca21df": 6.401338240477017,
    "0x7b2483d0f917a4f7a04d1e13743c99ad9d249462": 4.539155412678284,
    "0xce1559448e21981911fac70d4ec0c02ca1eff39c": 0.8699372638509718,
    "0x9fd8bf23c7a12d35656d07fd0527dec7a4a08c9c": 3.458392119752033,
    "0xf361f2d82d091800ccf7a7aa09e3cac1b6d87882": 7.066548805614085,
    "0x4b38e7980dae2bb3e954df9304e47890dae571cf": 4.442848586722592,
    "0x39dc119864c17968b9f06887678a90ef1942f442": 1.5584875236868003,
    "0x2b19edb98df9b54deedc497b2586aa6858f89f01": 1.5966481451253778,
    "0x384d91e6b8d032ab9d844eb58b85df6543e616f0": 7.145606066317959,
    "0x9a8f92a830a5cb89a3816e3d267cb7791c16b04d": 0.4442642605058506,
    "0x9a97c80956bce4dd87c2df6a93900dbfcbf0d60a": 7.066478700885623,
    "0x61d62b3d530ab8174dbfade1675d856c5c5c9fcd": 6.231767331181861,
    "0x8bd16de8938a2ad16794ac7e7502896f156e370c": 6.416029440951702,
    "0x4ddd9af5f091a11438f3c4f618f1257d6d660cb2": 3.5863578208740616,
    "0xd2dd1da988be017b92ef478f70ea99493379634b": 3.5630145700750413,
    "0x9b6f4d48fd61313204f7c8fbe9dfec6384aa4ced": 3.586343751714513,
    "0x904389c66f33c4d9d90bf2eb152e8a93fc6e4b34": 1.9760556037809065,
    "0x0c88e2a51ad8e9b21271c7771f1dde229ce588f5": 5.367860462662931,
    "0x2f840532892f91811f99cdaec703f322a779cc66": 1.775395030035341,
    "0xc0c6e1c9fb2ea744c1b71fed9eaeacef6da8edc4": 1.8151871715150607,
    "0x97f0978c18de9b61840d4627040aea796090343f": 1.7914439302356717,
    "0x6e1a61d1ebfed848dd916939cf637193bcd8236a": 1.4415185823617196,
    "0xf95c72caa240c856c57b3c12d78ad33d68e62e22": 1.9909115560391344,
    "0xc3d26aa4954816330c5ffc9bb2d46acbceaff130": 6.389530303871824,
    "0x4b070c428ddbb49524abf2d4be4998c1e3b6f3a5": 4.867311525979705,
    "0xabbcf7b0735e4eb152fd13fa02691cc046fac0bd": 6.250214104394315,
    "0x112eae3093451187c8b945fb601c6df34bdc8105": 7.45740231498462,
    "0xbca0fd352dce62fa1b7c7f9fa8f0c1de7fef09d9": 6.3894868833233165,
    "0x11efc2638184a0382bf1bb29c4047c6111f8f3c7": 5.225250282589115,
    "0x8d4f93e9962f3392e4c9d10c08f2f1c757f95866": 3.754039706354561,
    "0xfdf7f859807d1dc73873640759b2706822802529": 8.21850454122282,
    "0xb0903a62f5ca7a215aa67232ba691cb801decd5b": 5.923973078621871,
    "0x9e3a4ed4eea5c27a5e82a32e90482a4827a4ae80": 7.145256566369383,
    "0x3b271e8f1409e8e90c484d3591143bd7e1d2a177": 4.9472432018744685,
    "0x1398fc0793d8b67744bfde4a4ff338c69bba753b": 3.7536495377460346,
    "0x49e0cdd718d330e5a27856256236b4e56a76d3fb": 5.4276239041048235,
    "0xdcf99ba641c98e37df8ea31188ad7e7fa5501b09": 4.004334992771097,
    "0x7cac2ab1cf9dc459ca88a85d72ac94de2691f1e5": 5.427080337510166
  },
  "priceData": {
    "dailyAvgGasPrices": [
      { "timestamp": 1623196800, "avgGwei": "27.68589007" },
      { "timestamp": 1623283200, "avgGwei": "23.89739301" },
      { "timestamp": 1623369600, "avgGwei": "25.83469011" },
      { "timestamp": 1623456000, "avgGwei": "23.189790716" },
      { "timestamp": 1623542400, "avgGwei": "17.507233384" },
      { "timestamp": 1623628800, "avgGwei": "22.658681944" },
      { "timestamp": 1623715200, "avgGwei": "23.075725137" },
      { "timestamp": 1623801600, "avgGwei": "22.743300318" },
      { "timestamp": 1623888000, "avgGwei": "24.807002704" },
      { "timestamp": 1623974400, "avgGwei": "24.274221643" },
      { "timestamp": 1624060800, "avgGwei": "18.577786601" },
      { "timestamp": 1624147200, "avgGwei": "20.78379794" },
      { "timestamp": 1624233600, "avgGwei": "46.59088618" },
      { "timestamp": 1624320000, "avgGwei": "73.163723292" },
      { "timestamp": 1624406400, "avgGwei": "25.28576655" },
      { "timestamp": 1624492800, "avgGwei": "22.090212482" },
      { "timestamp": 1624579200, "avgGwei": "28.010226315" },
      { "timestamp": 1624665600, "avgGwei": "18.761864623" },
      { "timestamp": 1624752000, "avgGwei": "25.645892227" },
      { "timestamp": 1624838400, "avgGwei": "23.714125368" },
      { "timestamp": 1624924800, "avgGwei": "26.266202579" },
      { "timestamp": 1625011200, "avgGwei": "32.002625993" },
      { "timestamp": 1625097600, "avgGwei": "25.133110011" },
      { "timestamp": 1625184000, "avgGwei": "20.722209911" },
      { "timestamp": 1625270400, "avgGwei": "18.841863418" },
      { "timestamp": 1625356800, "avgGwei": "16.413877925" },
      { "timestamp": 1625443200, "avgGwei": "20.318933757" },
      { "timestamp": 1625529600, "avgGwei": "54.871815247" }
    ],
    "dailyAvgUmaEthPrices": [
      { "timestamp": 1623196800, "avgPx": "0.005151833064902462" },
      { "timestamp": 1623283200, "avgPx": "0.005069371479071760" },
      { "timestamp": 1623369600, "avgPx": "0.004990107521129589" },
      { "timestamp": 1623456000, "avgPx": "0.005003576047321510" },
      { "timestamp": 1623542400, "avgPx": "0.004779154454068356" },
      { "timestamp": 1623628800, "avgPx": "0.004777253686951735" },
      { "timestamp": 1623715200, "avgPx": "0.004751548041219112" },
      { "timestamp": 1623801600, "avgPx": "0.004819669375363806" },
      { "timestamp": 1623888000, "avgPx": "0.004917055472529946" },
      { "timestamp": 1623974400, "avgPx": "0.005065862031434810" },
      { "timestamp": 1624060800,