{
  "votingContractAddress": "0x8B1631ab830d11531aE83725fDa4D86012eCCd77",
  "rebate": "16",
  "fromBlock": "13704056",
  "toBlock": 13909557,
  "shareHolderPayout": {
    "0xed6bf5eeffdcff967184747648f1c3b578a2f430": 7.986614912346772,
    "0xd2a78bb82389d30075144d17e782964918999f7f": 62.675482152582525,
    "0x7da740d237575470b19284ec013fb5ea1f680f00": 52.74809793566882,
    "0xfc204fcfd2a579157898a212ea25ac98de2b1e1c": 56.94365851441399,
    "0xfec2ade141272f5271febadfca5d21ca30fc04a5": 59.441416892884405,
    "0x2a0e2e3bcc873a6fbd6687b4e4eeb4f8b74af129": 56.575598198032864,
    "0xdb2808ed6cf0b8b9686222689cf4f6e88e42b80a": 54.27052738986442,
    "0xd9f9f15e1dcda849a48ee048892c9b31287c7598": 53.65701402562892,
    "0xfdac618ddb79f77eb2ea5c52b7c50f8f728dafce": 56.788775596581765,
    "0xee160154b02a2e404c6c13ff0b28ed76010cf07d": 66.61256712622615,
    "0xb5eeddff4641fea71c0b9a344aed1a49e38e55d5": 50.26515330033168,
    "0xd7925984736824b4aecf8301c9aee211cd976494": 67.7509684347668,
    "0xf71866a90c24209e13bb9f65307cea120a939d79": 54.53867186501124,
    "0xdae6878c6756d804a8e7b056f9eac38ad1fbded9": 55.19948002678176,
    "0x8b64673c9a482913a6e2c1298637532947cd96ee": 28.004888728660355,
    "0x7b2483d0f917a4f7a04d1e13743c99ad9d249462": 52.281368509247244,
    "0xe63757e3cd485c9b35b3a972fffa2d91b8649483": 75.84060889024622,
    "0xdb19c47e87ed3ff37425a99b9dee1f4920f755b9": 62.977343025754976,
    "0xdf67cba8261c6d8c15c735009f61e2cc9f852de3": 22.897794058038482,
    "0xb018ac399491b9320a456ad0e696d2032b6badd3": 17.286445869350842,
    "0xea7c2df8ab95bf0af91f8e4034b493733aca21df": 38.95293689085972,
    "0x9a97c80956bce4dd87c2df6a93900dbfcbf0d60a": 39.406340256163475,
    "0x57ef2b98306d2c98f2fcebbdd05090c75982af72": 27.062681478165324,
    "0x61d62b3d530ab8174dbfade1675d856c5c5c9fcd": 38.16980064030962,
    "0x69d0341d380a1229f4751a0a721345dbc716586c": 26.768005379157664,
    "0xd9aaeeaa94fad39baf37b713e833105227bf1476": 33.40431868260742,
    "0x31a4c53be2356b09220d348508b97ed9b26a6c30": 17.288405454264318,
    "0x384d91e6b8d032ab9d844eb58b85df6543e616f0": 38.5599403833074,
    "0x5963d72760d2703c35b4b3cc7eda0b425d10788d": 27.364886799329057,
    "0x2b5822577ef7a021b35fe98b43ca241147cb9ddf": 6.966900848462698,
    "0x11451a541b1f9b6f02b857b82e7c03ac362f9067": 16.112738996948103,
    "0x7f1c6e55c5bec9a47a3a7f4c17d2d31d38ddc2aa": 6.429878701944573,
    "0xa092db6d22a9710deb17c8fd748bba52fff1f15c": 6.596860430052644,
    "0x5e05a68e939e4e9dfa93eb400e9f85e59916ed8b": 15.932229137587218,
    "0x57ef012861c4937a76b5d6061be800199a2b9100": 17.385246213683423,
    "0x24fc7a0751bbf53c239cc1d21d2951a5b21f733d": 9.777030334035855,
    "0x3d88456277e32d62575267c3564b72387c3f21f7": 38.56215136182897,
    "0xc3d26aa4954816330c5ffc9bb2d46acbceaff130": 38.95377979036052,
    "0x66b5409f52d23ef87bdbfaa7312f8d790755fe13": 38.561063936591665,
    "0x11efc2638184a0382bf1bb29c4047c6111f8f3c7": 38.953882085065956,
    "0x7cac2ab1cf9dc459ca88a85d72ac94de2691f1e5": 38.95555494794796,
    "0x112eae3093451187c8b945fb601c6df34bdc8105": 38.95480615033058,
    "0x4b070c428ddbb49524abf2d4be4998c1e3b6f3a5": 38.16871397708306,
    "0xabbcf7b0735e4eb152fd13fa02691cc046fac0bd": 38.56283845426978,
    "0x49e0cdd718d330e5a27856256236b4e56a76d3fb": 38.95506505171959,
    "0x8a6800c753ed8ed19e0df473a97a7a94b2cecf54": 41.063104814151046,
    "0xdcf99ba641c98e37df8ea31188ad7e7fa5501b09": 38.560138341530575,
    "0x3b271e8f1409e8e90c484d3591143bd7e1d2a177": 38.56191438900515,
    "0xfdf7f859807d1dc73873640759b2706822802529": 38.95628270688728,
    "0xacd3dc5c6f9cb967b5e1f719001e85039b0c976f": 38.56097521791514,
    "0x1398fc0793d8b67744bfde4a4ff338c69bba753b": 27.227025803872767,
    "0xb0903a62f5ca7a215aa67232ba691cb801decd5b": 19.48657849649156,
    "0x1fdef3d3c7984a945008c253caa6cf380fddb16f": 19.069086987095755,
    "0x9e3a4ed4eea5c27a5e82a32e90482a4827a4ae80": 27.227578980205926,
    "0xbca0fd352dce62fa1b7c7f9fa8f0c1de7fef09d9": 27.22854366683729,
    "0x82b6a4ebc3904b7aabd4e85510045eff0d43a6bd": 11.062270057598557
  },
  "priceData": {
    "dailyAvgGasPrices": [
      { "timestamp": 1638057600, "avgGwei": "119.117976662" },
      { "timestamp": 1638144000, "avgGwei": "128.925912913" },
      { "timestamp": 1638230400, "avgGwei": "142.424571983" },
      { "timestamp": 1638316800, "avgGwei": "144.590880517" },
      { "timestamp": 1638403200, "avgGwei": "119.05181647" },
      { "timestamp": 1638489600, "avgGwei": "114.444614457" },
      { "timestamp": 1638576000, "avgGwei": "155.782569275" },
      { "timestamp": 1638662400, "avgGwei": "109.899112649" },
      { "timestamp": 1638748800, "avgGwei": "112.816821427" },
      { "timestamp": 1638835200, "avgGwei": "98.725355074" },
      { "timestamp": 1638921600, "avgGwei": "85.591237374" },
      { "timestamp": 1639008000, "avgGwei": "88.232234277" },
      { "timestamp": 1639094400, "avgGwei": "89.030753907" },
      { "timestamp": 1639180800, "avgGwei": "78.350083431" },
      { "timestamp": 1639267200, "avgGwei": "65.953683938" },
      { "timestamp": 1639353600, "avgGwei": "88.677536111" },
      { "timestamp": 1639440000, "avgGwei": "83.572369835" },
      { "timestamp": 1639526400, "avgGwei": "92.325564544" },
      { "timestamp": 1639612800, "avgGwei": "101.523194423" },
      { "timestamp": 1639699200, "avgGwei": "113.247836692" },
      { "timestamp": 1639785600, "avgGwei": "68.559014804" },
      { "timestamp": 1639872000, "avgGwei": "62.055391544" },
      { "timestamp": 1639958400, "avgGwei": "71.513752132" },
      { "timestamp": 1640044800, "avgGwei": "71.13318112" },
      { "timestamp": 1640131200, "avgGwei": "81.724114577" },
      { "timestamp": 1640217600, "avgGwei": "90.020348396" },
      { "timestamp": 1640304000, "avgGwei": "75.729336544" },
      { "timestamp": 1640390400, "avgGwei": "73.519109194" },
      { "timestamp": 1640476800, "avgGwei": "58.587455926" },
      { "timestamp": 1640563200, "avgGwei": "82.343259279" },
      { "timestamp": 1640649600, "avgGwei": "106.48726907" },
      { "timestamp": 1640736000, "avgGwei": "127.731940351" },
      { "timestamp": 1640822400, "avgGwei": "114.739332055" }
    ],
    "dailyAvgUmaEthPrices": [
      { "timestamp": 1638057600, "avgPx": "0.003191913302870662" },
      { "timestamp": 1638144000, "avgPx": "0.003609731272522070" },
      { "timestamp": 1638230400, "avgPx": "0.003230940722813877" },
      { "timestamp": 1638316800, "avgPx": "0.003043819477419596" },
      { "timestamp": 1638403200, "avgPx": "0.002808687995808065" },
      { "timestamp": 1638489600, "avgPx": "0.002803318935640666" },
      { "timestamp": 1638576000, "avgPx": "0.002750784326985007" },
      { "timestamp": 1638662400, "avgPx": "0.002847702746469926" },
      { "timestamp": 1638748800, "avgPx": "0.002637827573836406" },
      { "timestamp": 1638835200, "avgPx": "0.002437553077334734" },
      { "timestamp": 1638921600, "avgPx": "0.002443202584360916" },
      { "timestamp": 1639008000, "avgPx": "0.002396953137256773" },
      { "timestamp": 1639094400, "avgPx": "0.002460721418746447" },
      { "timestamp": 1639180800, "avgPx": "0.002390756354138408" },
      { "timestamp": 1639267200, "avgPx": "0.002445610355891769" },
      { "timestamp": 1639353600, "avgPx": "0.002422715535986170" },
      { "timestamp": 1639440000, "avgPx": "0.002431369511792768" },
      { "timestamp": 1639526400, "avgPx": "0.002364024399220281" },
      { "timestamp": 1639612800, "avgPx": "0.002301044794613233" },
      { "timestamp": 1639699200, "avgPx": "0.002297481829117935" },
      { "timestamp": 1639785600, "avgPx": "0.002371052531239152" },
      { "timestamp": 1639872000, "avgPx": "0.002307141809232075" },
      { "timestamp": 1639958400, "avgPx": "0.002261876591985441" },
      { "timestamp": 1640044800, "avgPx": "0.002318126448948740" },
      { "timestamp": 1640131200, "avgPx": "0.002222233470618013" },
      { "timestamp": 1640217600, "avgPx": "0.002237959319805725" },
      { "timestamp": 1640304000,