{
    "votingContractAddress": "0x004395edb43EFca9885CEdad51EC9fAf93Bd34ac",
    "rebate": 44,
    "fromBlock": 19771560,
    "toBlock": 19993250,
    "countVoters": 120,
    "totalRebateAmount": 3.4775500175372103,
    "shareholderPayout": {
        "0xf445567E961c533e26430005c142DEe831A6376e": 0.03545600619624391,
        "0x4B8aef878255F6242606Fe5e73D659004F5A34fA": 0.03967654629856236,
        "0x6573e30Ee0ad46BC9aFA0C2aDb0D3f147D658EFE": 0.03944379751549269,
        "0xD7C896cac64486E339Fc79B8d80a872756B524D8": 0.04493766238745159,
        "0x126db3213b309A8D554594e591e614425cCaC78e": 0.03146146020168415,
        "0x2b433E0D9E38Df82Ec700679B98643ba5Ff4a9FA": 0.04357806974910682,
        "0xF548BCf569Fb953Bf4f9dFbb67267D5824c8da63": 0.029576005855014534,
        "0xC03808e0Af01563A739e408268d5517Dd7d710f3": 0.038021023737598275,
        "0x974D9A1A88A6280e742dC4BA3E886d8DC9890fb8": 0.04773932626715962,
        "0xca30cE2505F78e7B4f07b2d0A0F22eD62B19051B": 0.03615672435165217,
        "0xD2A78Bb82389D30075144d17E782964918999F7f": 0.027952983485213613,
        "0xc3d26aa4954816330C5ffc9bb2d46acbCEaff130": 0.027770453066334053,
        "0x4ddd9aF5f091A11438f3C4F618F1257D6D660Cb2": 0.029341630000362225,
        "0x9B6f4d48fD61313204F7C8fBe9dFeC6384aA4cEd": 0.028207649491100273,
        "0xA8E20D1B16c2821c2E17A58eB9c92c2ec7699283": 0.04581159549824109,
        "0xd9AaeEAa94FAD39bAf37B713E833105227bf1476": 0.025489916316589437,
        "0x62763A0D45Eb16EFe2B9f2f30743BE0e6ec3A207": 0.002469817596978954,
        "0x996d5138843993Cebc554c20d82310a43802aFF1": 0.03851570670383878,
        "0xFa93E76Bb7de1071D6f9C0f77Af883c2a944B2d1": 0.03640845524223198,
        "0x61C196c7415643b7651a1c63F83263Fa976F5bB1": 0.03013551783339418,
        "0x4f49D938c3Ad2437c52eb314F9bD7Bdb7FA58Da9": 0.029164568107179288,
        "0x9BC114CbDf47021f15416e720bC71b5341120E87": 0.030788091568808705,
        "0x69D0341d380a1229f4751a0A721345dBc716586C": 0.029108912226723935,
        "0xa2E5Dbd496e25A194a11FC3e4Ad5AdA199e827F4": 0.03137138797952085,
        "0xDF67cbA8261c6D8C15c735009F61e2CC9F852DE3": 0.04033820398924101,
        "0xDbD9416f32c409b3c7A29655AA515bd717616470": 0.033090063685117695,
        "0xA7b9D5Fc54eb3FfE1985a10e28d045a9b89487D0": 0.03471475932750152,
        "0x99BcEa6bB0403927fB3c038163478D5b42082Fd9": 0.03486411461973067,
        "0xD431B7c1433FbA9a5aa5330E5211F4773B95E9d9": 0.03957578429641121,
        "0x07B83aD78CACb5a730D719902CF9Ef59fB38DA98": 0.036992231155808734,
        "0xeF7220723E580F03A8f8b076Ee8623b1dF0103fa": 0.04233386560546885,
        "0x96c00fDDa3f3129A55C0Bc9b48Ef504C3D5594e4": 0.04338762553998333,
        "0x32952A4bc03C6205094e65bEa939193a82D99dA1": 0.002702051920151244,
        "0xe6b5A31d8bb53D2C769864aC137fe25F4989f1fd": 0.03288068655722319,
        "0x30b2DAEb3757B6C7462cd0D776828F8d7398BE50": 0.0313438918542965,
        "0x4a3755eB99ae8b22AaFB8f16F0C51CF68Eb60b85": 0.005884828705674392,
        "0xD9F9F15e1DCdA849a48EE048892C9B31287C7598": 0.04558370263505707,
        "0x2B6561E955965DB87f48963E1573F819c31CDAf0": 0.04277073354049889,
        "0xdF3aD3aD48fa33A4E9DC90Cc2e2b2b3480Df4807": 0.03344175188978644,
        "0x6dC894E9A906D0FE3b710724746dB84FE36190e1": 0.0349467972801139,
        "0xCf7cdBBbf4be10b5f716b297B53d369626a8AA57": 0.040754728430080135,
        "0x261c30aD69C3A89942F6C815914D004dD1fc4126": 0.030654602799819484,
        "0x996b4449b9D6FF2d3b5EbCE4ad0474891CBBF4db": 0.054561740157013525,
        "0x5D80A493A38c3b6A43852f8282a3392C250bE12e": 0.056025828155841575,
        "0x92345865A75cBe863bF899e23A4407dA8034c2AF": 0.035175462211903506,
        "0x2cf6988D57d0df95d3FF37CDfBFe0520F15c860F": 0.016270787917962742,
        "0xaE90B9bc86DBa4D1C0ff98c496df2331220FC2cd": 0.0438628569969333,
        "0x260D417fBD1716B1375CD311f8a6677c4a780B3A": 0.04402483683325822,
        "0xdf880E309C6f7d865a958DccaDC14aE1FD61dca7": 0.012781837681399207,
        "0x7ceb2a5C3395A5cfE09B66E7cEd496061301c316": 0.05601611257093685,
        "0x66b5409f52d23ef87bDBfaa7312F8D790755fE13": 0.034493435546438224,
        "0xb5eeDdFF4641Fea71C0b9A344AEd1a49E38e55d5": 0.034084680917987824,
        "0xe8b0a13e65Cc30E142EB125bFA3Fb4DE3a190ad8": 0.03515842996680856,
        "0x47A40A367b3298BE3da3BdE3994c5342e26f368b": 0.03875000286241301,
        "0xfEc2Ade141272f5271FEbaDFca5d21Ca30fc04a5": 0.01440879148950802,
        "0x393950505b160607F40D11AB956C9406DBe6e4ce": 0.0324225373456086,
        "0xaF4C815CF13Bc8671a2a12BdE62aABEC24651ccC": 0.05392950071959728,
        "0x6147d56b02faBD35cd9fC2B80a60276cDf089521": 0.05451729626826715,
        "0x51FcFc7D4A032478B8919e30cE52B39FbE823Fe8": 0.02044624325995786,
        "0x336B9DE28D67D692C31DF93A9b8630B2Fa50d88f": 0.04275668526931116,
        "0x82b6a4Ebc3904b7aABD4E85510045EFf0d43a6Bd": 0.02054156016392442,
        "0xfD8355b24aB8815cA2d76d1E495DC29B4330241f": 0.03350382453280847,
        "0x529109d3E06f2aCfc520F27042274E8dCD44EddD": 0.05172620136290132,
        "0x99dF425FCF7899d1C0c8cEedB2f051Cd00c25c25": 0.04924687315134322,
        "0x3D65eD138686e2AD54006d4Db83aD4597D645370": 0.03485658241449392,
        "0x1DE746BB64222C304b38F84613745323cB6C7fC1": 0.03334431931147872,
        "0xd17EB770E4E209C186cEDA0d7E09bFC03D792b36": 0.03063261401263483,
        "0x7e367235eF80109531113d8284A5593Ba6A40c22": 0.03221314643045226,
        "0xcfB331ADE6D66Ad1cB6765a2dD51aD3Aa9A1400E": 0.04380006433572737,
        "0xbd5eb58790C4C8FE959f8Ea9d736DB3619A59300": 0.015392082068169445,
        "0xe63757E3cD485C9b35b3a972fFFA2d91B8649483": 0.0419420140354957,
        "0xFDBb6FA945c73712856738021b9E52A8C1F7bE7f": 0.01699431634867903,
        "0x2D332737C1EbBF86b21E78D82640aD7E3Be7a4C6": 0.04287924992267844,
        "0x2108a6d1f32D1A932431d64E3328D1d45bD0520f": 0.044457569466654634,
        "0x0a01f4A6711012157C1B33aD9c01aF7F526962f5": 0.03503236217310724,
        "0x11eFc2638184a0382BF1bb29C4047c6111F8f3C7": 0.027374629877870184,
        "0x7cac2ab1CF9dc459ca88A85D72Ac94DE2691f1E5": 0.032955220676921124,
        "0x2f8320C2Dc28681Aa5BBF92e79C37BE656a7D5F1": 0.028976800198395516,
        "0xAC465fF0D29d973A8D2Bae73DCF6404dD05Ae2c9": 0.03155813399585462,
        "0x10b31Fd3325eDc63E0E4F8d800659a4Ef6C9F899": 0.024807496635103236,
        "0x8D4c39b6A9c7cec94Cffef12f4eC019765b4128e": 0.04251837454554643,
        "0x1C389f1f85Cdb3C2996b83fAc87E496A80698B7C": 0.002775344782141147,
        "0x7820892a0C658b2aD6328B9b64a317Ae0973F18B": 0.031373901770175495,
        "0x97ac71def35a693cA1c92FBeaCd40495b4D9a4A2": 0.0221450838411721,
        "0x7c8eba6dF6115D4C9A84E83F77B7E6Bb9d266c2A": 0.011415196080064267,
        "0x9b8f31D4A132cFd3425EEf49076e56e60Dc1Ed2F": 0.04154648579174923,
        "0xB2d61A9FB039CAd0Eb9d44FC19A2684Db3343d22": 0.047849996186514324,
        "0x9f643a408f3a287cA0D019176C288e2C5a8dA7c4": 0.009509308451420284,
        "0x8bd7B5E860998607715Da42944cc9DE3486A3Ae2": 0.0333272145395311,
        "0xFB9D972a3CB1C8Fdda9b2dd973C15047a9e56c17": 0.04476438562813953,
        "0xD25f7e77386F9f797b64E878A3D060956de99163": 0.04357029775432283,
        "0xf9486539799fEC4b75F57D5196E65b73b3356032": 0.007762754052221325,
        "0x128b7E7F0Bfa7CdA46bB4728A0DA88dBaA095026": 0.020954440151025055,
        "0xc675Db75C736e3eB89541C27CA26DEAf274cfCDC": 0.02532961814688317,
        "0xa1172EcfaB3f313d0f0975717106a04626E4d485": 0.005701652844975793,
        "0x6aEdb6460ABAE82F5ED77aF1d5e9Fe6F701d8c4A": 0.03242330818283834,
        "0x3153581d0C62cbCDffF6846e0aF474A719C36699": 0.029618837691103433,
        "0xf34800E4623aECE1Ed99c8Ff0d2211A6cf1ec754": 0.001074414283669413,
        "0x2fccFAa32D7c71AaBb0FB0E7892678b38393B749": 0.004571386429324013,
        "0x0ddA3228B0729BfE7698988A669B81d4A306A8Ea": 0.001326007106692519,
        "0xC65F56eD1B59D21305DF058dde242968a752cb3A": 0.022048911722225957,
        "0x69d0a6CCB76F3F7EF96DAda03B01B555E76fa819": 0.04341619044116546,