{
  "votingContractAddress": "0x8B1631ab830d11531aE83725fDa4D86012eCCd77",
  "rebate": "13",
  "fromBlock": "13031692",
  "toBlock": 13258452,
  "shareHolderPayout": {
    "0xfc204fcfd2a579157898a212ea25ac98de2b1e1c": 28.910500342520987,
    "0xad3808f98f4c3b357057026108e25f453dbef67a": 26.58411407804369,
    "0x83f9f90c3429dfda88fb2d99a8f5103a9ef083cc": 30.890323050271114,
    "0x8b64673c9a482913a6e2c1298637532947cd96ee": 29.729545725437102,
    "0xccd9c5465fac5c0df86fd9b7d524a5949defcef6": 12.759674946144827,
    "0xf2bafa3cb26cfd8ddbfa5957eda9a77dffdea84e": 15.626042283753133,
    "0xd2a78bb82389d30075144d17e782964918999f7f": 28.082115269263305,
    "0xfec2ade141272f5271febadfca5d21ca30fc04a5": 27.48559320196031,
    "0x2a0e2e3bcc873a6fbd6687b4e4eeb4f8b74af129": 22.00293439864036,
    "0x02c0d734efda6a689375933d8eecc89ed94687a2": 28.12706049555015,
    "0xfdac618ddb79f77eb2ea5c52b7c50f8f728dafce": 27.682985100939735,
    "0xdb2808ed6cf0b8b9686222689cf4f6e88e42b80a": 14.229249192909588,
    "0xee160154b02a2e404c6c13ff0b28ed76010cf07d": 30.772031426954403,
    "0x4050ace2471b3d6999a4ac544ee09588921fa402": 4.760643880535094,
    "0xac465ff0d29d973a8d2bae73dcf6404dd05ae2c9": 19.602977557844852,
    "0x00b8bd9072180d04e161ea2aefc5b1d64219c5e4": 12.698452664347899,
    "0x40dcba8e2508ddaa687fc26f9491b8cca563c845": 15.820098239699796,
    "0xcdac38500f333a970bb663ebe76c4bea627ac3a2": 17.885084663825165,
    "0xef5411841547197d8bced89504e02eb8e12991a9": 9.90082063660104,
    "0xd9f9f15e1dcda849a48ee048892c9b31287c7598": 10.020118455477034,
    "0x24fc7a0751bbf53c239cc1d21d2951a5b21f733d": 9.397585022814733,
    "0x7b2483d0f917a4f7a04d1e13743c99ad9d249462": 15.742058765704762,
    "0xd2dd1da988be017b92ef478f70ea99493379634b": 15.287705641469168,
    "0x904389c66f33c4d9d90bf2eb152e8a93fc6e4b34": 19.033087164100426,
    "0xceb2189495489a5caeb4647ccf2974be97ff7264": 2.151230060727405,
    "0x65544898b40e9ad57e15721ea3003b5e40547ce8": 8.697573573590349,
    "0xd7925984736824b4aecf8301c9aee211cd976494": 15.968718289831553,
    "0xa3f76c31f57da65b0ce84c64c25e61bf38c86bed": 8.847757930228145,
    "0x384d91e6b8d032ab9d844eb58b85df6543e616f0": 18.369874985481033,
    "0x61d62b3d530ab8174dbfade1675d856c5c5c9fcd": 10.572852677268255,
    "0x73faf4be6cb43489b8f6e8a4ed3ccd804eb18586": 2.2506676921370796,
    "0xf7b10d603907658f690da534e9b7dbc4dab3e2d6": 18.87119329890811,
    "0x522ad4cf5efe083c28454d827c478548fd622f9d": 12.910830290545036,
    "0xea7c2df8ab95bf0af91f8e4034b493733aca21df": 15.676103177249926,
    "0xa092db6d22a9710deb17c8fd748bba52fff1f15c": 6.743792015244961,
    "0x381b4b6f8a2375a8f1f6d9f55ee3a876c974ea1a": 6.667940549891349,
    "0x4f94b5b9bc3223499b9318171b66cc55e64d4c8b": 6.590791230162297,
    "0xb17d5db0ec93331271ed2f3fffebe4e5b790d97e": 6.7434675516511,
    "0xc3d26aa4954816330c5ffc9bb2d46acbceaff130": 18.370493304616026,
    "0x49e0cdd718d330e5a27856256236b4e56a76d3fb": 18.369294949874785,
    "0x11efc2638184a0382bf1bb29c4047c6111f8f3c7": 18.369479070685962,
    "0x7cac2ab1cf9dc459ca88a85d72ac94de2691f1e5": 18.367046845217676,
    "0xfdf7f859807d1dc73873640759b2706822802529": 18.36898488031688,
    "0xacd3dc5c6f9cb967b5e1f719001e85039b0c976f": 10.572323020990819,
    "0xb0903a62f5ca7a215aa67232ba691cb801decd5b": 18.369305108434414,
    "0x3d88456277e32d62575267c3564b72387c3f21f7": 18.10978861877973,
    "0x4b070c428ddbb49524abf2d4be4998c1e3b6f3a5": 17.916165405432768,
    "0xdcf99ba641c98e37df8ea31188ad7e7fa5501b09": 10.340822005586379,
    "0x3b271e8f1409e8e90c484d3591143bd7e1d2a177": 10.340822005586379,
    "0x8a6800c753ed8ed19e0df473a97a7a94b2cecf54": 9.525959863552853,
    "0x9e3a4ed4eea5c27a5e82a32e90482a4827a4ae80": 10.340502919232645,
    "0x8d4f93e9962f3392e4c9d10c08f2f1c757f95866": 10.68999111040977,
    "0xabbcf7b0735e4eb152fd13fa02691cc046fac0bd": 18.141540729581152,
    "0x66b5409f52d23ef87bdbfaa7312f8d790755fe13": 18.369258888045803,
    "0x112eae3093451187c8b945fb601c6df34bdc8105": 18.36995827109846,
    "0x1398fc0793d8b67744bfde4a4ff338c69bba753b": 18.369583351639662,
    "0xbca0fd352dce62fa1b7c7f9fa8f0c1de7fef09d9": 15.675385358480732,
    "0x1fdef3d3c7984a945008c253caa6cf380fddb16f": 7.416991315020849
  },
  "priceData": {
    "dailyAvgGasPrices": [
      { "timestamp": 1628985600, "avgGwei": "62.553842764" },
      { "timestamp": 1629072000, "avgGwei": "61.227895718" },
      { "timestamp": 1629158400, "avgGwei": "57.136391227" },
      { "timestamp": 1629244800, "avgGwei": "53.671161049" },
      { "timestamp": 1629331200, "avgGwei": "51.748682012" },
      { "timestamp": 1629417600, "avgGwei": "48.398307664" },
      { "timestamp": 1629504000, "avgGwei": "40.395653415" },
      { "timestamp": 1629590400, "avgGwei": "40.824934168" },
      { "timestamp": 1629676800, "avgGwei": "67.801123728" },
      { "timestamp": 1629763200, "avgGwei": "86.798598845" },
      { "timestamp": 1629849600, "avgGwei": "102.281584369" },
      { "timestamp": 1629936000, "avgGwei": "97.97771709" },
      { "timestamp": 1630022400, "avgGwei": "121.232572405" },
      { "timestamp": 1630108800, "avgGwei": "89.483984349" },
      { "timestamp": 1630195200, "avgGwei": "100.686224824" },
      { "timestamp": 1630281600, "avgGwei": "114.338805789" },
      { "timestamp": 1630368000, "avgGwei": "121.467889345" },
      { "timestamp": 1630454400, "avgGwei": "136.212882273" },
      { "timestamp": 1630540800, "avgGwei": "117.15114807" },
      { "timestamp": 1630627200, "avgGwei": "159.34157669" },
      { "timestamp": 1630713600, "avgGwei": "127.146983966" },
      { "timestamp": 1630800000, "avgGwei": "116.327025581" },
      { "timestamp": 1630886400, "avgGwei": "124.07117397" },
      { "timestamp": 1630972800, "avgGwei": "213.999180196" },
      { "timestamp": 1631059200, "avgGwei": "156.644999311" },
      { "timestamp": 1631145600, "avgGwei": "151.691169447" },
      { "timestamp": 1631232000, "avgGwei": "107.413546013" },
      { "timestamp": 1631318400, "avgGwei": "70.547078252" },
      { "timestamp": 1631404800, "avgGwei": "66.302908949" },
      { "timestamp": 1631491200, "avgGwei": "106.664321726" },
      { "timestamp": 1631577600, "avgGwei": "74.47621659" },
      { "timestamp": 1631664000, "avgGwei": "75.053250319" },
      { "timestamp": 1631750400, "avgGwei": "89.060409614" },
      { "timestamp": 1631836800, "avgGwei": "80.831792329" },
      { "timestamp": 1631923200, "avgGwei": "57.959970897" },
      { "timestamp": 1632009600, "avgGwei": "65.198396168" }
    ],
    "dailyAvgUmaEthPrices": [
      { "timestamp": 1628985600, "avgPx": "0.003578115203092821" },
      { "timestamp": 1629072000, "avgPx": "0.003648699913322789" },
      { "timestamp": 1629158400, "avgPx": "0.003692204717570292" },
      { "timestamp": 1629244800, "avgPx": "0.003709136450809110" },
      { "timestamp": 1629331200, "avgPx": "0.003778435903649763" },
      { "timestamp": 1629417600, "avgPx": "0.003753338714529683" },
      { "timestamp": 1629504000, "avgPx": "0.003914189716502105" },
      { "timestamp": 1629590400, "avgPx": "0.003846350892818502" },
      { "timestamp": 1629676800, "avgPx": "0.004523795385735444" },
      { "timestamp": 1629763200, "avgPx": "0.004440324039260695" },
      { "timestamp": 1629849600, "avgPx": "0.004290132841025197" },
      { "timestamp": 1629936000, "avgPx": "0.004026451586204252" },
      { "timestamp": 1630022400, "avgPx": "0.004021679747384548" },
      { "timestamp": 1630108800, "avgPx": "0.003916136946652271" },
      { "timestamp": 1630195200, "avgPx": "0.003977051766047686" },
      { "timestamp": 1630281600, "avgPx": "0.004107878338435933" },
      { "timestamp": 1630368000, "avgPx": "0.004099504499423209" },
      { "timestamp": 1630454400, "avgPx": "0.003871868987611639" },
      { "timestamp": 1630540800, "avgPx": "0.003749642073394725" },
      { "timestamp": 1630627200, "avgPx": "0.003480165688867241" },
      { "timestamp": 1630713600, "avgPx": "0.003373543160785861" },
      { "timestamp": 1630800000,