{
    "votingContractAddress": "0x004395edb43EFca9885CEdad51EC9fAf93Bd34ac",
    "rebate": 32,
    "fromBlock": 17162286,
    "toBlock": 17375165,
    "countVoters": 91,
    "totalRebateAmount": 6624.844977326996,
    "shareholderPayout": {
        "0x336B9DE28D67D692C31DF93A9b8630B2Fa50d88f": 129.62098526892254,
        "0x7c8eba6dF6115D4C9A84E83F77B7E6Bb9d266c2A": 70.21293188101474,
        "0xeE160154b02A2e404c6c13ff0B28Ed76010cf07d": 108.27850363196089,
        "0x49e0cdd718d330E5A27856256236b4e56a76D3fB": 124.36725433181041,
        "0x126db3213b309A8D554594e591e614425cCaC78e": 84.9478270055333,
        "0xfD8355b24aB8815cA2d76d1E495DC29B4330241f": 78.88985105836184,
        "0xD2A78Bb82389D30075144d17E782964918999F7f": 102.3239407515354,
        "0xF9D0De258931D88E370245Ebf8b40119EC91912b": 107.49045950011927,
        "0x8A752066907ECc34Bb2a37f08C69701110aB04f1": 59.20748484496033,
        "0xc3d26aa4954816330C5ffc9bb2d46acbCEaff130": 103.0325007167848,
        "0x4c9F7207be28278b9DCA129f2e211AcfFf48Fb01": 82.98208068689826,
        "0x99BcEa6bB0403927fB3c038163478D5b42082Fd9": 109.0267896396774,
        "0x9B6f4d48fD61313204F7C8fBe9dFeC6384aA4cEd": 84.76225607578155,
        "0x342061D54cff1F4886aA3cfcfd2A9BaDc324bdf1": 98.29044418242654,
        "0x8B64673c9a482913a6e2c1298637532947cD96eE": 91.83296686912821,
        "0x3d88456277E32d62575267C3564b72387c3F21f7": 99.35157691861319,
        "0xe6b5A31d8bb53D2C769864aC137fe25F4989f1fd": 89.09219903637327,
        "0x8bd7B5E860998607715Da42944cc9DE3486A3Ae2": 57.632032488515065,
        "0x6aEdb6460ABAE82F5ED77aF1d5e9Fe6F701d8c4A": 77.70875664333776,
        "0xdebA18a1CD3fd1c8FE74640d3959bA03AC7DB5f3": 27.847301963734417,
        "0x69D0341d380a1229f4751a0A721345dBc716586C": 134.6103560016568,
        "0xD431B7c1433FbA9a5aa5330E5211F4773B95E9d9": 87.37649425444795,
        "0xE708e10a80c8FcFF34e7d6715446D7820318b0D5": 88.67335138895056,
        "0x45F2aBcE86a938Bb4d4633048dfA15bED7A5E310": 89.5716222834021,
        "0xDCf99bA641c98E37dF8ea31188aD7E7Fa5501B09": 95.02585172312504,
        "0x3B271e8F1409E8e90c484d3591143bd7e1d2A177": 86.88526657715022,
        "0x021F0b20dA3b0471c175fBC85eD5C09055FeC061": 90.68642765273162,
        "0x07148984389eddf3A188943807310EA9E22Cef50": 55.623119767530234,
        "0xC03808e0Af01563A739e408268d5517Dd7d710f3": 89.94563822328674,
        "0x8369E7900fF2359BB36eF1c40A60E5F76373A6ED": 35.67326100025723,
        "0x2cf6988D57d0df95d3FF37CDfBFe0520F15c860F": 116.99728931254494,
        "0x80Cd5224A98EE004229Bb1E6A59C829501F94B72": 79.80187563723585,
        "0xB0903A62F5cA7a215aa67232Ba691Cb801dECD5B": 44.44726204265569,
        "0xcfc50541c3dEaf725ce738EF87Ace2Ad778Ba0C5": 85.17396373789944,
        "0x3D65eD138686e2AD54006d4Db83aD4597D645370": 84.08088001758078,
        "0xD9F9F15e1DCdA849a48EE048892C9B31287C7598": 106.93736288267634,
        "0x42d5a071a91056aD50E344794b3Ff8653088b27f": 104.73636583181096,
        "0x820D47DBe4AC6eACE38656cb87077888330d918d": 108.18167792538289,
        "0xDF67cbA8261c6D8C15c735009F61e2CC9F852DE3": 100.93887274489823,
        "0x11eFc2638184a0382BF1bb29C4047c6111F8f3C7": 118.58006051271704,
        "0x9b8f31D4A132cFd3425EEf49076e56e60Dc1Ed2F": 107.80552296256292,
        "0x7cac2ab1CF9dc459ca88A85D72Ac94DE2691f1E5": 122.58865892663718,
        "0xFc204FCfd2A579157898A212ea25Ac98de2b1E1C": 118.76323082830213,
        "0xb5eeDdFF4641Fea71C0b9A344AEd1a49E38e55d5": 106.87708808512551,
        "0xfEc2Ade141272f5271FEbaDFca5d21Ca30fc04a5": 97.14182195260166,
        "0x66b5409f52d23ef87bDBfaa7312F8D790755fE13": 97.5720569220832,
        "0xBEeA589D9f610156A9Be124D21EDC1b7213dCE4b": 51.987716908834095,
        "0x2367432dc27E2e96b7AB8a0b0e4fCb28Dd5a1C1F": 40.824229555734405,
        "0x2A0e2e3bcC873a6fBD6687b4E4EEb4F8B74AF129": 108.24447336784138,
        "0xAC465fF0D29d973A8D2Bae73DCF6404dD05Ae2c9": 81.57655095909683,
        "0x82b6a4Ebc3904b7aABD4E85510045EFf0d43a6Bd": 105.92688582384184,
        "0x760680a3000397929aed8c1f0f56B8b1AA6F7777": 100.34560555638774,
        "0x30b2DAEb3757B6C7462cd0D776828F8d7398BE50": 76.24344175245807,
        "0xACD3DC5C6f9CB967B5e1F719001e85039B0C976F": 46.98336373548092,
        "0xA4e3555ab4Bb3edD2F50b82279d30D6b49261FCc": 96.94149472240667,
        "0x8A6800c753ed8ed19e0DF473A97a7a94b2cEcF54": 95.94685552302438,
        "0x4B8aef878255F6242606Fe5e73D659004F5A34fA": 99.00779299886898,
        "0xf445567E961c533e26430005c142DEe831A6376e": 68.75436138644692,
        "0xac21e8867f4EC67fd1c03f0cfFB6c2961fD45a4b": 104.46798131647137,
        "0x644a7FF3CDFF23C3F10F25807A40Fa48AFF34885": 115.71951807493278,
        "0x7b2483D0f917a4F7A04d1E13743C99ad9d249462": 120.86925032077373,
        "0xa31c2232842e631cCb2d2E4110B356Bab21E6020": 35.80874649188637,
        "0xd9AaeEAa94FAD39bAf37B713E833105227bf1476": 56.41930863689976,
        "0xbbf01C2c007F2fE5D2e26dBc6Ad0b45C61D6D765": 60.40855286452643,
        "0x110f0b1FAa1cB6EEd49883f960808C95F609f6fd": 61.891685378691726,
        "0xA7b9D5Fc54eb3FfE1985a10e28d045a9b89487D0": 54.67284228633532,
        "0x1fdef3D3c7984a945008C253caA6cf380fDdb16f": 17.339337470343054,
        "0xe63757E3cD485C9b35b3a972fFFA2d91B8649483": 9.085780102436622,
        "0x996d5138843993Cebc554c20d82310a43802aFF1": 27.342009979862848,
        "0x4f49D938c3Ad2437c52eb314F9bD7Bdb7FA58Da9": 23.417385985940193,
        "0x96c00fDDa3f3129A55C0Bc9b48Ef504C3D5594e4": 61.33736161414968,
        "0x7ceb2a5C3395A5cfE09B66E7cEd496061301c316": 43.31210492196852,
        "0x2993dB31D165c33D848e44A1C26a805bA411d324": 52.592508286502465,
        "0x7e367235eF80109531113d8284A5593Ba6A40c22": 60.64453913744038,
        "0x20Ec3D7739FC8Ba82014A9cF0a771b427E0B56C0": 10.820119471625606,
        "0x51FcFc7D4A032478B8919e30cE52B39FbE823Fe8": 22.880873132307983,
        "0xa8C4508b80183Bbcd9408Ef965eE64213fC0967f": 12.81873304482315,
        "0x07B83aD78CACb5a730D719902CF9Ef59fB38DA98": 60.98266068868677,
        "0x9E3A4ed4Eea5C27A5e82A32E90482A4827a4ae80": 62.87513583508518,
        "0x1BE514893Bfd6f13f508A71a37B0246Ed7b4Bb8a": 63.28701588490567,
        "0x54B0353E3a4c7F63874DA3799DA8232e36935467": 21.485290369428473,
        "0xA3f76c31f57dA65B0ce84c64c25E61BF38c86BEd": 43.90404701006991,
        "0x357A54465ed928C48C2A8bb0179DC67Ace5250f8": 48.81188001028381,
        "0xbd5eb58790C4C8FE959f8Ea9d736DB3619A59300": 5.150607341490354,
        "0x8E22f3D4De7D5DcaC53f1D47Aa045A1308A81929": 23.43997331754357,
        "0x5eAF1AbCFd75c7cD8df59c1975D7B5BAeBcBB4AB": 24.730657215662713,
        "0x5fae72cef85ADAeA0d29dfc6e417A028bC7921C8": 31.90259881337978,
        "0xB65a3375a174A6F84EB147A17E4A68D538CCBC24": 6.392687728223451,
        "0x5bdAfB8d0270F2833433CCd77493dC40BA94C0f6": 27.579044215916543,
        "0x6573e30Ee0ad46BC9aFA0C2aDb0D3f147D658EFE": 24.599372968954267,
        "0xBdDbc13abDC4d3b617c2e573C26cd5a7F24A0478": 13.479072428282462
    }
}