{
  "votingContractAddress": "0x004395edb43EFca9885CEdad51EC9fAf93Bd34ac",
  "rebate": 47,
  "fromBlock": 20429972,
  "toBlock": 20651993,
  "countVoters": 225,
  "totalRebateAmount": 4.335448046885505,
  "shareholderPayout": {
    "0xB73812cCE6F5cB7ada40A134b4b16AefbDbB9472": 0.029564851190699713,
    "0xca30cE2505F78e7B4f07b2d0A0F22eD62B19051B": 0.022966137502946855,
    "0xe63757E3cD485C9b35b3a972fFFA2d91B8649483": 0.03682825283569894,
    "0x2B6561E955965DB87f48963E1573F819c31CDAf0": 0.021161323672622915,
    "0xb81C9c3aa0Af6e9033ca521E4a793c5087c9F4BF": 0.005826504663362564,
    "0x9e255e1544E5D9B5C7766076890B059a27CAFCC1": 0.016952680706724586,
    "0x97ac71def35a693cA1c92FBeaCd40495b4D9a4A2": 0.01868694198482759,
    "0x393950505b160607F40D11AB956C9406DBe6e4ce": 0.041688618621252116,
    "0x5b214Ea0dD51b08A5850ae82a87383D4C364892F": 0.006586119932763819,
    "0x112EAE3093451187C8B945fb601c6DF34bDc8105": 0.006834528823981562,
    "0xA8E20D1B16c2821c2E17A58eB9c92c2ec7699283": 0.03322658870315946,
    "0x6aEdb6460ABAE82F5ED77aF1d5e9Fe6F701d8c4A": 0.05354080530413708,
    "0x9a4773EeEE73e34e1EE0E9A64E4b7453b0b04246": 0.01943920198909952,
    "0x69D0341d380a1229f4751a0A721345dBc716586C": 0.03992226331677122,
    "0xFB9D972a3CB1C8Fdda9b2dd973C15047a9e56c17": 0.04657192671941815,
    "0xCf7cdBBbf4be10b5f716b297B53d369626a8AA57": 0.01972540656618555,
    "0x126db3213b309A8D554594e591e614425cCaC78e": 0.0568654144802323,
    "0x2A1bF3cd5D4A7328A37F0e82Ff912aCE26eAA08f": 0.016912415148201156,
    "0xB2d61A9FB039CAd0Eb9d44FC19A2684Db3343d22": 0.0491421266384884,
    "0xc3d26aa4954816330C5ffc9bb2d46acbCEaff130": 0.10463740400778451,
    "0xD2A78Bb82389D30075144d17E782964918999F7f": 0.10236276904208977,
    "0x7c8eba6dF6115D4C9A84E83F77B7E6Bb9d266c2A": 0.17189957016680235,
    "0x9B6f4d48fD61313204F7C8fBe9dFeC6384aA4cEd": 0.07690210916062946,
    "0xFDBb6FA945c73712856738021b9E52A8C1F7bE7f": 0.020544709589217086,
    "0xe6b5A31d8bb53D2C769864aC137fe25F4989f1fd": 0.028822756021312894,
    "0x0a01f4A6711012157C1B33aD9c01aF7F526962f5": 0.035923393751817245,
    "0x4ddd9aF5f091A11438f3C4F618F1257D6D660Cb2": 0.03871517457372567,
    "0xfD8355b24aB8815cA2d76d1E495DC29B4330241f": 0.036939627819903294,
    "0x47A40A367b3298BE3da3BdE3994c5342e26f368b": 0.03833940115807442,
    "0x99BcEa6bB0403927fB3c038163478D5b42082Fd9": 0.022650738612253026,
    "0xC65F56eD1B59D21305DF058dde242968a752cb3A": 0.025817956599844014,
    "0xd9AaeEAa94FAD39bAf37B713E833105227bf1476": 0.023577652888111155,
    "0xDbD9416f32c409b3c7A29655AA515bd717616470": 0.028309312023835055,
    "0x61C196c7415643b7651a1c63F83263Fa976F5bB1": 0.0507055853856455,
    "0xDE26619C377F3BE82EeC1ef59aAD46a20681DAD7": 0.02958022329396827,
    "0x4f49D938c3Ad2437c52eb314F9bD7Bdb7FA58Da9": 0.038677010522566106,
    "0x9BC114CbDf47021f15416e720bC71b5341120E87": 0.029384282389655896,
    "0x004537FCd9095489EbE38180a382341B962b501d": 0.04566911778414342,
    "0xCcD9C5465faC5C0Df86fD9B7d524a5949dEFcef6": 0.02718836675168189,
    "0xC59F33af5F4A7C864738ce288A411ACF52338bF5": 0.01640368063182213,
    "0xcfB331ADE6D66Ad1cB6765a2dD51aD3Aa9A1400E": 0.04253692266527169,
    "0xA7b9D5Fc54eb3FfE1985a10e28d045a9b89487D0": 0.020417234804292965,
    "0x261c30aD69C3A89942F6C815914D004dD1fc4126": 0.0463579608531834,
    "0xC03808e0Af01563A739e408268d5517Dd7d710f3": 0.031171364039533567,
    "0xc1FC9153Ed12ea10A2b0a4041ddA9A061F6B5A66": 0.001182221591487377,
    "0xaF4C815CF13Bc8671a2a12BdE62aABEC24651ccC": 0.046949952532483276,
    "0x6147d56b02faBD35cd9fC2B80a60276cDf089521": 0.04556557839057847,
    "0x8bd7B5E860998607715Da42944cc9DE3486A3Ae2": 0.0218471805554468,
    "0xD431B7c1433FbA9a5aa5330E5211F4773B95E9d9": 0.05241828368036879,
    "0xF548BCf569Fb953Bf4f9dFbb67267D5824c8da63": 0.039353497957250294,
    "0xe1E2a52a21226ba37f28ba6Cdf59F20156798F94": 0.02517386734563247,
    "0xD9F9F15e1DCdA849a48EE048892C9B31287C7598": 0.042845785100538616,
    "0x3153581d0C62cbCDffF6846e0aF474A719C36699": 0.04000973459565827,
    "0x430c1322942bdD9e544Be9fC5f7F556F7563F1b6": 0.015539780907975831,
    "0x4B8aef878255F6242606Fe5e73D659004F5A34fA": 0.031041164939111885,
    "0x9B864dDE6ED1c21608b1665a0ac0fAA4F7E36e6E": 0.004500916053988187,
    "0x962e2be011dfF38484872dDD0c8611fb48D596e2": 0.016768129141607375,
    "0x03714103Cb74F7c3975b13c06Dee8230071A49a8": 0.004668784766163009,
    "0x996b4449b9D6FF2d3b5EbCE4ad0474891CBBF4db": 0.04457579323186116,
    "0x5D80A493A38c3b6A43852f8282a3392C250bE12e": 0.04548246431911646,
    "0xBe4A879a47f534306650023e9753e56Da76C2661": 0.005276548677324493,
    "0x8d776BcE309213C39a2e7d3De8511D54d8c6b359": 0.004652057592207458,
    "0xd7AAB4E00090B215f2124bb54BD5703FaCcc757a": 0.005328583684631723,
    "0x6573e30Ee0ad46BC9aFA0C2aDb0D3f147D658EFE": 0.03899274635250543,
    "0x3D65eD138686e2AD54006d4Db83aD4597D645370": 0.022326920432388608,
    "0x1DE746BB64222C304b38F84613745323cB6C7fC1": 0.026076219440285858,
    "0xd17EB770E4E209C186cEDA0d7E09bFC03D792b36": 0.025679341293116775,
    "0xDF505B8811C4CD09C40E1c02e908D6fe36C2fFDA": 0.022006797705687094,
    "0x744c2f5FadbC305d20Fc91274b71a6896d294946": 0.03741665949433543,
    "0x30b2DAEb3757B6C7462cd0D776828F8d7398BE50": 0.0378950559194882,
    "0x9b8f31D4A132cFd3425EEf49076e56e60Dc1Ed2F": 0.029239136152198395,
    "0x4a3755eB99ae8b22AaFB8f16F0C51CF68Eb60b85": 0.013930249293701843,
    "0xB038E798Dd142EA6b3183c87d78B12D58F65F629": 0.04686146023045024,
    "0x92A68D175FceA10f5A253331e56b688770714B68": 0.04652216589539028,
    "0xb5eeDdFF4641Fea71C0b9A344AEd1a49E38e55d5": 0.03954941940296796,
    "0x66b5409f52d23ef87bDBfaa7312F8D790755fE13": 0.04043988213314643,
    "0xdF3aD3aD48fa33A4E9DC90Cc2e2b2b3480Df4807": 0.004733054943860269,
    "0x6dC894E9A906D0FE3b710724746dB84FE36190e1": 0.004410781735091619,
    "0x96c00fDDa3f3129A55C0Bc9b48Ef504C3D5594e4": 0.016272608579345815,
    "0xeF7220723E580F03A8f8b076Ee8623b1dF0103fa": 0.016886003673233233,
    "0xf445567E961c533e26430005c142DEe831A6376e": 0.027161743027578233,
    "0x69d0a6CCB76F3F7EF96DAda03B01B555E76fa819": 0.017615166983882175,
    "0x996d5138843993Cebc554c20d82310a43802aFF1": 0.045636336005194525,
    "0x07B83aD78CACb5a730D719902CF9Ef59fB38DA98": 0.035315690837843215,
    "0xD25f7e77386F9f797b64E878A3D060956de99163": 0.022836394677274687,
    "0xFa93E76Bb7de1071D6f9C0f77Af883c2a944B2d1": 0.048967582749872805,
    "0xDF67cbA8261c6D8C15c735009F61e2CC9F852DE3": 0.03098712577962962,
    "0xB21bE96Dc75717272402eF97A5CC144544263E3c": 0.035364956340207594,
    "0x2b433E0D9E38Df82Ec700679B98643ba5Ff4a9FA": 0.042255937078629686,
    "0xf74CCc0d8Fe5B4f93D054D9A4eC07ec5ca29f4D1": 0.002504129525754626,
    "0x36c12a3a48A4a6e3000ce27217c8C9e8591ba48d": 0.023961303827689615,
    "0xc9Ec3f75957136743A274d9334647726b9ec1D13": 0.02152038837456592,
    "0xe8b0a13e65Cc30E142EB125bFA3Fb4DE3a190ad8": 0.04770161194354547,
    "0x89334e22d224bbD53267695EF5A3B6bD49f0bf3f": 0.00772410918226134,
    "0xfEe5BE290D4A1A50CAFf611389Ba2120A4095d78": 0.03434130632694643,
    "0xcCE9A28b570946123f392Cf1DbfA6D2D5e636a1f": 0.019564781864174857,
    "0x128b7E7F0Bfa7CdA46bB4728A0DA88dBaA095026": 0.00909758930562089,
    "0x336B9DE28D67D692C31DF93A9b8630B2Fa50d88f": 0.058530264072772106,
    "0x8D4c39b6A9c7cec94Cffef12f4eC019765b4128e": 0.048340941501576945,
    "0x11eFc2638184a0382BF1bb29C4047c6111F8f3C7": 0.03516880011555671,
    "0x7cac2ab1CF9dc459ca88A85D72Ac94DE2691f1E5": 0.036512469648327675,
    "0x2f8320C2Dc28681Aa5BBF92e79C37BE656a7D5F1": 0.03813857653166195,
    "0x260D417fBD1716B1375CD311f8a6677c4a780B3A": 0.02531069394809194,
    "0xaE90B9bc86DBa4D1C0ff98c496df2331220FC2cd": 0.024980816339796912,
    "0x8D41268cB892538BE8b735DdE5aE35aA0eC61053": 0.003567086346403396,
    "0xa2E5Dbd496e25A194a11FC3e4Ad5AdA199e827F4": 0.028947000143131934,
    "0xc675Db75C736e3eB89541C27CA26DEAf274cfCDC": 0.02326264474476148,
    "0x96a31A35a4013AbCa3e8972B53A42E50C84c5dd3": 0.04195396631745613,