{
  "votingContractAddress": "0x8B1631ab830d11531aE83725fDa4D86012eCCd77",
  "rebate": "22",
  "fromBlock": "14880747",
  "toBlock": 15052006,
  "shareHolderPayout": {
    "0xdf67cba8261c6d8c15c735009f61e2cc9f852de3": 201.28370683456214,
    "0x5963d72760d2703c35b4b3cc7eda0b425d10788d": 170.71711176576042,
    "0xee160154b02a2e404c6c13ff0b28ed76010cf07d": 195.84433965482148,
    "0x80cd5224a98ee004229bb1e6a59c829501f94b72": 214.50092712395931,
    "0xf71866a90c24209e13bb9f65307cea120a939d79": 101.64093532238938,
    "0xdb19c47e87ed3ff37425a99b9dee1f4920f755b9": 174.52085401839028,
    "0xa3f76c31f57da65b0ce84c64c25e61bf38c86bed": 114.55718584304651,
    "0x0f9c7aae4a3db5d226371b4a68f8a47ee97fa757": 94.06376964040678,
    "0xdae6878c6756d804a8e7b056f9eac38ad1fbded9": 15.506955248526848,
    "0x914370354cefac2202c46d933685e87f05c7d718": 13.90501073705261,
    "0x8b64673c9a482913a6e2c1298637532947cd96ee": 188.5091152942799,
    "0xd9f9f15e1dcda849a48ee048892c9b31287c7598": 171.32848803583838,
    "0xdb2808ed6cf0b8b9686222689cf4f6e88e42b80a": 155.32660617048137,
    "0xd2a78bb82389d30075144d17e782964918999f7f": 186.08468434682428,
    "0x433219bf17ee5b210d472270d9e0eb6a57ae5fb2": 145.38297504966314,
    "0xfec2ade141272f5271febadfca5d21ca30fc04a5": 185.70319936301001,
    "0xfc204fcfd2a579157898a212ea25ac98de2b1e1c": 172.7979243148685,
    "0xdd07dc252642fefc342418d9305e556c627f891b": 87.0340832201124,
    "0xe47df6ddf4022ec7d37e31325e0fe982eff3ef41": 159.6146109367109,
    "0xe63757e3cd485c9b35b3a972fffa2d91b8649483": 139.56424939055736,
    "0x7da740d237575470b19284ec013fb5ea1f680f00": 126.40113146235254,
    "0x07148984389eddf3a188943807310ea9e22cef50": 128.41022109085222,
    "0x7cc541816b921bc5a172b6b10fa396664a6d2164": 169.31758112914366,
    "0xb5eeddff4641fea71c0b9a344aed1a49e38e55d5": 123.13982671984449,
    "0x30b2daeb3757b6c7462cd0d776828f8d7398be50": 93.63792002326703,
    "0xa4e3555ab4bb3edd2f50b82279d30d6b49261fcc": 176.84703638797504,
    "0xcfc50541c3deaf725ce738ef87ace2ad778ba0c5": 46.471237307729886,
    "0x2367432dc27e2e96b7ab8a0b0e4fcb28dd5a1c1f": 109.65790174386528,
    "0x57ef012861c4937a76b5d6061be800199a2b9100": 94.54640037598905,
    "0xd9aaeeaa94fad39baf37b713e833105227bf1476": 139.57999395822523,
    "0x1a3f00a013670becaf3e51b5db8c0a530b5bf08f": 50.22713727682357,
    "0x48c7e0db3dad3fe4eb0513b86fe5c38ebb4e0f91": 140.06101494437058,
    "0xe6b5a31d8bb53d2c769864ac137fe25f4989f1fd": 140.33787196722085,
    "0x2a0e2e3bcc873a6fbd6687b4e4eeb4f8b74af129": 56.388623596338824,
    "0x110f0b1faa1cb6eed49883f960808c95f609f6fd": 189.9476871592567,
    "0xf445567e961c533e26430005c142dee831a6376e": 60.33400309721918,
    "0x0bfd7ae78ed2b89f7e7d85938e9317b5d494047b": 115.44033278205822,
    "0xb37a1b71d206fa7b48b297900ec62cd31f5c78fd": 52.726962530350505,
    "0xea7c2df8ab95bf0af91f8e4034b493733aca21df": 127.9068037710597,
    "0xeed339990e56ac554215ae9e1aa8d81a6e40b84b": 80.35501831511617,
    "0x239b74c2e5505634b7c38c8eeb1de385a16e24e2": 57.05721090570435,
    "0x7e367235ef80109531113d8284a5593ba6a40c22": 112.67911448291856,
    "0x7b2483d0f917a4f7a04d1e13743c99ad9d249462": 81.3029589357014,
    "0x69d0341d380a1229f4751a0a721345dbc716586c": 112.66433324294601,
    "0x61d62b3d530ab8174dbfade1675d856c5c5c9fcd": 69.32791446316708,
    "0x9a97c80956bce4dd87c2df6a93900dbfcbf0d60a": 123.74582920578793,
    "0x537860d48d589364c9d86e115e608702fee4375c": 122.91303965818469,
    "0xbbb5312ef2a76f29cdf9e907863464c16e24210f": 114.46722564615405,
    "0x384d91e6b8d032ab9d844eb58b85df6543e616f0": 125.84485808991086,
    "0x30daba789bf9390a75d6b4f0efd21eff03f16c19": 36.560571096597265,
    "0x4ddd9af5f091a11438f3c4f618f1257d6d660cb2": 31.68772725454071,
    "0xac465ff0d29d973a8d2bae73dcf6404dd05ae2c9": 20.743288836393244,
    "0x6ab880afd1e0c7786cc5d05f4fd9b17761768da8": 16.997925509447104,
    "0xa31c2232842e631ccb2d2e4110b356bab21e6020": 7.158855588030019,
    "0x9b6f4d48fd61313204f7c8fbe9dfec6384aa4ced": 11.694225502741496,
    "0x8369e7900ff2359bb36ef1c40a60e5f76373a6ed": 11.558275079309665,
    "0xd1f8f4e8c4ae63964efb761a97503c128b7fa732": 24.249278096321426,
    "0x69e69571d0d07edbede6c43849e8d877573ee6bf": 13.14921284290101,
    "0x2e47e3f888d561c28ffa2a7fe3a2b2794778de0a": 12.360908449623807,
    "0x8348c5ec31d486e6e4207fc0b17a906a0806550d": 13.850839696692907,
    "0xabbcf7b0735e4eb152fd13fa02691cc046fac0bd": 88.04820718659579,
    "0x3d88456277e32d62575267c3564b72387c3f21f7": 135.98703629999648,
    "0x50e453636f153ded412eca1ecc3e520a206b3496": 59.17030279557392,
    "0x3b271e8f1409e8e90c484d3591143bd7e1d2a177": 125.62773671752784,
    "0x49e0cdd718d330e5a27856256236b4e56a76d3fb": 113.13354691203958,
    "0xdcf99ba641c98e37df8ea31188ad7e7fa5501b09": 127.92614964388943,
    "0x66b5409f52d23ef87bdbfaa7312f8d790755fe13": 83.88549623048114,
    "0xc3d26aa4954816330c5ffc9bb2d46acbceaff130": 126.60565523570183,
    "0xb0903a62f5ca7a215aa67232ba691cb801decd5b": 117.50067928276852,
    "0x336b9de28d67d692c31df93a9b8630b2fa50d88f": 100.16126570929711,
    "0xbca0fd352dce62fa1b7c7f9fa8f0c1de7fef09d9": 131.0849470805826,
    "0x2cf6988d57d0df95d3ff37cdfbfe0520f15c860f": 123.68469430498124,
    "0xfdf7f859807d1dc73873640759b2706822802529": 106.49180865361032,
    "0x4b070c428ddbb49524abf2d4be4998c1e3b6f3a5": 130.43355088438716,
    "0x3d65ed138686e2ad54006d4db83ad4597d645370": 106.94957415937829,
    "0x11efc2638184a0382bf1bb29c4047c6111f8f3c7": 111.50374967397137,
    "0x7cac2ab1cf9dc459ca88a85d72ac94de2691f1e5": 111.49875282335339,
    "0x8a6800c753ed8ed19e0df473a97a7a94b2cecf54": 124.11885110101568,
    "0x82b6a4ebc3904b7aabd4e85510045eff0d43a6bd": 102.24081911363422,
    "0x969397c71eb51f7fdcf6527db4d97871b05d6f63": 125.7148958041775,
    "0x9e3a4ed4eea5c27a5e82a32e90482a4827a4ae80": 116.95953493149896,
    "0x4cbacd6821b53ea9a41e8383303b8a78e3a9edfa": 111.84824765183293,
    "0xacd3dc5c6f9cb967b5e1f719001e85039b0c976f": 77.52471353601469,
    "0xe7dce0b9276256cd192aa9297595eb4e22c11490": 27.470753553861883
  },
  "priceData": {
    "dailyAvgGasPrices": [
      { "timestamp": "1654028692", "avgGwei": "100" },
      { "timestamp": "1654115092", "avgGwei": "100" },
      { "timestamp": "1654201492", "avgGwei": "100" },
      { "timestamp": "1654287892", "avgGwei": "100" },
      { "timestamp": "1654374292", "avgGwei": "100" },
      { "timestamp": "1654460692", "avgGwei": "100" },
      { "timestamp": "1654547092", "avgGwei": "100" },
      { "timestamp": "1654633492", "avgGwei": "100" },
      { "timestamp": "1654719892", "avgGwei": "100" },
      { "timestamp": "1654806292", "avgGwei": "100" },
      { "timestamp": "1654892692", "avgGwei": "100" },
      { "timestamp": "1654979092", "avgGwei": "100" },
      { "timestamp": "1655065492", "avgGwei": "100" },
      { "timestamp": "1655151892", "avgGwei": "100" },
      { "timestamp": "1655238292", "avgGwei": "100" },
      { "timestamp": "1655324692", "avgGwei": "100" },
      { "timestamp": "1655411092", "avgGwei": "100" },
      { "timestamp": "1655497492", "avgGwei": "100" },
      { "timestamp": "1655583892", "avgGwei": "100" },
      { "timestamp": "1655670292", "avgGwei": "100" },
      { "timestamp": "1655756692", "avgGwei": "100" },
      { "timestamp": "1655843092", "avgGwei": "100" },
      { "timestamp": "1655929492", "avgGwei": "100" },
      { "timestamp": "1656015892", "avgGwei": "100" },
      { "timestamp": "1656102292", "avgGwei": "100" },
      { "timestamp": "1656188692", "avgGwei": "100" },
      { "timestamp": "1656275092", "avgGwei": "100" },
      { "timestamp": "1656361492", "avgGwei": "100" },
      { "timestamp": "1656447892", "avgGwei": "100" },
      { "timestamp": "1656534292", "avgGwei": "100" }
    ],
    "dailyAvgUmaEthPrices": [
      { "timestamp": "1654028692", "avgPx": "0.001707191713322218" },
      { "timestamp": "1654115092", "avgPx": "0.001692131019884949" },
      { "timestamp": "1654201492", "avgPx": "0.001688675846122505" },
      { "timestamp": "1654287892",