{
  "votingContractAddress": "0x004395edb43EFca9885CEdad51EC9fAf93Bd34ac",
  "rebate": 30,
  "fromBlock": 16730072,
  "toBlock": 16943479,
  "countVoters": 101,
  "totalRebateAmount": 1889.9046678327907,
  "shareholderPayout": {
    "0xeE160154b02A2e404c6c13ff0B28Ed76010cf07d": 22.934280567839988,
    "0x336B9DE28D67D692C31DF93A9b8630B2Fa50d88f": 30.960545077444767,
    "0x7c8eba6dF6115D4C9A84E83F77B7E6Bb9d266c2A": 35.271211335974456,
    "0xac21e8867f4EC67fd1c03f0cfFB6c2961fD45a4b": 25.225571742226165,
    "0xd9AaeEAa94FAD39bAf37B713E833105227bf1476": 24.19160190233424,
    "0x8A6800c753ed8ed19e0DF473A97a7a94b2cEcF54": 34.04520072510813,
    "0x1BE514893Bfd6f13f508A71a37B0246Ed7b4Bb8a": 27.372871161253432,
    "0x9E3A4ed4Eea5C27A5e82A32E90482A4827a4ae80": 26.176640710371135,
    "0x9A8f92a830A5cB89a3816e3D267CB7791c16b04D": 20.640404159698747,
    "0xB8034521BB1a343D556e5005680B3F17FFc74BeD": 2.993031548079751,
    "0xDCf99bA641c98E37dF8ea31188aD7E7Fa5501B09": 22.493843917423202,
    "0xc3d26aa4954816330C5ffc9bb2d46acbCEaff130": 21.782558350978267,
    "0xC03808e0Af01563A739e408268d5517Dd7d710f3": 23.242074008748457,
    "0x8B64673c9a482913a6e2c1298637532947cD96eE": 22.007974741431457,
    "0xD2A78Bb82389D30075144d17E782964918999F7f": 18.92875430823774,
    "0xf445567E961c533e26430005c142DEe831A6376e": 24.727824074999255,
    "0x3B271e8F1409E8e90c484d3591143bd7e1d2A177": 22.859031673098045,
    "0x80Cd5224A98EE004229Bb1E6A59C829501F94B72": 26.918809701773537,
    "0x4f49D938c3Ad2437c52eb314F9bD7Bdb7FA58Da9": 21.288585195119037,
    "0x11eFc2638184a0382BF1bb29C4047c6111F8f3C7": 22.410393757982984,
    "0x7cac2ab1CF9dc459ca88A85D72Ac94DE2691f1E5": 21.98579323398678,
    "0xFc204FCfd2A579157898A212ea25Ac98de2b1E1C": 23.67738836468631,
    "0x82b6a4Ebc3904b7aABD4E85510045EFf0d43a6Bd": 21.98468419504064,
    "0x126db3213b309A8D554594e591e614425cCaC78e": 20.41794023522571,
    "0x8A752066907ECc34Bb2a37f08C69701110aB04f1": 27.190173592156626,
    "0xF9D0De258931D88E370245Ebf8b40119EC91912b": 23.157577879534355,
    "0x47e87a4429636a7bbEBAfF101C9697E3941cE117": 16.239882354451588,
    "0xB0903A62F5cA7a215aa67232Ba691Cb801dECD5B": 26.86265499188027,
    "0xA3f76c31f57dA65B0ce84c64c25E61BF38c86BEd": 23.69157203272035,
    "0x69D0341d380a1229f4751a0A721345dBc716586C": 37.07008499792788,
    "0x3d88456277E32d62575267C3564b72387c3F21f7": 24.253156833565505,
    "0xDF67cbA8261c6D8C15c735009F61e2CC9F852DE3": 20.00345078253049,
    "0x66b5409f52d23ef87bDBfaa7312F8D790755fE13": 22.315495028499367,
    "0xb5eeDdFF4641Fea71C0b9A344AEd1a49E38e55d5": 22.467417257786245,
    "0x2A0e2e3bcC873a6fBD6687b4E4EEb4F8B74AF129": 24.131012093532114,
    "0x99BcEa6bB0403927fB3c038163478D5b42082Fd9": 12.088083159668459,
    "0xE7dCE0B9276256Cd192AA9297595Eb4e22c11490": 16.703990472708636,
    "0x30b2DAEb3757B6C7462cd0D776828F8d7398BE50": 21.799433813182862,
    "0x110f0b1FAa1cB6EEd49883f960808C95F609f6fd": 18.85198919237489,
    "0xACD3DC5C6f9CB967B5e1F719001e85039B0C976F": 21.53475634034939,
    "0x5568416Fc7E9D575277c78a4f8272e873839f001": 2.9344445745482397,
    "0xB018AC399491B9320A456ad0e696D2032b6bADD3": 3.351755008252351,
    "0xe6b5A31d8bb53D2C769864aC137fe25F4989f1fd": 17.96343749080961,
    "0x021F0b20dA3b0471c175fBC85eD5C09055FeC061": 19.216954843943928,
    "0x48c7e0db3DAd3FE4Eb0513b86fe5C38ebB4E0F91": 21.860331269277964,
    "0x760680a3000397929aed8c1f0f56B8b1AA6F7777": 26.712600758428877,
    "0x41FDaC31bFa2aC1235BDE9e19513e22f471ED6b7": 3.078807615175152,
    "0xF8AdA0A25a436644266F142a00446223e7D72d07": 5.520757804445309,
    "0x96c00fDDa3f3129A55C0Bc9b48Ef504C3D5594e4": 20.36816101782873,
    "0xDb2808ed6cF0B8B9686222689CF4f6e88E42B80A": 14.205399209935248,
    "0xe6Fcb51C7EE5D15A5C8fc2b23D167Db6A963c799": 19.07639955132671,
    "0xBe3BF9Bb42bF423695B792250BE206C9A58e2dE1": 12.721713702938155,
    "0xC4EeeB7DFd69D198DBd4Ea042FD026a68b89efe1": 16.789803156210095,
    "0x6352f003cA2EE26e2E6fa2077acAaAA29184cD3D": 21.707614703631446,
    "0x3D65eD138686e2AD54006d4Db83aD4597D645370": 31.49709422504004,
    "0x1fdef3D3c7984a945008C253caA6cf380fDdb16f": 21.45503667688374,
    "0x4B8aef878255F6242606Fe5e73D659004F5A34fA": 17.3486268151595,
    "0xb81C51ebD858A042f0b09b8C314E65C52565dF46": 7.868421069782399,
    "0x8bd7B5E860998607715Da42944cc9DE3486A3Ae2": 18.87247634968973,
    "0xcfc50541c3dEaf725ce738EF87Ace2Ad778Ba0C5": 25.584344443974146,
    "0x2cf6988D57d0df95d3FF37CDfBFe0520F15c860F": 24.1360028085623,
    "0x10b31Fd3325eDc63E0E4F8d800659a4Ef6C9F899": 4.93111718393592,
    "0xD431B7c1433FbA9a5aa5330E5211F4773B95E9d9": 23.734641446050407,
    "0x49e0cdd718d330E5A27856256236b4e56a76D3fB": 28.14179587892367,
    "0xE708e10a80c8FcFF34e7d6715446D7820318b0D5": 21.851408310762096,
    "0x0a01f4A6711012157C1B33aD9c01aF7F526962f5": 32.28008161596436,
    "0x644a7FF3CDFF23C3F10F25807A40Fa48AFF34885": 28.934627368158683,
    "0x820D47DBe4AC6eACE38656cb87077888330d918d": 32.14844586320177,
    "0x42d5a071a91056aD50E344794b3Ff8653088b27f": 29.34895605451403,
    "0x9b8f31D4A132cFd3425EEf49076e56e60Dc1Ed2F": 29.313633050140265,
    "0x186E20ae3530520C9F3E6C46F2f5d1062b784761": 4.656232173133377,
    "0x8E22f3D4De7D5DcaC53f1D47Aa045A1308A81929": 4.211749120810315,
    "0xD9F9F15e1DCdA849a48EE048892C9B31287C7598": 20.7895530791141,
    "0xce9e38c3ef9F8f5e603ab177568c46258d799f7C": 3.8660589970473613,
    "0xd1f8F4E8c4ae63964eFb761A97503C128B7FA732": 17.404398563904063,
    "0x7ceb2a5C3395A5cfE09B66E7cEd496061301c316": 27.701063353940818,
    "0x07148984389eddf3A188943807310EA9E22Cef50": 30.400056522832976,
    "0x7b2483D0f917a4F7A04d1E13743C99ad9d249462": 48.3754853769744,
    "0xfEc2Ade141272f5271FEbaDFca5d21Ca30fc04a5": 33.07017176954966,
    "0xa31c2232842e631cCb2d2E4110B356Bab21E6020": 9.884638135616907,
    "0x2367432dc27E2e96b7AB8a0b0e4fCb28Dd5a1C1F": 18.818152625602547,
    "0xA4e3555ab4Bb3edD2F50b82279d30D6b49261FCc": 9.76760408789437,
    "0x604b93b2C16554a39F1b136638E8B1a728e78Dfe": 1.8655355659608324,
    "0xe63757E3cD485C9b35b3a972fFFA2d91B8649483": 15.578277384020947,
    "0xfD8355b24aB8815cA2d76d1E495DC29B4330241f": 21.562130889475235,
    "0x9B6f4d48fD61313204F7C8fBe9dFeC6384aA4cEd": 10.405070551288356,
    "0xc5EdcFB179A14B809775d1632286f4dfa6c05022": 2.6094619798334477,
    "0xEEd7e1c7c9c68611584e8f6230178Ce0A48Eef7F": 6.792974039341768,
    "0x2993dB31D165c33D848e44A1C26a805bA411d324": 12.726482007495244,
    "0x7e367235eF80109531113d8284A5593Ba6A40c22": 21.236426411859597,
    "0x98beb6A9Ca2E68BFff5cC734a768B62330a836D9": 1.775284931198636,
    "0x868DBDeAb00447541647F6dFe56aA1563E9D66BB": 5.231591756780949,
    "0x1BEd1c888e70De74a088198D55f4ddA46ebDc0Bf": 4.399816784559837,
    "0x3D88E984b1deC0187DEEad28180Ab53969858081": 4.1865584726701,
    "0x236cF8dDef00B3120C2dF989Fa9EE1F0eE629142": 8.22863230048466,
    "0x4c9F7207be28278b9DCA129f2e211AcfFf48Fb01": 4.309295299833712,
    "0x6aEdb6460ABAE82F5ED77aF1d5e9Fe6F701d8c4A": 7.814360202173407,
    "0xdebA18a1CD3fd1c8FE74640d3959bA03AC7DB5f3": 6.665436705588683,
    "0xA7b9D5Fc54eb3FfE1985a10e28d045a9b89487D0": 6.600452643574478,
    "0x4D26f0e78C154f8FDA7AcF6646246Fa135507017": 8.46775386110438,
    "0x996d5138843993Cebc554c20d82310a43802aFF1": 4.651326859699482
  }
}
