{
    "votingContractAddress": "0x004395edb43EFca9885CEdad51EC9fAf93Bd34ac",
    "rebate": 33,
    "fromBlock": 17382266,
    "toBlock": 17588386,
    "countVoters": 96,
    "totalRebateAmount": 3.8720959936434527,
    "shareholderPayout": {
        "0xeE160154b02A2e404c6c13ff0B28Ed76010cf07d": 0.004861043390944235,
        "0x336B9DE28D67D692C31DF93A9b8630B2Fa50d88f": 0.05776809831905775,
        "0x126db3213b309A8D554594e591e614425cCaC78e": 0.04416063229419192,
        "0x11eFc2638184a0382BF1bb29C4047c6111F8f3C7": 0.07191500173368952,
        "0x7cac2ab1CF9dc459ca88A85D72Ac94DE2691f1E5": 0.06818528503684232,
        "0xFc204FCfd2A579157898A212ea25Ac98de2b1E1C": 0.06308200938897739,
        "0x82b6a4Ebc3904b7aABD4E85510045EFf0d43a6Bd": 0.06953565670147102,
        "0xc3d26aa4954816330C5ffc9bb2d46acbCEaff130": 0.044850873944345566,
        "0xD2A78Bb82389D30075144d17E782964918999F7f": 0.05041471483611615,
        "0x7c8eba6dF6115D4C9A84E83F77B7E6Bb9d266c2A": 0.032836372440354755,
        "0x66b5409f52d23ef87bDBfaa7312F8D790755fE13": 0.048988773746416754,
        "0xfD8355b24aB8815cA2d76d1E495DC29B4330241f": 0.048868144536127825,
        "0xac21e8867f4EC67fd1c03f0cfFB6c2961fD45a4b": 0.056309196464134396,
        "0xbbf01C2c007F2fE5D2e26dBc6Ad0b45C61D6D765": 0.06115148849150121,
        "0xa31c2232842e631cCb2d2E4110B356Bab21E6020": 0.013451796040691905,
        "0xDb1Ed00EBd95E74399F508B75203b3703EddaC8A": 0.015307982,
        "0xb5eeDdFF4641Fea71C0b9A344AEd1a49E38e55d5": 0.04785553672438453,
        "0x51FcFc7D4A032478B8919e30cE52B39FbE823Fe8": 0.01956279167832307,
        "0xA3f76c31f57dA65B0ce84c64c25E61BF38c86BEd": 0.05636359101387738,
        "0x6573e30Ee0ad46BC9aFA0C2aDb0D3f147D658EFE": 0.05459611389283735,
        "0xf445567E961c533e26430005c142DEe831A6376e": 0.013044344180466901,
        "0x7b2483D0f917a4F7A04d1E13743C99ad9d249462": 0.020741611417044014,
        "0xA4e3555ab4Bb3edD2F50b82279d30D6b49261FCc": 0.07325791814876297,
        "0xBdDbc13abDC4d3b617c2e573C26cd5a7F24A0478": 0.04754363974889363,
        "0x357A54465ed928C48C2A8bb0179DC67Ace5250f8": 0.04812448487793199,
        "0xe6b5A31d8bb53D2C769864aC137fe25F4989f1fd": 0.04249249443996603,
        "0x2993dB31D165c33D848e44A1C26a805bA411d324": 0.037111446528307876,
        "0x342061D54cff1F4886aA3cfcfd2A9BaDc324bdf1": 0.0455589129967357,
        "0xDF67cbA8261c6D8C15c735009F61e2CC9F852DE3": 0.08251802935339124,
        "0xd9AaeEAa94FAD39bAf37B713E833105227bf1476": 0.03631677291298879,
        "0x9B6f4d48fD61313204F7C8fBe9dFeC6384aA4cEd": 0.05369933862712099,
        "0x69D0341d380a1229f4751a0A721345dBc716586C": 0.06633158019836398,
        "0x8bd7B5E860998607715Da42944cc9DE3486A3Ae2": 0.04605099820755655,
        "0x1C389f1f85Cdb3C2996b83fAc87E496A80698B7C": 0.00350013150957826,
        "0x8B64673c9a482913a6e2c1298637532947cD96eE": 0.053043472487255425,
        "0xD9F9F15e1DCdA849a48EE048892C9B31287C7598": 0.05787779674716642,
        "0x644a7FF3CDFF23C3F10F25807A40Fa48AFF34885": 0.05811123854887522,
        "0x96c00fDDa3f3129A55C0Bc9b48Ef504C3D5594e4": 0.04365321303129803,
        "0x5fae72cef85ADAeA0d29dfc6e417A028bC7921C8": 0.049881129733974454,
        "0x2cf6988D57d0df95d3FF37CDfBFe0520F15c860F": 0.072153313650231,
        "0xD431B7c1433FbA9a5aa5330E5211F4773B95E9d9": 0.04121939348442031,
        "0xC03808e0Af01563A739e408268d5517Dd7d710f3": 0.053989056333275436,
        "0xE708e10a80c8FcFF34e7d6715446D7820318b0D5": 0.04288878107364237,
        "0x2141937a7d3f34ad19F227a6294604C55547A0E7": 0.001897716194121096,
        "0x07148984389eddf3A188943807310EA9E22Cef50": 0.04622168088634226,
        "0x3D65eD138686e2AD54006d4Db83aD4597D645370": 0.05520679114722906,
        "0x07B83aD78CACb5a730D719902CF9Ef59fB38DA98": 0.040334734153208804,
        "0x45F2aBcE86a938Bb4d4633048dfA15bED7A5E310": 0.04965242101751581,
        "0x4B8aef878255F6242606Fe5e73D659004F5A34fA": 0.05000484779838171,
        "0x7ceb2a5C3395A5cfE09B66E7cEd496061301c316": 0.05178974105699696,
        "0x820D47DBe4AC6eACE38656cb87077888330d918d": 0.08761436715760135,
        "0x9b8f31D4A132cFd3425EEf49076e56e60Dc1Ed2F": 0.08542661733100916,
        "0x42d5a071a91056aD50E344794b3Ff8653088b27f": 0.07950425352691709,
        "0x4c9F7207be28278b9DCA129f2e211AcfFf48Fb01": 0.03203529512586213,
        "0x110f0b1FAa1cB6EEd49883f960808C95F609f6fd": 0.05149430316151562,
        "0x3d88456277E32d62575267C3564b72387c3F21f7": 0.048416257188561435,
        "0x6aEdb6460ABAE82F5ED77aF1d5e9Fe6F701d8c4A": 0.049871384461942864,
        "0x99BcEa6bB0403927fB3c038163478D5b42082Fd9": 0.010199336909080928,
        "0x021F0b20dA3b0471c175fBC85eD5C09055FeC061": 0.018214733929969112,
        "0xDCf99bA641c98E37dF8ea31188aD7E7Fa5501B09": 0.0454734323992927,
        "0x3B271e8F1409E8e90c484d3591143bd7e1d2A177": 0.05846912645949022,
        "0xcfc50541c3dEaf725ce738EF87Ace2Ad778Ba0C5": 0.05083306479538236,
        "0x760680a3000397929aed8c1f0f56B8b1AA6F7777": 0.017247915937477307,
        "0xF9D0De258931D88E370245Ebf8b40119EC91912b": 0.05577895893054373,
        "0xfEc2Ade141272f5271FEbaDFca5d21Ca30fc04a5": 0.05216050474537821,
        "0x49e0cdd718d330E5A27856256236b4e56a76D3fB": 0.0625454762457174,
        "0x2A0e2e3bcC873a6fBD6687b4E4EEb4F8B74AF129": 0.07299077238439115,
        "0xA7b9D5Fc54eb3FfE1985a10e28d045a9b89487D0": 0.060496448829181884,
        "0xCf7cdBBbf4be10b5f716b297B53d369626a8AA57": 0.010860229578293207,
        "0x8A6800c753ed8ed19e0DF473A97a7a94b2cEcF54": 0.04532577376417416,
        "0x30b2DAEb3757B6C7462cd0D776828F8d7398BE50": 0.007923484584542836,
        "0x1fdef3D3c7984a945008C253caA6cf380fDdb16f": 0.056375404794347606,
        "0x5bdAfB8d0270F2833433CCd77493dC40BA94C0f6": 0.01659256206366313,
        "0x7e367235eF80109531113d8284A5593Ba6A40c22": 0.05574993170682313,
        "0x85f545CEeB98c8FB47C9d4411450D018Cf1E3064": 0.04859171584558903,
        "0xc15dc0B4223b05588A257E48Ed129Fb59C6eB7E3": 0.002825719275416115,
        "0x64f7354Fb18B7CeE35746078E1521B93feE6E061": 0.04875190261333458,
        "0x996d5138843993Cebc554c20d82310a43802aFF1": 0.040697345176891685,
        "0xc07B016E13F8d8a4C742b6ea3A86d249E8F58d18": 0.021913671603466384,
        "0x62763A0D45Eb16EFe2B9f2f30743BE0e6ec3A207": 0.035848383479412625,
        "0x48c7e0db3DAd3FE4Eb0513b86fe5C38ebB4E0F91": 0.040350639655337334,
        "0x4f49D938c3Ad2437c52eb314F9bD7Bdb7FA58Da9": 0.052172781114620544,
        "0xAC465fF0D29d973A8D2Bae73DCF6404dD05Ae2c9": 0.03389580541568425,
        "0x245018db6890b79E500dF2803D0d7131299CEB5B": 0.006232313719877732,
        "0x33F7EeAa7e33971538E119C6237437da2d6818Ae": 0.00565352459151699,
        "0x55Ac8583f0B819f41B651C97861b23b1FB453bF3": 0.007517466152529225,
        "0x9419eC20D1E8E809cd276B25b31B5735F346dB87": 0.003866538062515744,
        "0x810579df95114854Bbc01a27Ae16c309ed2f4615": 0.005814924540926434,
        "0xbd5eb58790C4C8FE959f8Ea9d736DB3619A59300": 0.009072321503677719,
        "0x3204bE573C79b0B194E092CF83AEAc827339C826": 0.00329308,
        "0xb57664ff4AcE63E947Bee7Bc7d5E2d8742773d47": 0.006644229195968048,
        "0xb1CF3a9145e708dc6F31b10B40675251Fb89ab62": 0.006542809433380644,
        "0x0a01f4A6711012157C1B33aD9c01aF7F526962f5": 0.014658747789278094,
        "0x08A8F08bd1e7eAF0d1eC7E81b60E194ea783B996": 0.00828405510095393,
        "0x4ddd9aF5f091A11438f3C4F618F1257D6D660Cb2": 0.016585596275701053,
        "0xb7A05b89bAd9f2B9f4C29393806400D643AB4C0b": 0.007000653920887631
    }
}