{
  "votingContractAddress": "0x8B1631ab830d11531aE83725fDa4D86012eCCd77",
  "rebate": "7",
  "fromBlock": "11720435",
  "toBlock": 11948416,
  "shareHolderPayout": {
    "0xf2bafa3cb26cfd8ddbfa5957eda9a77dffdea84e": 8.306828486734624,
    "0x2a0e2e3bcc873a6fbd6687b4e4eeb4f8b74af129": 7.2498311299129075,
    "0x3f60a58dbaafc585bbcd2ab7b3b20e1fa3ff4d93": 7.081776225735585,
    "0xc3e860af1fd9cbd53621bd56e53ec6e257e5bbdf": 6.978597495391595,
    "0x4a73243b237b7d4c931971d04558427a871ed0d2": 7.077334728649299,
    "0xfdac618ddb79f77eb2ea5c52b7c50f8f728dafce": 6.875212374160473,
    "0xac465ff0d29d973a8d2bae73dcf6404dd05ae2c9": 6.870909938252982,
    "0xd2a78bb82389d30075144d17e782964918999f7f": 7.081428331910232,
    "0xdb2808ed6cf0b8b9686222689cf4f6e88e42b80a": 6.744410559531118,
    "0xd7925984736824b4aecf8301c9aee211cd976494": 7.082054348093178,
    "0xc2bbc6fc304fd906bb63d61a0e2c2f6fc3e3ca0d": 6.876185802412046,
    "0xb46b1a83bfb73d4acd5a56f79774919e7b939af0": 6.767625811584361,
    "0xfec2ade141272f5271febadfca5d21ca30fc04a5": 7.0821216778015135,
    "0x7c8eba6df6115d4c9a84e83f77b7e6bb9d266c2a": 7.869503682535754,
    "0x2ea5b7c369cb88c171466bb6dcf3cbe1c508fbea": 6.273479420073142,
    "0x49a8a045eae2c9d4a7c7e2919ba957064bd59252": 6.074898092429663,
    "0x4472566fce8da1cb980cb9046fddfc04c26366e4": 5.816240880245089,
    "0xbf87c98f8a9c1f2a88b613813ec1e974105eb615": 5.988702932191625,
    "0x7f491e497e85836e59d0188c35221d3d6fc92d6f": 5.902680497986552,
    "0x67d24f48f1b58c4d4dcda57ba2386dce76353fa2": 5.902330644158498,
    "0xe7b80338fe1645af7e6e1d160f538e04241b9288": 5.665713384195339,
    "0x381b4b6f8a2375a8f1f6d9f55ee3a876c974ea1a": 5.538590785147242,
    "0x6888ff4be3262f3232e1c022de731680a16ddda7": 5.642496909187809,
    "0x797e1f1765a0071454f443114bf26a53f798c071": 5.988841993370421,
    "0x1c7d7c15f0da3c9a211776870ed82a01cbb7797b": 4.466739720877911,
    "0xa092db6d22a9710deb17c8fd748bba52fff1f15c": 5.005068720861165,
    "0xdc6b04b4e40fde7c0e9ee1171f913febdbb4b88b": 4.535251733648618,
    "0xfc119030940852a33fbb787a6fd086efcabe458f": 6.012231194410916,
    "0xed6bf5eeffdcff967184747648f1c3b578a2f430": 5.665435261837747,
    "0xf8c42927a60cbd4a536ce24ef8bed00b16a9b44b": 5.579480157341008,
    "0x94b1b210820029fa81cbdc3253b1103b16abfc34": 5.6423241831548445,
    "0x24d0db7e182fcd29ddea14c04bcb182c89cbb0c0": 5.493251332248803,
    "0xad2b08f878c0be4c4162a72bbf7c0f547f93bd9f": 5.469440545909794,
    "0xf89e25871817ac312fca9a5b13c5a54c29ccae93": 5.57913470527508,
    "0xccd9c5465fac5c0df86fd9b7d524a5949defcef6": 5.1430661746541535,
    "0x09941beee359c0934e9c2575774acec7c6707f44": 5.902853224019515,
    "0x49d35f682c79a59efaa33a84b3749f3fa2f882d9": 5.5796909499902645,
    "0xbe3bf9bb42bf423695b792250be206c9a58e2de1": 5.641801603293827,
    "0x73faf4be6cb43489b8f6e8a4ed3ccd804eb18586": 5.5563354138039385,
    "0xf18da2faba96793f02264d1a047790002f32010f": 4.466600659699115,
    "0xde3af8bb46d556df3d7c99cc313c4b5713b4a5a5": 5.902680497986552,
    "0x73aa72cc803cb8706240aa2fdfde520088eeddfe": 5.902541436807755,
    "0xe311958ac79b41bf3a0595470a964b8efbe0fb36": 5.988180352330608,
    "0x8bd16de8938a2ad16794ac7e7502896f156e370c": 5.556301748949771,
    "0x99da44e86bd44fe9c69ea334d505be9bfe24a20a": 4.397043487206372,
    "0xd5aff9f7c8821aa0ad92f8ecb5f699db03dedca3": 5.984170348761129,
    "0x980165226eab8d569640a981c68e04bc44067088": 5.988736597045793,
    "0x97745fccd81de84b572a1353680e3ab2f559bd33": 5.902436040483127,
    "0xe5ff2c80759db9408dc9fd22b155b851cd5aaa94": 5.555884565413383,
    "0x02c0d734efda6a689375933d8eecc89ed94687a2": 5.469512277380255,
    "0x90dad690c82b6e52dc689fc9fdd01b99c50db7f3": 5.9024023756289585
  },
  "priceData": {
    "dailyAvgGasPrices": [
      { "timestamp": 1611446400, "avgGwei": "81.094537437" },
      { "timestamp": 1611532800, "avgGwei": "108.165111899" },
      { "timestamp": 1611619200, "avgGwei": "85.152958296" },
      { "timestamp": 1611705600, "avgGwei": "100.000938092" },
      { "timestamp": 1611792000, "avgGwei": "94.810705889" },
      { "timestamp": 1611878400, "avgGwei": "140.718048076" },
      { "timestamp": 1611964800, "avgGwei": "113.279829168" },
      { "timestamp": 1612051200, "avgGwei": "128.793092351" },
      { "timestamp": 1612137600, "avgGwei": "153.670444525" },
      { "timestamp": 1612224000, "avgGwei": "175.725125692" },
      { "timestamp": 1612310400, "avgGwei": "173.452930944" },
      { "timestamp": 1612396800, "avgGwei": "232.624122045" },
      { "timestamp": 1612483200, "avgGwei": "252.332377959" },
      { "timestamp": 1612569600, "avgGwei": "179.640400255" },
      { "timestamp": 1612656000, "avgGwei": "160.070061791" },
      { "timestamp": 1612742400, "avgGwei": "212.876143856" },
      { "timestamp": 1612828800, "avgGwei": "233.57364212" },
      { "timestamp": 1612915200, "avgGwei": "213.088755493" },
      { "timestamp": 1613001600, "avgGwei": "175.206973615" },
      { "timestamp": 1613088000, "avgGwei": "180.073474689" },
      { "timestamp": 1613174400, "avgGwei": "188.806380037" },
      { "timestamp": 1613260800, "avgGwei": "150.406446159" },
      { "timestamp": 1613347200, "avgGwei": "178.714935402" },
      { "timestamp": 1613433600, "avgGwei": "173.040148593" },
      { "timestamp": 1613520000, "avgGwei": "173.353196892" },
      { "timestamp": 1613606400, "avgGwei": "183.087330179" },
      { "timestamp": 1613692800, "avgGwei": "186.185551001" },
      { "timestamp": 1613779200, "avgGwei": "201.536365984" },
      { "timestamp": 1613865600, "avgGwei": "144.972264178" },
      { "timestamp": 1613952000, "avgGwei": "272.678365073" },
      { "timestamp": 1614038400, "avgGwei": "373.797248353" },
      { "timestamp": 1614124800, "avgGwei": "210.130693063" },
      { "timestamp": 1614211200, "avgGwei": "165.093586374" },
      { "timestamp": 1614297600, "avgGwei": "158.443481334" },
      { "timestamp": 1614384000, "avgGwei": "118.466010557" },
      { "timestamp": 1614470400, "avgGwei": "117.851797297" }
    ],
    "dailyAvgUmaEthPrices": [
      { "timestamp": 1611446400, "avgPx": "0.00922290281936976" },
      { "timestamp": 1611532800, "avgPx": "0.00907619547592535" },
      { "timestamp": 1611619200, "avgPx": "0.008267342665071117" },
      { "timestamp": 1611705600, "avgPx": "0.00821940978038895" },
      { "timestamp": 1611792000, "avgPx": "0.008152005884956324" },
      { "timestamp": 1611878400, "avgPx": "0.007963711582940437" },
      { "timestamp": 1611964800, "avgPx": "0.007908221586722636" },
      { "timestamp": 1612051200, "avgPx": "0.007716217401706565" },
      { "timestamp": 1612137600, "avgPx": "0.008107172626708637" },
      { "timestamp": 1612224000, "avgPx": "0.008361179470252625" },
      { "timestamp": 1612310400, "avgPx": "0.008168719626271038" },
      { "timestamp": 1612396800, "avgPx": "0.01120908915222829" },
      { "timestamp": 1612483200, "avgPx": "0.01620029349198349" },
      { "timestamp": 1612569600, "avgPx": "0.020816530789415498" },
      { "timestamp": 1612656000, "avgPx": "0.018363335394296795" },
      { "timestamp": 1612742400, "avgPx": "0.017908754070487587" },
      { "timestamp": 1612828800, "avgPx": "0.017630762595270976" },
      { "timestamp": 1612915200, "avgPx": "0.016442188781117376" },
      { "timestamp": 1613001600, "avgPx": "0.016330414701390693" },
      { "timestamp": 1613088000, "avgPx": "0.016532364131537334" },
      { "timestamp": 1613174400, "avgPx": "0.016281179602631722" },
      { "timestamp": 1613260800, "avgPx": "0.01687557394629522" },
      { "timestamp": 1613347200, "avgPx": "0.016369586835000144" },
      { "timestamp": 1613433600, "avgPx": "0.015986080471345348" },
      { "timestamp": 1613520000, "avgPx": "0.014694394218467476" },
      { "timestamp": 1613606400, "avgPx": "0.014372756500169547" },
      { "timestamp": 1613692800, "avgPx": "0.015062079457131066" },
      { "timestamp": 1613779200, "avgPx": "0.014157172028613345" },
      { "timestamp": 1613865600,