{
  "votingContractAddress": "0x8B1631ab830d11531aE83725fDa4D86012eCCd77",
  "rebate": "8",
  "fromBlock": "11948416",
  "toBlock": 12158566,
  "shareHolderPayout": {
    "0x02c0d734efda6a689375933d8eecc89ed94687a2": 37.323653647884726,
    "0x94b1b210820029fa81cbdc3253b1103b16abfc34": 5.16933341453499,
    "0x4a73243b237b7d4c931971d04558427a871ed0d2": 21.00589346626564,
    "0xf2bafa3cb26cfd8ddbfa5957eda9a77dffdea84e": 48.27659719019353,
    "0xc3e860af1fd9cbd53621bd56e53ec6e257e5bbdf": 35.288811496145826,
    "0x3f60a58dbaafc585bbcd2ab7b3b20e1fa3ff4d93": 34.770819885807,
    "0x6888ff4be3262f3232e1c022de731680a16ddda7": 33.25593081238891,
    "0xa631df8625ad8c287834c79d1fa6f32086cb23c3": 30.28081398708558,
    "0xdb2808ed6cf0b8b9686222689cf4f6e88e42b80a": 31.703216740236815,
    "0xfdac618ddb79f77eb2ea5c52b7c50f8f728dafce": 31.500020124245932,
    "0xfec2ade141272f5271febadfca5d21ca30fc04a5": 33.43906745028804,
    "0xd2a78bb82389d30075144d17e782964918999f7f": 45.378136484346925,
    "0x2a0e2e3bcc873a6fbd6687b4e4eeb4f8b74af129": 44.998619461645355,
    "0x8b64673c9a482913a6e2c1298637532947cd96ee": 29.312712671094197,
    "0xccd9c5465fac5c0df86fd9b7d524a5949defcef6": 25.835129654299386,
    "0xed6bf5eeffdcff967184747648f1c3b578a2f430": 40.917802633311695,
    "0x63332c9eb309737833ad8dd525eb1082bad02cca": 44.053352375862396,
    "0xee160154b02a2e404c6c13ff0b28ed76010cf07d": 40.195821021063395,
    "0x24d0db7e182fcd29ddea14c04bcb182c89cbb0c0": 27.965957025565935,
    "0xde4b274bebe235dcf00b5ef775bbee70daadecc2": 5.898368914706626,
    "0xac465ff0d29d973a8d2bae73dcf6404dd05ae2c9": 23.11593982493823,
    "0x73faf4be6cb43489b8f6e8a4ed3ccd804eb18586": 34.89097517230219,
    "0xfc204fcfd2a579157898a212ea25ac98de2b1e1c": 40.821076407546244,
    "0xad3808f98f4c3b357057026108e25f453dbef67a": 39.60706164493251,
    "0x3cb474a999b0f0cf022340338b9ce937635d6ba4": 27.952923395508336,
    "0x9bff659296de06a7af943482af5e2f220f8d17cc": 22.584130359361566,
    "0x97020c9ec66e0f59231918b1d2f167a66026aff2": 9.969352456901582,
    "0xa092db6d22a9710deb17c8fd748bba52fff1f15c": 31.71814034648938,
    "0x66d56e8b63f9874a376b8d3cec656581d49dc9fe": 9.337863986584749,
    "0x996d5138843993cebc554c20d82310a43802aff1": 39.304845917512615,
    "0xe311958ac79b41bf3a0595470a964b8efbe0fb36": 2.6233931178600134,
    "0x4472566fce8da1cb980cb9046fddfc04c26366e4": 2.545801338326936,
    "0x980165226eab8d569640a981c68e04bc44067088": 2.6232741419756307,
    "0x67d24f48f1b58c4d4dcda57ba2386dce76353fa2": 2.6231649175491083,
    "0xbf87c98f8a9c1f2a88b613813ec1e974105eb615": 2.622936717238203,
    "0x90dad690c82b6e52dc689fc9fdd01b99c50db7f3": 2.5845874766356145,
    "0x7f491e497e85836e59d0188c35221d3d6fc92d6f": 2.5848156769465196,
    "0xde3af8bb46d556df3d7c99cc313c4b5713b4a5a5": 2.584488003666952,
    "0x120219511b9b0254e7d15014db83b8752289fda3": 2.6232838934334906,
    "0xfc119030940852a33fbb787a6fd086efcabe458f": 2.623502342286536,
    "0x797e1f1765a0071454f443114bf26a53f798c071": 2.66251668090612,
    "0xdf3910d26836318379903a47bd26d0e05cc9a0f5": 5.808214864742041,
    "0x49a8a045eae2c9d4a7c7e2919ba957064bd59252": 2.662298232053075,
    "0x2ea5b7c369cb88c171466bb6dcf3cbe1c508fbea": 2.6620797832000296,
    "0x09941beee359c0934e9c2575774acec7c6707f44": 2.5845972280934744,
    "0x9fd8bf23c7a12d35656d07fd0527dec7a4a08c9c": 26.928647510856482,
    "0xf8c42927a60cbd4a536ce24ef8bed00b16a9b44b": 2.3731061880764313,
    "0xd5aff9f7c8821aa0ad92f8ecb5f699db03dedca3": 2.584259803356047,
    "0x97745fccd81de84b572a1353680e3ab2f559bd33": 2.5843690277825697,
    "0xbe3bf9bb42bf423695b792250be206c9a58e2de1": 16.55583519497986,
    "0x73aa72cc803cb8706240aa2fdfde520088eeddfe": 2.5845874766356145,
    "0x428700e86c104f4ee8139a69ecdca09e843f6297": 6.082538691486777,
    "0xddb751f0a4a9f33d277667ab81560bfeefb466bc": 34.064122827362844,
    "0x7ca3d1cf91f8cdd2fc31c34674d34ed1c4ff8e0f": 21.085878377948518,
    "0x40dcba8e2508ddaa687fc26f9491b8cca563c845": 24.67132984136856,
    "0x61d62b3d530ab8174dbfade1675d856c5c5c9fcd": 33.685465494229646,
    "0xc2bbc6fc304fd906bb63d61a0e2c2f6fc3e3ca0d": 12.432916803923256,
    "0x0c777f357f8884f6f23953396127f2a09bba97cf": 21.237039222029114,
    "0xd02eeb3e32108131d1516774a8b108430302f4ba": 19.446757222827394,
    "0x4fcc940e1e890ae00dbfa66fde55329533427810": 34.06443993280777,
    "0xfcc544de1df80ee89e1d6a236fa9f8e89ee5804f": 34.06437084017565,
    "0xb17d5db0ec93331271ed2f3fffebe4e5b790d97e": 23.196571225193242,
    "0x904389c66f33c4d9d90bf2eb152e8a93fc6e4b34": 13.049934801428392,
    "0x9b34321f89361a8d6489c5dddd70e0556239922b": 23.800808665214394,
    "0x0bf515d18d0ee365cafec3da0a1af1e606c04936": 16.949375691204896,
    "0x6d976a5d6143bb8504c57e642ba4b001bf28d94f": 21.2370152648882,
    "0xdc6b04b4e40fde7c0e9ee1171f913febdbb4b88b": 4.233997202191594,
    "0x9a97c80956bce4dd87c2df6a93900dbfcbf0d60a": 33.68615301394715,
    "0xea7c2df8ab95bf0af91f8e4034b493733aca21df": 34.064626292582254,
    "0x7b2483d0f917a4f7a04d1e13743c99ad9d249462": 4.16188420698105,
    "0x8bd16de8938a2ad16794ac7e7502896f156e370c": 39.40110986515046,
    "0x9a8f92a830a5cb89a3816e3d267cb7791c16b04d": 11.731673836379978,
    "0x5cea80211fcc9afd401c4d9a7042dbf8c08a82cc": 32.895326790916506,
    "0xc4a69b137d22b52a36328f3ac6d5aa9984faab8e": 9.370053486523156,
    "0xf7078c14a4c1d91ada1047539e6f9e9eb2b9e1a9": 27.926896217346883,
    "0x2b19edb98df9b54deedc497b2586aa6858f89f01": 28.046853238052805,
    "0xe7b80338fe1645af7e6e1d160f538e04241b9288": 8.341570939970012,
    "0x49d35f682c79a59efaa33a84b3749f3fa2f882d9": 8.34201933282235,
    "0xf89e25871817ac312fca9a5b13c5a54c29ccae93": 8.341226653732113,
    "0xc4508a4910be065b4c61808f3bf7ffde27d9110f": 7.914702027773159,
    "0x72903ca4b93434b5c9bab42c74db52f17b2088a0": 15.88373581142282,
    "0x26273e65aab399b7a2f5bd081f4569515effd050": 8.05722118933071,
    "0xfebac9943387484723f18a5ff91279c04d26c2e0": 15.098046782002164,
    "0x142d3ee7f1b9e9d02fe6ae28e3179cc2c98dba92": 27.926079835593377,
    "0x381b4b6f8a2375a8f1f6d9f55ee3a876c974ea1a": 14.70251457293731,
    "0x5890efb07d3900ff15f353b72fddc48759356290": 1.5115114543572403,
    "0x0da332ad0d7943a7df320b9bea5d7faa9a665882": 7.969596588332275,
    "0xe5ff2c80759db9408dc9fd22b155b851cd5aaa94": 8.272015946204075,
    "0x966cf5cd0624f1efcf21b0abc231a5ccc802b861": 19.754157264873868
  },
  "priceData": {
    "dailyAvgGasPrices": [
      { "timestamp": 1614470400, "avgGwei": "117.851797297" },
      { "timestamp": 1614556800, "avgGwei": "118.599353229" },
      { "timestamp": 1614643200, "avgGwei": "124.935317747" },
      { "timestamp": 1614729600, "avgGwei": "130.985895074" },
      { "timestamp": 1614816000, "avgGwei": "112.789006531" },
      { "timestamp": 1614902400, "avgGwei": "137.793802658" },
      { "timestamp": 1614988800, "avgGwei": "99.200636716" },
      { "timestamp": 1615075200, "avgGwei": "132.47257983" },
      { "timestamp": 1615161600, "avgGwei": "137.159601599" },
      { "timestamp": 1615248000, "avgGwei": "140.390240389" },
      { "timestamp": 1615334400, "avgGwei": "134.143820746" },
      { "timestamp": 1615420800, "avgGwei": "132.247327143" },
      { "timestamp": 1615507200, "avgGwei": "171.780234615" },
      { "timestamp": 1615593600, "avgGwei": "162.674252399" },
      { "timestamp": 1615680000, "avgGwei": "149.068956179" },
      { "timestamp": 1615766400, "avgGwei": "189.463051239" },
      { "timestamp": 1615852800, "avgGwei": "188.70081277" },
      { "timestamp": 1615939200, "avgGwei": "193.802222899" },
      { "timestamp": 1616025600, "avgGwei": "177.580645455" },
      { "timestamp": 1616112000, "avgGwei": "158.80011505" },
      { "timestamp": 1616198400, "avgGwei": "141.122871221" },
      { "timestamp": 1616284800, "avgGwei": "138.089306566" },
      { "timestamp": 1616371200, "avgGwei": "187.501594542" },
      { "timestamp": 1616457600, "avgGwei": "163.876571793" },
      { "timestamp": 1616544000, "avgGwei": "176.580847487" },
      { "timestamp": 1616630400,