{
  "votingContractAddress": "0x8B1631ab830d11531aE83725fDa4D86012eCCd77",
  "rebate": "27",
  "fromBlock": "16143461",
  "toBlock": 16342609,
  "shareHolderPayout": {
    "0xe47df6ddf4022ec7d37e31325e0fe982eff3ef41": 24.789029751104977,
    "0x2a0e2e3bcc873a6fbd6687b4e4eeb4f8b74af129": 39.69113969934098,
    "0x5963d72760d2703c35b4b3cc7eda0b425d10788d": 33.75786023964193,
    "0xdf67cba8261c6d8c15c735009f61e2cc9f852de3": 38.52640554811682,
    "0x80cd5224a98ee004229bb1e6a59c829501f94b72": 38.63495288430206,
    "0x7cc541816b921bc5a172b6b10fa396664a6d2164": 5.858591708450033,
    "0x8b64673c9a482913a6e2c1298637532947cd96ee": 39.63779256887771,
    "0x47e87a4429636a7bbebaff101c9697e3941ce117": 33.85310873035853,
    "0x7b2483d0f917a4f7a04d1e13743c99ad9d249462": 22.226641777899832,
    "0xee160154b02a2e404c6c13ff0b28ed76010cf07d": 39.6153576033126,
    "0xe63757e3cd485c9b35b3a972fffa2d91b8649483": 34.85840296262679,
    "0xe6b5a31d8bb53d2c769864ac137fe25f4989f1fd": 30.628416608362542,
    "0xa3f76c31f57da65b0ce84c64c25e61bf38c86bed": 26.572837902194323,
    "0xfc204fcfd2a579157898a212ea25ac98de2b1e1c": 24.056209411752583,
    "0xd9f9f15e1dcda849a48ee048892c9b31287c7598": 39.24177883367747,
    "0xa4e3555ab4bb3edd2f50b82279d30d6b49261fcc": 35.42296151636331,
    "0x99bcea6bb0403927fb3c038163478d5b42082fd9": 6.657238507634672,
    "0x31a4c53be2356b09220d348508b97ed9b26a6c30": 36.13293356916124,
    "0xdb19c47e87ed3ff37425a99b9dee1f4920f755b9": 37.02135160583549,
    "0xf71866a90c24209e13bb9f65307cea120a939d79": 33.8743424261925,
    "0x69d0341d380a1229f4751a0a721345dbc716586c": 25.45022770111329,
    "0xd9aaeeaa94fad39baf37b713e833105227bf1476": 36.54650835562754,
    "0xd2a78bb82389d30075144d17e782964918999f7f": 36.03249313539853,
    "0xdb2808ed6cf0b8b9686222689cf4f6e88e42b80a": 35.963659900628464,
    "0x0bfd7ae78ed2b89f7e7d85938e9317b5d494047b": 23.519439446424393,
    "0xf9d0de258931d88e370245ebf8b40119ec91912b": 34.93084084872258,
    "0x30b2daeb3757b6c7462cd0d776828f8d7398be50": 36.71431547080741,
    "0xeed339990e56ac554215ae9e1aa8d81a6e40b84b": 28.31463075505716,
    "0x07148984389eddf3a188943807310ea9e22cef50": 22.508127649404912,
    "0xfec2ade141272f5271febadfca5d21ca30fc04a5": 25.663124604544223,
    "0x2367432dc27e2e96b7ab8a0b0e4fcb28dd5a1c1f": 34.11526890722311,
    "0xb5eeddff4641fea71c0b9a344aed1a49e38e55d5": 33.6288153614452,
    "0x6352f003ca2ee26e2e6fa2077acaaaa29184cd3d": 32.78446954091108,
    "0x48c7e0db3dad3fe4eb0513b86fe5c38ebb4e0f91": 31.581460491416905,
    "0xcfc50541c3deaf725ce738ef87ace2ad778ba0c5": 42.41419756157984,
    "0xd1f8f4e8c4ae63964efb761a97503c128b7fa732": 39.78271624670039,
    "0x239b74c2e5505634b7c38c8eeb1de385a16e24e2": 15.314835463581975,
    "0xe6fcb51c7ee5d15a5c8fc2b23d167db6a963c799": 32.186548271699266,
    "0xb17d5db0ec93331271ed2f3fffebe4e5b790d97e": 17.05225523431791,
    "0xea7c2df8ab95bf0af91f8e4034b493733aca21df": 26.21760796712378,
    "0xde375b95b526fddaf3b79b1401d527b6ce8660af": 15.071145397430435,
    "0xf445567e961c533e26430005c142dee831a6376e": 23.434296912178034,
    "0x7e367235ef80109531113d8284a5593ba6a40c22": 23.434342805402025,
    "0x384d91e6b8d032ab9d844eb58b85df6543e616f0": 26.019197101061987,
    "0x110f0b1faa1cb6eed49883f960808c95f609f6fd": 23.666016820251233,
    "0x2b6561e955965db87f48963e1573f819c31cdaf0": 2.3817311173547777,
    "0x6ab880afd1e0c7786cc5d05f4fd9b17761768da8": 19.341223469802685,
    "0x2b0db2b0e8bf7b60cdb497f39bf99760202a4f78": 2.3829204020350385,
    "0x2e47e3f888d561c28ffa2a7fe3a2b2794778de0a": 22.96836399802363,
    "0x30ba060f0b4ead43e24593bf71e907f397baf532": 18.38963437047718,
    "0x61d62b3d530ab8174dbfade1675d856c5c5c9fcd": 6.359087253264203,
    "0xc75adbf2a5a6a51302c1c7cc789366ed16e1e0f3": 24.899354020564413,
    "0xac465ff0d29d973a8d2bae73dcf6404dd05ae2c9": 14.729686903267748,
    "0x9a97c80956bce4dd87c2df6a93900dbfcbf0d60a": 16.158702117157002,
    "0xa31c2232842e631ccb2d2e4110b356bab21e6020": 17.106140299494307,
    "0x01371b3ff34e1bbcf599aede17e3f211f6974953": 14.432240223305364,
    "0x7f1c6e55c5bec9a47a3a7f4c17d2d31d38ddc2aa": 6.427810163988893,
    "0x9b8f31d4a132cfd3425eef49076e56e60dc1ed2f": 10.246428828056471,
    "0x9b6f4d48fd61313204f7c8fbe9dfec6384aa4ced": 8.003877774352143,
    "0x469f91dc3253165f52bb56eaa4aee838c1c7822d": 18.646007058929715,
    "0x96c00fdda3f3129a55c0bc9b48ef504c3d5594e4": 26.096052499153338,
    "0x49e0cdd718d330e5a27856256236b4e56a76d3fb": 26.259710274518373,
    "0xb0903a62f5ca7a215aa67232ba691cb801decd5b": 21.852404440451433,
    "0x8a6800c753ed8ed19e0df473a97a7a94b2cecf54": 25.90077060328293,
    "0x66b5409f52d23ef87bdbfaa7312f8d790755fe13": 26.021843320883104,
    "0x3d88456277e32d62575267c3564b72387c3f21f7": 26.21891475448149,
    "0xc3d26aa4954816330c5ffc9bb2d46acbceaff130": 26.216820399543213,
    "0xabbcf7b0735e4eb152fd13fa02691cc046fac0bd": 17.406242591846922,
    "0x82b6a4ebc3904b7aabd4e85510045eff0d43a6bd": 17.404906211894485,
    "0x336b9de28d67d692c31df93a9b8630b2fa50d88f": 25.983674795519548,
    "0xacd3dc5c6f9cb967b5e1f719001e85039b0c976f": 25.98568703504425,
    "0xdcf99ba641c98e37df8ea31188ad7e7fa5501b09": 26.21924750748806,
    "0x3b271e8f1409e8e90c484d3591143bd7e1d2a177": 26.219239595397813,
    "0x4cbacd6821b53ea9a41e8383303b8a78e3a9edfa": 2.5905956134576784,
    "0x2cf6988d57d0df95d3ff37cdfbfe0520f15c860f": 15.080256295518172,
    "0x3d65ed138686e2ad54006d4db83ad4597d645370": 25.337792980782517,
    "0x8bd7b5e860998607715da42944cc9de3486a3ae2": 18.461304939682726,
    "0x1fdef3d3c7984a945008c253caa6cf380fddb16f": 9.539866599107356,
    "0x969397c71eb51f7fdcf6527db4d97871b05d6f63": 26.650702669737193,
    "0x87d1465044ddb9bf2e5fb189067cb340a7b0074a": 25.844985812011267,
    "0x11efc2638184a0382bf1bb29c4047c6111f8f3c7": 17.550020865114494,
    "0x7cac2ab1cf9dc459ca88a85d72ac94de2691f1e5": 17.548766295185843,
    "0x4b070c428ddbb49524abf2d4be4998c1e3b6f3a5": 23.319718603208635,
    "0x0a01f4a6711012157c1b33ad9c01af7f526962f5": 7.506379103801201,
    "0x1be514893bfd6f13f508a71a37b0246ed7b4bb8a": 15.52831867739964,
    "0x9e3a4ed4eea5c27a5e82a32e90482a4827a4ae80": 15.63486313110512
  },
  "priceData": {
    "dailyAvgGasPrices": [
      { "timestamp": "1670544371", "avgGwei": "20" },
      { "timestamp": "1670630771", "avgGwei": "20" },
      { "timestamp": "1670717171", "avgGwei": "20" },
      { "timestamp": "1670803571", "avgGwei": "20" },
      { "timestamp": "1670889971", "avgGwei": "20" },
      { "timestamp": "1670976371", "avgGwei": "20" },
      { "timestamp": "1671062771", "avgGwei": "20" },
      { "timestamp": "1671149171", "avgGwei": "20" },
      { "timestamp": "1671235571", "avgGwei": "20" },
      { "timestamp": "1671321971", "avgGwei": "20" },
      { "timestamp": "1671408371", "avgGwei": "20" },
      { "timestamp": "1671494771", "avgGwei": "20" },
      { "timestamp": "1671581171", "avgGwei": "20" },
      { "timestamp": "1671667571", "avgGwei": "20" },
      { "timestamp": "1671753971", "avgGwei": "20" },
      { "timestamp": "1671840371", "avgGwei": "20" },
      { "timestamp": "1671926771", "avgGwei": "20" },
      { "timestamp": "1672013171", "avgGwei": "20" },
      { "timestamp": "1672099571", "avgGwei": "20" },
      { "timestamp": "1672185971", "avgGwei": "20" },
      { "timestamp": "1672272371", "avgGwei": "20" },
      { "timestamp": "1672358771", "avgGwei": "20" },
      { "timestamp": "1672445171", "avgGwei": "20" },
      { "timestamp": "1672531571", "avgGwei": "20" },
      { "timestamp": "1672617971", "avgGwei": "20" },
      { "timestamp": "1672704371", "avgGwei": "20" },
      { "timestamp": "1672790771", "avgGwei": "20" },
      { "timestamp": "1672877171", "avgGwei": "20" }
    ],
    "dailyAvgUmaEthPrices": [
      { "timestamp": "1670544371", "avgPx": "0.001378980177933649" },
      { "timestamp": "1670630771", "avgPx": "0.001384388958186373" },
      { "timestamp": "1670717171", "avgPx": "0.001386850291094737" },
      { "timestamp": "1670803571",