{
  "votingContractAddress": "0x8B1631ab830d11531aE83725fDa4D86012eCCd77",
  "rebate": "23",
  "fromBlock": "15052006",
  "toBlock": 15273035,
  "shareHolderPayout": {
    "0x110f0b1faa1cb6eed49883f960808c95f609f6fd": 66.08438132247645,
    "0xcfc50541c3deaf725ce738ef87ace2ad778ba0c5": 77.19849657719551,
    "0xa4e3555ab4bb3edd2f50b82279d30d6b49261fcc": 109.0242138472156,
    "0x2367432dc27e2e96b7ab8a0b0e4fcb28dd5a1c1f": 110.47949021065634,
    "0xee160154b02a2e404c6c13ff0b28ed76010cf07d": 117.58124477203481,
    "0xdb19c47e87ed3ff37425a99b9dee1f4920f755b9": 84.41270149283025,
    "0xdf67cba8261c6d8c15c735009f61e2cc9f852de3": 110.17403265717019,
    "0xd9f9f15e1dcda849a48ee048892c9b31287c7598": 119.87768436074055,
    "0x7cc541816b921bc5a172b6b10fa396664a6d2164": 102.8937540581265,
    "0xe6b5a31d8bb53d2c769864ac137fe25f4989f1fd": 95.40576738041412,
    "0x8b64673c9a482913a6e2c1298637532947cd96ee": 110.96383016511572,
    "0xe63757e3cd485c9b35b3a972fffa2d91b8649483": 111.37261539688842,
    "0x7b2483d0f917a4f7a04d1e13743c99ad9d249462": 126.09850187367044,
    "0x433219bf17ee5b210d472270d9e0eb6a57ae5fb2": 116.85572174468602,
    "0xfc204fcfd2a579157898a212ea25ac98de2b1e1c": 118.98529364561662,
    "0xd9aaeeaa94fad39baf37b713e833105227bf1476": 115.67112486407734,
    "0xd2a78bb82389d30075144d17e782964918999f7f": 121.22657335779725,
    "0x7da740d237575470b19284ec013fb5ea1f680f00": 122.07592236806545,
    "0x48c7e0db3dad3fe4eb0513b86fe5c38ebb4e0f91": 111.09891015349012,
    "0xa3f76c31f57da65b0ce84c64c25e61bf38c86bed": 110.16403568985743,
    "0xdb2808ed6cf0b8b9686222689cf4f6e88e42b80a": 101.38187905294284,
    "0x07148984389eddf3a188943807310ea9e22cef50": 91.85781388430378,
    "0x8369e7900ff2359bb36ef1c40a60e5f76373a6ed": 87.88614559776772,
    "0x80cd5224a98ee004229bb1e6a59c829501f94b72": 126.95072784072299,
    "0x5963d72760d2703c35b4b3cc7eda0b425d10788d": 113.47883881180027,
    "0xb17d5db0ec93331271ed2f3fffebe4e5b790d97e": 75.06344930411818,
    "0xeed339990e56ac554215ae9e1aa8d81a6e40b84b": 117.77877353616994,
    "0xfec2ade141272f5271febadfca5d21ca30fc04a5": 80.11911409218482,
    "0xac465ff0d29d973a8d2bae73dcf6404dd05ae2c9": 49.927310399183156,
    "0x7ca5e8e735d1714104a534c9f39e2a29ab116139": 39.41171183597054,
    "0xb5eeddff4641fea71c0b9a344aed1a49e38e55d5": 119.18776995442823,
    "0x30b2daeb3757b6c7462cd0d776828f8d7398be50": 106.66993379936928,
    "0xb018ac399491b9320a456ad0e696d2032b6badd3": 29.128768236171997,
    "0x239b74c2e5505634b7c38c8eeb1de385a16e24e2": 65.62319066233552,
    "0x2a0e2e3bcc873a6fbd6687b4e4eeb4f8b74af129": 46.45083180190656,
    "0x7e367235ef80109531113d8284a5593ba6a40c22": 136.44615540033837,
    "0xe47df6ddf4022ec7d37e31325e0fe982eff3ef41": 112.80349363714313,
    "0x69d0341d380a1229f4751a0a721345dbc716586c": 124.4398745769208,
    "0x57ef012861c4937a76b5d6061be800199a2b9100": 53.83037782707429,
    "0x0bfd7ae78ed2b89f7e7d85938e9317b5d494047b": 78.64013642222261,
    "0xd1f8f4e8c4ae63964efb761a97503c128b7fa732": 118.44479914873796,
    "0x121d6f8b87d9d7a59a97f7c0d4a3bc00dd7ed9e4": 30.10909182653531,
    "0xa092db6d22a9710deb17c8fd748bba52fff1f15c": 62.92249966485811,
    "0xed6bf5eeffdcff967184747648f1c3b578a2f430": 1.6673499999999999,
    "0xa31c2232842e631ccb2d2e4110b356bab21e6020": 52.511340624635025,
    "0x47e87a4429636a7bbebaff101c9697e3941ce117": 22.10440186240523,
    "0x01371b3ff34e1bbcf599aede17e3f211f6974953": 0.647088,
    "0xf71866a90c24209e13bb9f65307cea120a939d79": 0.426809,
    "0x30daba789bf9390a75d6b4f0efd21eff03f16c19": 52.04198413741621,
    "0x4f26e8ed7a39f6bb97be3234b36268413611d140": 0.398337,
    "0xf9d0de258931d88e370245ebf8b40119ec91912b": 4.650717773963751,
    "0xb37a1b71d206fa7b48b297900ec62cd31f5c78fd": 42.675449607695676,
    "0x4ddd9af5f091a11438f3c4f618f1257d6d660cb2": 39.96393354483499,
    "0xea7c2df8ab95bf0af91f8e4034b493733aca21df": 68.65017050833212,
    "0x384d91e6b8d032ab9d844eb58b85df6543e616f0": 73.06307911486451,
    "0xf445567e961c533e26430005c142dee831a6376e": 21.654205510649,
    "0x2e47e3f888d561c28ffa2a7fe3a2b2794778de0a": 36.00107579604134,
    "0x9a97c80956bce4dd87c2df6a93900dbfcbf0d60a": 13.59981451917918,
    "0x9b6f4d48fd61313204f7c8fbe9dfec6384aa4ced": 16.67421144407194,
    "0x40dcba8e2508ddaa687fc26f9491b8cca563c845": 16.94548885374558,
    "0x8348c5ec31d486e6e4207fc0b17a906a0806550d": 13.510817348887656,
    "0xcddaa0e09c6f947eb3547320f77508d283caa3f5": 0.25404699999999997,
    "0x03cb1fef2fe3a9a687bb90b0e720bed60f271b86": 0.253999,
    "0xc97fe14276280ad703f4cc75e558e17d5231b6eb": 0.254071,
    "0x2a5aed4a695feca5797c24f3c2809d38fa79514a": 0.254083,
    "0x5cff1fe7f28dbfeebd443e5488a0b7970b7a8316": 0.254071,
    "0x43f7043001d71cb1f414d3c5b3783951ff9e9a78": 0.254071,
    "0xfab2dd4c51a39189e0290eb497ee6202a50e9ca4": 0.254035,
    "0xb023939397f7d87d168ced6b20e180fe29bc68f4": 0.254059,
    "0xfd96032c6c2437ab79d8fa1a5539d60948e25013": 0.254071,
    "0xda9033ba7b20c09221ad02302c8c209524622752": 0.254059,
    "0xc1fa67fd4f896a64331ca23d7f16631dfe61bf44": 0.254071,
    "0x6112f0c839c790867111e0bd30039c88bfd10f37": 0.254071,
    "0x23d1158f55579a22e2a1ff298f7786b1ca30f6fc": 0.25404699999999997,
    "0xb920f774020315c8150ee5ec13661767f85c6ae9": 0.254071,
    "0xb23a57fbcf0374bc0bd4d7451fac564023e86236": 0.254071,
    "0x051b67f70c1ca82bd7842a3fba37e8f4c4dc3fb4": 0.254071,
    "0x059b4e305d58979644a71a8cd024cb4615cc8e19": 0.254071,
    "0x9a8ff12b40a507e76e4e0fdfb97153b1387f2355": 0.254059,
    "0x188108edf4eebf4189f10621f82630d578f7e45a": 0.254035,
    "0x692360150bb2eaa756384b941db4ba020b37ffc0": 0.254059,
    "0xabbcf7b0735e4eb152fd13fa02691cc046fac0bd": 59.230982535381166,
    "0x11efc2638184a0382bf1bb29c4047c6111f8f3c7": 72.65825064551944,
    "0x7cac2ab1cf9dc459ca88a85d72ac94de2691f1e5": 55.47256320284315,
    "0x4cbacd6821b53ea9a41e8383303b8a78e3a9edfa": 78.3059331465346,
    "0xc3d26aa4954816330c5ffc9bb2d46acbceaff130": 73.55543732843392,
    "0x82b6a4ebc3904b7aabd4e85510045eff0d43a6bd": 72.94887094380161,
    "0x66b5409f52d23ef87bdbfaa7312f8d790755fe13": 73.12561702281583,
    "0x8a6800c753ed8ed19e0df473a97a7a94b2cecf54": 73.60762970820643,
    "0x969397c71eb51f7fdcf6527db4d97871b05d6f63": 77.11135352906483,
    "0x87d1465044ddb9bf2e5fb189067cb340a7b0074a": 76.35158340066944,
    "0xfdf7f859807d1dc73873640759b2706822802529": 73.55304934968161,
    "0x2cf6988d57d0df95d3ff37cdfbfe0520f15c860f": 72.70003552281973,
    "0xb0903a62f5ca7a215aa67232ba691cb801decd5b": 72.8617981480337,
    "0xacd3dc5c6f9cb967b5e1f719001e85039b0c976f": 72.71190177079677,
    "0x3d65ed138686e2ad54006d4db83ad4597d645370": 48.175220728854526,
    "0x3b271e8f1409e8e90c484d3591143bd7e1d2a177": 68.22604579023984,
    "0xdcf99ba641c98e37df8ea31188ad7e7fa5501b09": 73.12731748599398,
    "0xbca0fd352dce62fa1b7c7f9fa8f0c1de7fef09d9": 66.09880579950578,
    "0x9e3a4ed4eea5c27a5e82a32e90482a4827a4ae80": 64.99974228109524,
    "0x1be514893bfd6f13f508a71a37b0246ed7b4bb8a": 64.24413583321171,
    "0x49e0cdd718d330e5a27856256236b4e56a76d3fb": 73.91378847664953,
    "0x3d88456277e32d62575267c3564b72387c3f21f7": 67.2512956227913,
    "0x4b070c428ddbb49524abf2d4be4998c1e3b6f3a5": 47.59838109699325,
    "0xe7dce0b9276256cd192aa9297595eb4e22c11490": 4.922134117572774,
    "0x336b9de28d67d692c31df93a9b8630b2fa50d88f": 42.32310563513565,
    "0x469f91dc3253165f52bb56eaa4aee838c1c7822d": 31.371690878422537,
    "0x50e453636f153ded412eca1ecc3e520a206b3496": 22.97920528339759,
    "0x1fdef3d3c7984a945008c253caa6cf380fddb16f": 5.393700759261401,
    "0x96c00fdda3f3129a55c0bc9b48ef504c3d5594e4": 0.28901299999999996
  },
  "priceData": {
    "dailyAvgGasPrices": [
      { "timestamp": "1656616366", "avgGwei": "100" },
      { "timestamp": "1656702766", "avgGwei": "100" },
      { "timestamp": "1656789166", "avgGwei": "100" },
      { "timestamp": "1656875566", "avgGwei": "100" },
      { "timestamp": "1656961966", "avgGwei": "100" },
      { "timestamp": "1657048366",