{
  "votingContractAddress": "0x004395edb43EFca9885CEdad51EC9fAf93Bd34ac",
  "rebate": 42,
  "fromBlock": 19336607,
  "toBlock": 19557289,
  "countVoters": 91,
  "totalRebateAmount": 14.875118067908554,
  "shareholderPayout": {
    "0xFDBb6FA945c73712856738021b9E52A8C1F7bE7f": 0.19293293213777687,
    "0x82b6a4Ebc3904b7aABD4E85510045EFf0d43a6Bd": 0.17268074327290733,
    "0x62763A0D45Eb16EFe2B9f2f30743BE0e6ec3A207": 0.18974654847706174,
    "0x126db3213b309A8D554594e591e614425cCaC78e": 0.1651436314256194,
    "0x4B8aef878255F6242606Fe5e73D659004F5A34fA": 0.17878102515658365,
    "0xfD8355b24aB8815cA2d76d1E495DC29B4330241f": 0.17471202066100658,
    "0xb5eeDdFF4641Fea71C0b9A344AEd1a49E38e55d5": 0.14188305793025738,
    "0x66b5409f52d23ef87bDBfaa7312F8D790755fE13": 0.147235330110083,
    "0xe8b0a13e65Cc30E142EB125bFA3Fb4DE3a190ad8": 0.15743451995674418,
    "0x6573e30Ee0ad46BC9aFA0C2aDb0D3f147D658EFE": 0.18091430225129118,
    "0x85f545CEeB98c8FB47C9d4411450D018Cf1E3064": 0.09796805321832598,
    "0xe6b5A31d8bb53D2C769864aC137fe25F4989f1fd": 0.15379445994585192,
    "0x4ddd9aF5f091A11438f3C4F618F1257D6D660Cb2": 0.1309389219274929,
    "0xc3d26aa4954816330C5ffc9bb2d46acbCEaff130": 0.19514189735311424,
    "0xD2A78Bb82389D30075144d17E782964918999F7f": 0.1853262925661378,
    "0x92345865A75cBe863bF899e23A4407dA8034c2AF": 0.12520977595237082,
    "0x07B83aD78CACb5a730D719902CF9Ef59fB38DA98": 0.1566243256023306,
    "0xCf7cdBBbf4be10b5f716b297B53d369626a8AA57": 0.13887668442249457,
    "0xFa93E76Bb7de1071D6f9C0f77Af883c2a944B2d1": 0.16845049955411628,
    "0x8bd7B5E860998607715Da42944cc9DE3486A3Ae2": 0.14298484170770306,
    "0x96c00fDDa3f3129A55C0Bc9b48Ef504C3D5594e4": 0.1723056574768922,
    "0x61C196c7415643b7651a1c63F83263Fa976F5bB1": 0.16693301971016533,
    "0xeF7220723E580F03A8f8b076Ee8623b1dF0103fa": 0.17636373546745307,
    "0x9BC114CbDf47021f15416e720bC71b5341120E87": 0.17786079716934333,
    "0xa2E5Dbd496e25A194a11FC3e4Ad5AdA199e827F4": 0.1865856560463801,
    "0x9B6f4d48fD61313204F7C8fBe9dFeC6384aA4cEd": 0.16573137453532527,
    "0x7c8eba6dF6115D4C9A84E83F77B7E6Bb9d266c2A": 0.04531101850500566,
    "0xcfB331ADE6D66Ad1cB6765a2dD51aD3Aa9A1400E": 0.21136617160723462,
    "0x69D0341d380a1229f4751a0A721345dBc716586C": 0.17801275303486572,
    "0xA7b9D5Fc54eb3FfE1985a10e28d045a9b89487D0": 0.12945062355940137,
    "0x99BcEa6bB0403927fB3c038163478D5b42082Fd9": 0.18374527774862126,
    "0x6aEdb6460ABAE82F5ED77aF1d5e9Fe6F701d8c4A": 0.16783756405027453,
    "0xd9AaeEAa94FAD39bAf37B713E833105227bf1476": 0.17367480619879555,
    "0xDbD9416f32c409b3c7A29655AA515bd717616470": 0.17229177926534614,
    "0xAC465fF0D29d973A8D2Bae73DCF6404dD05Ae2c9": 0.185354493697444,
    "0x4f49D938c3Ad2437c52eb314F9bD7Bdb7FA58Da9": 0.23422886244152824,
    "0xC03808e0Af01563A739e408268d5517Dd7d710f3": 0.16467229119100227,
    "0xD431B7c1433FbA9a5aa5330E5211F4773B95E9d9": 0.1859414683248404,
    "0xE708e10a80c8FcFF34e7d6715446D7820318b0D5": 0.08134157721024111,
    "0x47A40A367b3298BE3da3BdE3994c5342e26f368b": 0.09192079739244521,
    "0x261c30aD69C3A89942F6C815914D004dD1fc4126": 0.18980923025804824,
    "0x51FcFc7D4A032478B8919e30cE52B39FbE823Fe8": 0.08090353189789787,
    "0xD9F9F15e1DCdA849a48EE048892C9B31287C7598": 0.22374587309494334,
    "0xDCf99bA641c98E37dF8ea31188aD7E7Fa5501B09": 0.22062167673367067,
    "0x3B271e8F1409E8e90c484d3591143bd7e1d2A177": 0.20200875902321805,
    "0x9b8f31D4A132cFd3425EEf49076e56e60Dc1Ed2F": 0.22193280945947771,
    "0x260D417fBD1716B1375CD311f8a6677c4a780B3A": 0.22006642405376828,
    "0xaE90B9bc86DBa4D1C0ff98c496df2331220FC2cd": 0.22508818207077277,
    "0xdF3aD3aD48fa33A4E9DC90Cc2e2b2b3480Df4807": 0.17516955449616578,
    "0x6dC894E9A906D0FE3b710724746dB84FE36190e1": 0.17654325227914633,
    "0x529109d3E06f2aCfc520F27042274E8dCD44EddD": 0.23508818031679252,
    "0x99dF425FCF7899d1C0c8cEedB2f051Cd00c25c25": 0.244359616131124,
    "0x2B6561E955965DB87f48963E1573F819c31CDAf0": 0.1811559382225779,
    "0xaF4C815CF13Bc8671a2a12BdE62aABEC24651ccC": 0.2207944040334475,
    "0x6147d56b02faBD35cd9fC2B80a60276cDf089521": 0.22042249230622735,
    "0xF9D0De258931D88E370245Ebf8b40119EC91912b": 0.20193054078391523,
    "0xDF67cbA8261c6D8C15c735009F61e2CC9F852DE3": 0.17328492357917546,
    "0xfEc2Ade141272f5271FEbaDFca5d21Ca30fc04a5": 0.22970727409533315,
    "0x2b433E0D9E38Df82Ec700679B98643ba5Ff4a9FA": 0.2192238412325856,
    "0x2f8320C2Dc28681Aa5BBF92e79C37BE656a7D5F1": 0.21757523341743296,
    "0x7cac2ab1CF9dc459ca88A85D72Ac94DE2691f1E5": 0.2186319533243889,
    "0x11eFc2638184a0382BF1bb29C4047c6111F8f3C7": 0.21848763826325823,
    "0x974D9A1A88A6280e742dC4BA3E886d8DC9890fb8": 0.20666652477297545,
    "0x2cf6988D57d0df95d3FF37CDfBFe0520F15c860F": 0.24181802487620183,
    "0x996d5138843993Cebc554c20d82310a43802aFF1": 0.17172551477502918,
    "0x3D65eD138686e2AD54006d4Db83aD4597D645370": 0.22898059707717602,
    "0x1DE746BB64222C304b38F84613745323cB6C7fC1": 0.23067343924489778,
    "0xd17EB770E4E209C186cEDA0d7E09bFC03D792b36": 0.21205436783126885,
    "0xFB9D972a3CB1C8Fdda9b2dd973C15047a9e56c17": 0.1835571222612224,
    "0xB2d61A9FB039CAd0Eb9d44FC19A2684Db3343d22": 0.18292777522763226,
    "0x2108a6d1f32D1A932431d64E3328D1d45bD0520f": 0.22863241102708734,
    "0x2D332737C1EbBF86b21E78D82640aD7E3Be7a4C6": 0.23015141354778715,
    "0x30b2DAEb3757B6C7462cd0D776828F8d7398BE50": 0.08742194309978085,
    "0x0a01f4A6711012157C1B33aD9c01aF7F526962f5": 0.19780635820466946,
    "0x7e367235eF80109531113d8284A5593Ba6A40c22": 0.14546746633424848,
    "0x128b7E7F0Bfa7CdA46bB4728A0DA88dBaA095026": 0.10532358775089645,
    "0xD25f7e77386F9f797b64E878A3D060956de99163": 0.11040096394728288,
    "0xc675Db75C736e3eB89541C27CA26DEAf274cfCDC": 0.09801845903278275,
    "0x8D4c39b6A9c7cec94Cffef12f4eC019765b4128e": 0.15876905063985675,
    "0x336B9DE28D67D692C31DF93A9b8630B2Fa50d88f": 0.20082416708606204,
    "0x7820892a0C658b2aD6328B9b64a317Ae0973F18B": 0.17045923125436396,
    "0xe63757E3cD485C9b35b3a972fFFA2d91B8649483": 0.11741533697737516,
    "0xf445567E961c533e26430005c142DEe831A6376e": 0.13025120767903725,
    "0x2fccFAa32D7c71AaBb0FB0E7892678b38393B749": 0.06919567923689582,
    "0x1811A0Dc9Ef54f71a1E64F255453A589BFB79CBe": 0.027663813449371133,
    "0xF548BCf569Fb953Bf4f9dFbb67267D5824c8da63": 0.03794519428443548,
    "0x7ceb2a5C3395A5cfE09B66E7cEd496061301c316": 0.06320425255475934,
    "0xD7C896cac64486E339Fc79B8d80a872756B524D8": 0.03815085745532865,
    "0x92A68D175FceA10f5A253331e56b688770714B68": 0.005857272171500765,
    "0xbd5eb58790C4C8FE959f8Ea9d736DB3619A59300": 0.023527325847403965,
    "0x6e3Efc3777C37c7EC82D81be5c5Cf5828c7cf148": 0.005967792925981045
  }
}
