{
  "votingContractAddress": "0x004395edb43EFca9885CEdad51EC9fAf93Bd34ac",
  "rebate": 45,
  "fromBlock": 19993250,
  "toBlock": 20200783,
  "countVoters": 130,
  "totalRebateAmount": 2.422775638239404,
  "shareholderPayout": {
    "0x9B6f4d48fD61313204F7C8fBe9dFeC6384aA4cEd": 0.023972600183434903,
    "0xF548BCf569Fb953Bf4f9dFbb67267D5824c8da63": 0.024853017439940898,
    "0x4B8aef878255F6242606Fe5e73D659004F5A34fA": 0.021353080761081073,
    "0x6573e30Ee0ad46BC9aFA0C2aDb0D3f147D658EFE": 0.028611289143981818,
    "0x97ac71def35a693cA1c92FBeaCd40495b4D9a4A2": 0.02469418369878647,
    "0xC65F56eD1B59D21305DF058dde242968a752cb3A": 0.018036474190727368,
    "0xFa93E76Bb7de1071D6f9C0f77Af883c2a944B2d1": 0.026291441041637165,
    "0x923F0cBFb999989664E3a70238bdEeB93FA508b9": 0.020133259346650546,
    "0x0a01f4A6711012157C1B33aD9c01aF7F526962f5": 0.026542550480771594,
    "0xCf7cdBBbf4be10b5f716b297B53d369626a8AA57": 0.023005239052981852,
    "0x8D4c39b6A9c7cec94Cffef12f4eC019765b4128e": 0.02337312043370994,
    "0x7820892a0C658b2aD6328B9b64a317Ae0973F18B": 0.026432594819299212,
    "0xC03808e0Af01563A739e408268d5517Dd7d710f3": 0.02688173291747449,
    "0x393950505b160607F40D11AB956C9406DBe6e4ce": 0.020148036478944753,
    "0x10215ADcD0e445dD314e2138ef1e0B243c3269D2": 0.00748615612398536,
    "0xDbD9416f32c409b3c7A29655AA515bd717616470": 0.024338509471837178,
    "0xf445567E961c533e26430005c142DEe831A6376e": 0.020654949648523994,
    "0xc3d26aa4954816330C5ffc9bb2d46acbCEaff130": 0.01803188271479258,
    "0xD2A78Bb82389D30075144d17E782964918999F7f": 0.018574699832229282,
    "0xd9AaeEAa94FAD39bAf37B713E833105227bf1476": 0.01896215319178672,
    "0x69D0341d380a1229f4751a0A721345dBc716586C": 0.02045082963608894,
    "0xfD8355b24aB8815cA2d76d1E495DC29B4330241f": 0.02764708775682848,
    "0x4ddd9aF5f091A11438f3C4F618F1257D6D660Cb2": 0.025191817681130393,
    "0x336B9DE28D67D692C31DF93A9b8630B2Fa50d88f": 0.0329927702510162,
    "0x7e367235eF80109531113d8284A5593Ba6A40c22": 0.02169207274673959,
    "0x6aEdb6460ABAE82F5ED77aF1d5e9Fe6F701d8c4A": 0.032632443847681054,
    "0xDE26619C377F3BE82EeC1ef59aAD46a20681DAD7": 0.022288797296963682,
    "0x3153581d0C62cbCDffF6846e0aF474A719C36699": 0.018346563849058133,
    "0x61C196c7415643b7651a1c63F83263Fa976F5bB1": 0.01648075769380768,
    "0x996d5138843993Cebc554c20d82310a43802aFF1": 0.024992988787942965,
    "0x47A40A367b3298BE3da3BdE3994c5342e26f368b": 0.028616323570087122,
    "0xdF3aD3aD48fa33A4E9DC90Cc2e2b2b3480Df4807": 0.007199678040752929,
    "0x4f49D938c3Ad2437c52eb314F9bD7Bdb7FA58Da9": 0.021053010075320833,
    "0xDF67cbA8261c6D8C15c735009F61e2CC9F852DE3": 0.0221488857536726,
    "0x974D9A1A88A6280e742dC4BA3E886d8DC9890fb8": 0.025034659228186262,
    "0xa2E5Dbd496e25A194a11FC3e4Ad5AdA199e827F4": 0.01982767014239186,
    "0x92345865A75cBe863bF899e23A4407dA8034c2AF": 0.02157265561204357,
    "0x07B83aD78CACb5a730D719902CF9Ef59fB38DA98": 0.021974064009727425,
    "0x8bd7B5E860998607715Da42944cc9DE3486A3Ae2": 0.0195646114822444,
    "0xcfB331ADE6D66Ad1cB6765a2dD51aD3Aa9A1400E": 0.02357804397255191,
    "0xA7b9D5Fc54eb3FfE1985a10e28d045a9b89487D0": 0.01817205287942475,
    "0x261c30aD69C3A89942F6C815914D004dD1fc4126": 0.022938687491376803,
    "0xFDBb6FA945c73712856738021b9E52A8C1F7bE7f": 0.0258061335255796,
    "0x30b2DAEb3757B6C7462cd0D776828F8d7398BE50": 0.022846338240348468,
    "0x9BC114CbDf47021f15416e720bC71b5341120E87": 0.01894441039672486,
    "0x4a3755eB99ae8b22AaFB8f16F0C51CF68Eb60b85": 0.014510180992178452,
    "0xD9F9F15e1DCdA849a48EE048892C9B31287C7598": 0.025940578715400668,
    "0xD431B7c1433FbA9a5aa5330E5211F4773B95E9d9": 0.024588089632000994,
    "0x51FcFc7D4A032478B8919e30cE52B39FbE823Fe8": 0.02221426228054396,
    "0xcCE9A28b570946123f392Cf1DbfA6D2D5e636a1f": 0.017256310900741926,
    "0xaF4C815CF13Bc8671a2a12BdE62aABEC24651ccC": 0.026360652735905096,
    "0x6147d56b02faBD35cd9fC2B80a60276cDf089521": 0.027363418566371225,
    "0x99BcEa6bB0403927fB3c038163478D5b42082Fd9": 0.02218862406168217,
    "0x5D80A493A38c3b6A43852f8282a3392C250bE12e": 0.032719262590906635,
    "0x996b4449b9D6FF2d3b5EbCE4ad0474891CBBF4db": 0.033072548691935065,
    "0x126db3213b309A8D554594e591e614425cCaC78e": 0.02647236945417177,
    "0x2B6561E955965DB87f48963E1573F819c31CDAf0": 0.023890110290491585,
    "0xD7C896cac64486E339Fc79B8d80a872756B524D8": 0.027237915634110803,
    "0xFB9D972a3CB1C8Fdda9b2dd973C15047a9e56c17": 0.030036691130433002,
    "0xB2d61A9FB039CAd0Eb9d44FC19A2684Db3343d22": 0.02589794645948131,
    "0x82b6a4Ebc3904b7aABD4E85510045EFf0d43a6Bd": 0.01893228317256292,
    "0xe8b0a13e65Cc30E142EB125bFA3Fb4DE3a190ad8": 0.038441396254180395,
    "0x66b5409f52d23ef87bDBfaa7312F8D790755fE13": 0.04158167388584342,
    "0xb5eeDdFF4641Fea71C0b9A344AEd1a49E38e55d5": 0.04085541304656702,
    "0xA8E20D1B16c2821c2E17A58eB9c92c2ec7699283": 0.027688818236964403,
    "0xca30cE2505F78e7B4f07b2d0A0F22eD62B19051B": 0.02654540680780359,
    "0x69d0a6CCB76F3F7EF96DAda03B01B555E76fa819": 0.04414809358997993,
    "0xe63757E3cD485C9b35b3a972fFFA2d91B8649483": 0.023035210908659516,
    "0x2b433E0D9E38Df82Ec700679B98643ba5Ff4a9FA": 0.03629845550415484,
    "0xD25f7e77386F9f797b64E878A3D060956de99163": 0.01751309268128645,
    "0xe6b5A31d8bb53D2C769864aC137fe25F4989f1fd": 0.024219741491458516,
    "0x6dC894E9A906D0FE3b710724746dB84FE36190e1": 0.014426007476929199,
    "0x0f8fe8e8B7Ad38615904a08e821E875fa19d8b67": 0.013119542414081671,
    "0x1fdef3D3c7984a945008C253caA6cf380fDdb16f": 0.012512906927542616,
    "0x7cac2ab1CF9dc459ca88A85D72Ac94DE2691f1E5": 0.03237562039501876,
    "0x2f8320C2Dc28681Aa5BBF92e79C37BE656a7D5F1": 0.032337254343528264,
    "0x11eFc2638184a0382BF1bb29C4047c6111F8f3C7": 0.03279291935289852,
    "0x2993dB31D165c33D848e44A1C26a805bA411d324": 0.015038075060646776,
    "0xAC465fF0D29d973A8D2Bae73DCF6404dD05Ae2c9": 0.02632730338748321,
    "0x2108a6d1f32D1A932431d64E3328D1d45bD0520f": 0.028091909786273454,
    "0x2D332737C1EbBF86b21E78D82640aD7E3Be7a4C6": 0.028986795610462426,
    "0x3D65eD138686e2AD54006d4Db83aD4597D645370": 0.023651426456057337,
    "0x1DE746BB64222C304b38F84613745323cB6C7fC1": 0.022360979235242526,
    "0xd17EB770E4E209C186cEDA0d7E09bFC03D792b36": 0.02273243590075744,
    "0x9b8f31D4A132cFd3425EEf49076e56e60Dc1Ed2F": 0.024706586035359752,
    "0xaE90B9bc86DBa4D1C0ff98c496df2331220FC2cd": 0.02585696730559208,
    "0x260D417fBD1716B1375CD311f8a6677c4a780B3A": 0.025826921578253417,
    "0x529109d3E06f2aCfc520F27042274E8dCD44EddD": 0.030169353937036302,
    "0x99dF425FCF7899d1C0c8cEedB2f051Cd00c25c25": 0.02885328029802718,
    "0xc675Db75C736e3eB89541C27CA26DEAf274cfCDC": 0.019372981885509684,
    "0xB21bE96Dc75717272402eF97A5CC144544263E3c": 0.02207654192918331,
    "0xaE31b9F46d8aE7B1d1A9F7dd1bC5256aff4C3A93": 0.004000319988911295,
    "0xA18E07faccd514a5d7D41C3ae34250388148fEE6": 0.002214460509851892,
    "0x83d94D2D8F843B7aC38A7368CF33B03861055F49": 0.000986953128305715,
    "0x41490a265B98f4411a0d53D4C822720FBdf6d892": 0.001137113266100937,
    "0x7c8eba6dF6115D4C9A84E83F77B7E6Bb9d266c2A": 0.007410096962424397,
    "0xC59F33af5F4A7C864738ce288A411ACF52338bF5": 0.010613421057590108,
    "0x390AEd628A17fFE905DA9cc19332892c0229a4ED": 0.013202444876668384,
    "0xb99171f6667DD1f4b330f768271357c5691d25C2": 0.003310702598470456,
    "0x519EbeDCb61498e2EBabE8D8b9FF8B168Fa5fB3b": 0.01033555954683453,
    "0x96c00fDDa3f3129A55C0Bc9b48Ef504C3D5594e4": 0.012766096768654926,
    "0xeF7220723E580F03A8f8b076Ee8623b1dF0103fa": 0.012490956937059474,
    "0x7ceb2a5C3395A5cfE09B66E7cEd496061301c316": 0.015385332480013957,
    "0x9a4773EeEE73e34e1EE0E9A64E4b7453b0b04246": 0.01030376533109278,
    "0xF055cbe9B6b30D64AC1D7305cde7BA6c0993C86a": 0.005078791367704618,
    "0x7BD84115b3594972BeFFFB311Fa1D941cE7fE618": 0.002873249422217411,
    "0xdE0AEf70a7ae324045B7722C903aaaec2ac175F5": 0.009406490759600426,
    "0x128b7E7F0Bfa7CdA46bB4728A0DA88dBaA095026": 0.016870301286443977,