{
  "votingContractAddress": "0x1d847fB6e04437151736a53F09b6E49713A52aad",
  "rebate": "6",
  "fromBlock": "11720435",
  "toBlock": 11948357,
  "shareHolderPayout": {
    "0x40dcba8e2508ddaa687fc26f9491b8cca563c845": 18.271199351497152,
    "0x6888ff4be3262f3232e1c022de731680a16ddda7": 29.234094880071183,
    "0x4c39185a078b5666c372538231cb793a0928807b": 1.1832237741273597,
    "0xa631df8625ad8c287834c79d1fa6f32086cb23c3": 30.046017300135315,
    "0xc3e860af1fd9cbd53621bd56e53ec6e257e5bbdf": 31.726724490323186,
    "0x8b64673c9a482913a6e2c1298637532947cd96ee": 36.721955755536186,
    "0xed6bf5eeffdcff967184747648f1c3b578a2f430": 40.6182750020049,
    "0x73faf4be6cb43489b8f6e8a4ed3ccd804eb18586": 20.530669884883796,
    "0xa092db6d22a9710deb17c8fd748bba52fff1f15c": 29.349204489873863,
    "0xd2a78bb82389d30075144d17e782964918999f7f": 34.84574922123084,
    "0xdb2808ed6cf0b8b9686222689cf4f6e88e42b80a": 36.015448298042934,
    "0xfec2ade141272f5271febadfca5d21ca30fc04a5": 37.51959451105546,
    "0x7102e515f3754db44e645f936608bff8c2c7efe2": 36.64930600883325,
    "0x7b2483d0f917a4f7a04d1e13743c99ad9d249462": 8.705303631793724,
    "0xac465ff0d29d973a8d2bae73dcf6404dd05ae2c9": 29.533259446989668,
    "0x4a73243b237b7d4c931971d04558427a871ed0d2": 23.59328782129293,
    "0xf2bafa3cb26cfd8ddbfa5957eda9a77dffdea84e": 35.34932601881923,
    "0xccd9c5465fac5c0df86fd9b7d524a5949defcef6": 36.976968295831156,
    "0x2a0e2e3bcc873a6fbd6687b4e4eeb4f8b74af129": 34.61014036570802,
    "0x2deb663925fee27e1e8e661963dc467ab8825f2b": 9.533338609746458,
    "0x244103eaf414db32fdd78301bcdee19a284cbc8e": 15.157950307422656,
    "0xdf3910d26836318379903a47bd26d0e05cc9a0f5": 18.529134215321406,
    "0xf8f26686f1275e5aa23a82c29079c68d3de4d3b4": 26.906943380083703,
    "0x381b4b6f8a2375a8f1f6d9f55ee3a876c974ea1a": 8.047457593565639,
    "0x63332c9eb309737833ad8dd525eb1082bad02cca": 18.41338083203907,
    "0xd7925984736824b4aecf8301c9aee211cd976494": 24.632548352932243,
    "0x9bff659296de06a7af943482af5e2f220f8d17cc": 18.45159815632993,
    "0x94b1b210820029fa81cbdc3253b1103b16abfc34": 8.827586824346968,
    "0x8cc7355a5c07207ef6ee188f7b74757b6bab7dac": 7.884811534967616,
    "0x02c0d734efda6a689375933d8eecc89ed94687a2": 19.039243059653273,
    "0x6db390ee61abc4b02c8c38ae408e5cc1fb27f957": 17.750959026561997,
    "0x797e1f1765a0071454f443114bf26a53f798c071": 33.80398986133555,
    "0x980165226eab8d569640a981c68e04bc44067088": 31.750720544274238,
    "0x2ea5b7c369cb88c171466bb6dcf3cbe1c508fbea": 32.331072175014896,
    "0x49a8a045eae2c9d4a7c7e2919ba957064bd59252": 23.734794532850486,
    "0x24d0db7e182fcd29ddea14c04bcb182c89cbb0c0": 18.372433278613947,
    "0x90dad690c82b6e52dc689fc9fdd01b99c50db7f3": 31.535289227357453,
    "0xde0aef70a7ae324045b7722c903aaaec2ac175f5": 1.8180101778991868,
    "0xbf87c98f8a9c1f2a88b613813ec1e974105eb615": 32.075808687226996,
    "0xfc119030940852a33fbb787a6fd086efcabe458f": 31.75170364293654,
    "0x67d24f48f1b58c4d4dcda57ba2386dce76353fa2": 31.557068849053543,
    "0xbc5fe3952a9f61e2cdef56b79d559d79b88969c3": 13.015285252774012,
    "0x120219511b9b0254e7d15014db83b8752289fda3": 32.07513628629876,
    "0x9fd8bf23c7a12d35656d07fd0527dec7a4a08c9c": 19.111551331047902,
    "0x09941beee359c0934e9c2575774acec7c6707f44": 24.120593427231213,
    "0xaff5ccb996125dee3c12fbe4910b418c138646d0": 1.6356991976954318,
    "0xde3af8bb46d556df3d7c99cc313c4b5713b4a5a5": 24.18618551797108,
    "0x73aa72cc803cb8706240aa2fdfde520088eeddfe": 31.040789400198506,
    "0xdc6b04b4e40fde7c0e9ee1171f913febdbb4b88b": 15.993662822096915,
    "0xd5aff9f7c8821aa0ad92f8ecb5f699db03dedca3": 31.60407634023636,
    "0x97745fccd81de84b572a1353680e3ab2f559bd33": 31.534570570017003,
    "0xbb92df830d91b50c08830d0ab1db2c4c99b2fb07": 5.220108435235765,
    "0x8bd16de8938a2ad16794ac7e7502896f156e370c": 29.355563428085798,
    "0xe311958ac79b41bf3a0595470a964b8efbe0fb36": 32.05150609516838,
    "0x7f491e497e85836e59d0188c35221d3d6fc92d6f": 29.65496374970135,
    "0x3f3b7d0f3da05f6cd44e9d35a9517b59c83ad560": 2.9228829936977454,
    "0x4472566fce8da1cb980cb9046fddfc04c26366e4": 21.064800943465414,
    "0x7c8eba6df6115d4c9a84e83f77b7e6bb9d266c2a": 24.748401948307787,
    "0x5890efb07d3900ff15f353b72fddc48759356290": 17.419301832497958,
    "0xa6e59b844891e619801b298f4f0af52054513a3c": 6.683032060968307,
    "0xce1559448e21981911fac70d4ec0c02ca1eff39c": 17.11696432673557,
    "0x53ec88165201f2c59a8addf169a0b9eb6a3d18af": 6.819947845784161,
    "0x9b6f4d48fd61313204f7c8fbe9dfec6384aa4ced": 6.710456283824643,
    "0xbe3bf9bb42bf423695b792250be206c9a58e2de1": 14.763936287630115,
    "0xaf21d40a33ea8b46d67468393694c1d43eb1cf33": 6.683171220207117,
    "0xed9440853d314eb231f6327321533af6bcccb527": 6.683301926358946,
    "0xdfa166147c583eb41a287ccb54c49a9a1f6136dd": 6.682117117905504,
    "0xbe79665b3dcecfe1dd821f8714bc9bfc441ef92a": 6.819425021176845,
    "0x660dde55d0fc5bee6af206110940ed14e9580ce1": 6.819146702699223,
    "0x686b368fa86f1bac1d83d1fa3efdb7b25f13f048": 6.68277910175163,
    "0x8f1681e1002864abdebf0e2b93c245caba248346": 6.682770648664649,
    "0xad2b08f878c0be4c4162a72bbf7c0f547f93bd9f": 6.819138249612242,
    "0x26273e65aab399b7a2f5bd081f4569515effd050": 6.68263994251282,
    "0x8c63bbff7015ee917dfba807be06979b86e359fc": 6.683040514055288,
    "0x97e43f0f3fb3af6f67c0f8f53f7f6e490341297a": 6.682901354816478,
    "0xcd3d34f50576921e876a017502ad1cd284369e6d": 6.682901354816478,
    "0x2bf462ac445cebe307d63193cf56cc090d4c9502": 6.682901354816478,
    "0x80b2cd49ad13db8239ba68fcd2c2ee480682b705": 6.682753742490685,
    "0xf18749fe3f2690c91277488454e37f6ea2161f8a": 6.681864158688828,
    "0x7316949adad5c2a13496d60e3309b65d01b7ab53": 6.71098756151894,
    "0x54e50e3ded8d5d1df1192f91ed7752a8fa36e74d": 6.683171220207117,
    "0xfb64feb894bf3ad3d0d3215c7eed075fb0a3afa9": 6.68237007712218,
    "0x966cf5cd0624f1efcf21b0abc231a5ccc802b861": 17.355798543516098,
    "0x88103f548a14b42bec983a0b07c9bb31a3dfe912": 6.682623036338856,
    "0x177c385f155b4644701cfdb9b528afa4af444b7a": 6.683563338662604,
    "0xc2bbc6fc304fd906bb63d61a0e2c2f6fc3e3ca0d": 9.936798396784194,
    "0xe7b80338fe1645af7e6e1d160f538e04241b9288": 10.327287342315834,
    "0x49d35f682c79a59efaa33a84b3749f3fa2f882d9": 10.133261237922415,
    "0xf89e25871817ac312fca9a5b13c5a54c29ccae93": 10.133265765359665,
    "0xf8c42927a60cbd4a536ce24ef8bed00b16a9b44b": 10.133576016749327
  },
  "priceData": {
    "dailyAvgGasPrices": [
      { "timestamp": 1611446400, "avgGwei": "81.094537437" },
      { "timestamp": 1611532800, "avgGwei": "108.165111899" },
      { "timestamp": 1611619200, "avgGwei": "85.152958296" },
      { "timestamp": 1611705600, "avgGwei": "100.000938092" },
      { "timestamp": 1611792000, "avgGwei": "94.810705889" },
      { "timestamp": 1611878400, "avgGwei": "140.718048076" },
      { "timestamp": 1611964800, "avgGwei": "113.279829168" },
      { "timestamp": 1612051200, "avgGwei": "128.793092351" },
      { "timestamp": 1612137600, "avgGwei": "153.670444525" },
      { "timestamp": 1612224000, "avgGwei": "175.725125692" },
      { "timestamp": 1612310400, "avgGwei": "173.452930944" },
      { "timestamp": 1612396800, "avgGwei": "232.624122045" },
      { "timestamp": 1612483200, "avgGwei": "252.332377959" },
      { "timestamp": 1612569600, "avgGwei": "179.640400255" },
      { "timestamp": 1612656000, "avgGwei": "160.070061791" },
      { "timestamp": 1612742400, "avgGwei": "212.876143856" },
      { "timestamp": 1612828800, "avgGwei": "233.57364212" },
      { "timestamp": 1612915200, "avgGwei": "213.088755493" },
      { "timestamp": 1613001600, "avgGwei": "175.206973615" },
      { "timestamp": 1613088000, "avgGwei": "180.073474689" },
      { "timestamp": 1613174400, "avgGwei": "188.806380037" },
      { "timestamp": 1613260800, "avgGwei": "150.406446159" },
      { "timestamp": 1613347200, "avgGwei": "178.714935402" },
      { "timestamp": 1613433600,