{
  "votingContractAddress": "0x8B1631ab830d11531aE83725fDa4D86012eCCd77",
  "rebate": "21",
  "fromBlock": "14706094",
  "toBlock": 14880747,
  "shareHolderPayout": {
    "0xd9aaeeaa94fad39baf37b713e833105227bf1476": 26.964619131910393,
    "0xe7b80338fe1645af7e6e1d160f538e04241b9288": 26.434537758358246,
    "0xe6b5a31d8bb53d2c769864ac137fe25f4989f1fd": 47.630164238722216,
    "0xd2a78bb82389d30075144d17e782964918999f7f": 69.84967122147108,
    "0x07148984389eddf3a188943807310ea9e22cef50": 54.18125551478053,
    "0xdb2808ed6cf0b8b9686222689cf4f6e88e42b80a": 68.53194487524178,
    "0xfc204fcfd2a579157898a212ea25ac98de2b1e1c": 43.75248151305146,
    "0xdae6878c6756d804a8e7b056f9eac38ad1fbded9": 57.6357798880581,
    "0xfec2ade141272f5271febadfca5d21ca30fc04a5": 59.85291773006239,
    "0xf71866a90c24209e13bb9f65307cea120a939d79": 50.85925725912976,
    "0xee160154b02a2e404c6c13ff0b28ed76010cf07d": 51.95406500764967,
    "0xdf67cba8261c6d8c15c735009f61e2cc9f852de3": 48.911618003884364,
    "0x8b64673c9a482913a6e2c1298637532947cd96ee": 51.053094727405295,
    "0xcfc50541c3deaf725ce738ef87ace2ad778ba0c5": 25.678975397166216,
    "0x69d0341d380a1229f4751a0a721345dbc716586c": 48.343831200359745,
    "0xdb19c47e87ed3ff37425a99b9dee1f4920f755b9": 33.616370296803574,
    "0xd9f9f15e1dcda849a48ee048892c9b31287c7598": 36.881547638170154,
    "0x80cd5224a98ee004229bb1e6a59c829501f94b72": 43.983504665736355,
    "0xe63757e3cd485c9b35b3a972fffa2d91b8649483": 38.28217259139936,
    "0xa3f76c31f57da65b0ce84c64c25e61bf38c86bed": 32.632563793372995,
    "0x433219bf17ee5b210d472270d9e0eb6a57ae5fb2": 44.45624366161281,
    "0x48c7e0db3dad3fe4eb0513b86fe5c38ebb4e0f91": 25.65369344789806,
    "0x2367432dc27e2e96b7ab8a0b0e4fcb28dd5a1c1f": 46.056808623344985,
    "0xa4e3555ab4bb3edd2f50b82279d30d6b49261fcc": 43.048664029112985,
    "0xe47df6ddf4022ec7d37e31325e0fe982eff3ef41": 42.01906747653554,
    "0x7da740d237575470b19284ec013fb5ea1f680f00": 34.656257617663165,
    "0x7cc541816b921bc5a172b6b10fa396664a6d2164": 26.66003212299244,
    "0x0f9c7aae4a3db5d226371b4a68f8a47ee97fa757": 10.758000174155487,
    "0x7e367235ef80109531113d8284a5593ba6a40c22": 48.25427223721224,
    "0xdd07dc252642fefc342418d9305e556c627f891b": 36.33832744492408,
    "0x9a97c80956bce4dd87c2df6a93900dbfcbf0d60a": 34.86675117535299,
    "0x61d62b3d530ab8174dbfade1675d856c5c5c9fcd": 36.01069134923719,
    "0xf445567e961c533e26430005c142dee831a6376e": 25.26551896048868,
    "0x110f0b1faa1cb6eed49883f960808c95f609f6fd": 30.705679532629002,
    "0x57ef012861c4937a76b5d6061be800199a2b9100": 34.30310186027144,
    "0x7b2483d0f917a4f7a04d1e13743c99ad9d249462": 26.294646475108472,
    "0x2df5253f32cac9626b70b70b0bd689f432b40133": 13.904491922254007,
    "0x239b74c2e5505634b7c38c8eeb1de385a16e24e2": 25.268017240195974,
    "0xea7c2df8ab95bf0af91f8e4034b493733aca21df": 39.776591130055905,
    "0x384d91e6b8d032ab9d844eb58b85df6543e616f0": 35.553431970349145,
    "0x5924eb6a482cea85e23403e448257fbe5c58a9ed": 14.057746976970225,
    "0xb5eeddff4641fea71c0b9a344aed1a49e38e55d5": 20.888166405088306,
    "0x914370354cefac2202c46d933685e87f05c7d718": 10.66137285695672,
    "0x01371b3ff34e1bbcf599aede17e3f211f6974953": 2.7839824297054774,
    "0xa31c2232842e631ccb2d2e4110b356bab21e6020": 6.5613987479190925,
    "0x5963d72760d2703c35b4b3cc7eda0b425d10788d": 16.34470120581523,
    "0x2b0db2b0e8bf7b60cdb497f39bf99760202a4f78": 4.616695462497631,
    "0x30daba789bf9390a75d6b4f0efd21eff03f16c19": 11.286289195014556,
    "0x537860d48d589364c9d86e115e608702fee4375c": 12.679949911895907,
    "0xbbb5312ef2a76f29cdf9e907863464c16e24210f": 12.6792657675552,
    "0x97a67ba107948d3f4399d49c5afadfedf09863a4": 7.842663430689963,
    "0x3d65ed138686e2ad54006d4db83ad4597d645370": 41.59363500747778,
    "0xc3d26aa4954816330c5ffc9bb2d46acbceaff130": 40.16188378964991,
    "0x336b9de28d67d692c31df93a9b8630b2fa50d88f": 39.12724589500658,
    "0xacd3dc5c6f9cb967b5e1f719001e85039b0c976f": 39.38770636411979,
    "0xfdf7f859807d1dc73873640759b2706822802529": 27.396585612932356,
    "0x2cf6988d57d0df95d3ff37cdfbfe0520f15c860f": 38.85212114385545,
    "0xdcf99ba641c98e37df8ea31188ad7e7fa5501b09": 39.77558215872493,
    "0x3b271e8f1409e8e90c484d3591143bd7e1d2a177": 39.77438735316849,
    "0x3d88456277e32d62575267c3564b72387c3f21f7": 30.816705680148136,
    "0x969397c71eb51f7fdcf6527db4d97871b05d6f63": 36.35008261842479,
    "0x49e0cdd718d330e5a27856256236b4e56a76d3fb": 39.85614864347087,
    "0xbca0fd352dce62fa1b7c7f9fa8f0c1de7fef09d9": 39.77157289428384,
    "0xabbcf7b0735e4eb152fd13fa02691cc046fac0bd": 27.135669923861467,
    "0x66b5409f52d23ef87bdbfaa7312f8d790755fe13": 25.14104052615858,
    "0x82b6a4ebc3904b7aabd4e85510045eff0d43a6bd": 39.387738824986165,
    "0x9e3a4ed4eea5c27a5e82a32e90482a4827a4ae80": 39.77641972223207,
    "0x4b070c428ddbb49524abf2d4be4998c1e3b6f3a5": 39.46656388559278,
    "0x11efc2638184a0382bf1bb29c4047c6111f8f3c7": 22.27913652606697,
    "0x7cac2ab1cf9dc459ca88a85d72ac94de2691f1e5": 22.27980645764204,
    "0x8a6800c753ed8ed19e0df473a97a7a94b2cecf54": 22.044523651022637,
    "0xb0903a62f5ca7a215aa67232ba691cb801decd5b": 22.279392518941552,
    "0x50e453636f153ded412eca1ecc3e520a206b3496": 3.293331126050815,
    "0x469f91dc3253165f52bb56eaa4aee838c1c7822d": 5.409748608248596,
    "0x4cbacd6821b53ea9a41e8383303b8a78e3a9edfa": 12.679269163516953
  },
  "priceData": {
    "dailyAvgGasPrices": [
      { "timestamp": 1651536000, "avgGwei": "64.10536467" },
      { "timestamp": 1651622400, "avgGwei": "53.083855495" },
      { "timestamp": 1651708800, "avgGwei": "68.692339576" },
      { "timestamp": 1651795200, "avgGwei": "55.173751622" },
      { "timestamp": 1651881600, "avgGwei": "35.194249139" },
      { "timestamp": 1651968000, "avgGwei": "29.478186084" },
      { "timestamp": 1652054400, "avgGwei": "66.65101843" },
      { "timestamp": 1652140800, "avgGwei": "61.542478232" },
      { "timestamp": 1652227200, "avgGwei": "147.322229884" },
      { "timestamp": 1652313600, "avgGwei": "213.703540333" },
      { "timestamp": 1652400000, "avgGwei": "80.809731378" },
      { "timestamp": 1652486400, "avgGwei": "40.871363308" },
      { "timestamp": 1652572800, "avgGwei": "27.951143721" },
      { "timestamp": 1652659200, "avgGwei": "28.804637041" },
      { "timestamp": 1652745600, "avgGwei": "37.830309444" },
      { "timestamp": 1652832000, "avgGwei": "30.748925664" },
      { "timestamp": 1652918400, "avgGwei": "30.460767461" },
      { "timestamp": 1653004800, "avgGwei": "32.782173939" },
      { "timestamp": 1653091200, "avgGwei": "26.237085979" },
      { "timestamp": 1653177600, "avgGwei": "25.659863407" },
      { "timestamp": 1653264000, "avgGwei": "29.5414613" },
      { "timestamp": 1653350400, "avgGwei": "32.956201467" },
      { "timestamp": 1653436800, "avgGwei": "38.509960332" },
      { "timestamp": 1653523200, "avgGwei": "51.376731735" },
      { "timestamp": 1653609600, "avgGwei": "45.548286421" },
      { "timestamp": 1653696000, "avgGwei": "23.604617235" },
      { "timestamp": 1653782400, "avgGwei": "24.161086427" },
      { "timestamp": 1653868800, "avgGwei": "37.961721339" },
      { "timestamp": 1653955200, "avgGwei": "56.552060855" }
    ],
    "dailyAvgUmaEthPrices": [
      { "timestamp": 1651536000, "avgPx": "0.001907000248189451" },
      { "timestamp": 1651622400, "avgPx": "0.001864965070902075" },
      { "timestamp": 1651708800, "avgPx": "0.001919996206844884" },
      { "timestamp": 1651795200, "avgPx": "0.001928499832290947" },
      { "timestamp": 1651881600, "avgPx": "0.001875229341202319" },
      { "timestamp": 1651968000, "avgPx": "0.002031172152283271" },
      { "timestamp": 1652054400, "avgPx": "0.002012824825069759" },
      { "timestamp": 1652140800, "avgPx": "0.002099124527197355" },
      { "timestamp": 1652227200, "avgPx": "0.001875645827976968" },
      { "timestamp": 1652313600, "avgPx": "0.001793911810799374" },
      { "timestamp": 1652400000,