{
  "votingContractAddress": "0x8B1631ab830d11531aE83725fDa4D86012eCCd77",
  "rebate": "10",
  "fromBlock": "12371684",
  "toBlock": 12604370,
  "shareHolderPayout": {
    "0xfc204fcfd2a579157898a212ea25ac98de2b1e1c": 47.15790822576191,
    "0xad3808f98f4c3b357057026108e25f453dbef67a": 45.202689939028794,
    "0xb17d5db0ec93331271ed2f3fffebe4e5b790d97e": 37.106443032913944,
    "0x513cccf4d55e68337961ab2faa86b233bfcbc9c0": 9.171962068748783,
    "0xf2bafa3cb26cfd8ddbfa5957eda9a77dffdea84e": 45.333182777897214,
    "0x83f9f90c3429dfda88fb2d99a8f5103a9ef083cc": 45.3736898810799,
    "0xee160154b02a2e404c6c13ff0b28ed76010cf07d": 49.73051005209475,
    "0xd9f9f15e1dcda849a48ee048892c9b31287c7598": 44.800791484053484,
    "0xdb2808ed6cf0b8b9686222689cf4f6e88e42b80a": 44.872361452675094,
    "0x8b64673c9a482913a6e2c1298637532947cd96ee": 46.54759786336463,
    "0xfdac618ddb79f77eb2ea5c52b7c50f8f728dafce": 46.52682354336633,
    "0x66d56e8b63f9874a376b8d3cec656581d49dc9fe": 43.01993045288434,
    "0x40dcba8e2508ddaa687fc26f9491b8cca563c845": 47.053558711234395,
    "0xfec2ade141272f5271febadfca5d21ca30fc04a5": 45.62020944468633,
    "0xd2a78bb82389d30075144d17e782964918999f7f": 42.46907586295814,
    "0xac465ff0d29d973a8d2bae73dcf6404dd05ae2c9": 39.3534412903176,
    "0x02c0d734efda6a689375933d8eecc89ed94687a2": 43.33792622856204,
    "0x3cb474a999b0f0cf022340338b9ce937635d6ba4": 33.5881569439968,
    "0xccd9c5465fac5c0df86fd9b7d524a5949defcef6": 24.28353125614652,
    "0x196eb2b96cb4a7b4f5ddaeb21be1d381da9efcb7": 21.44689741554999,
    "0x6e256a4a98e798fc26ee6c6863e2d078c23a57bf": 7.5517277665478115,
    "0x384b42a5e511668b57e69e809e7ff8ee5dfe2e7d": 7.453460223862301,
    "0x121d6f8b87d9d7a59a97f7c0d4a3bc00dd7ed9e4": 37.86717987095412,
    "0x24d0db7e182fcd29ddea14c04bcb182c89cbb0c0": 35.71412109565625,
    "0x73faf4be6cb43489b8f6e8a4ed3ccd804eb18586": 25.012810672819874,
    "0x2b19edb98df9b54deedc497b2586aa6858f89f01": 31.66659984513774,
    "0xed6bf5eeffdcff967184747648f1c3b578a2f430": 37.93167043037326,
    "0x2a0e2e3bcc873a6fbd6687b4e4eeb4f8b74af129": 16.27194527875495,
    "0xa631df8625ad8c287834c79d1fa6f32086cb23c3": 27.952414935581334,
    "0x4050ace2471b3d6999a4ac544ee09588921fa402": 20.42011483073168,
    "0xaa82f010293147f3ab6df648a6479bdabb1956c6": 15.478598773016511,
    "0x7f1c6e55c5bec9a47a3a7f4c17d2d31d38ddc2aa": 18.345840189075936,
    "0xcdac38500f333a970bb663ebe76c4bea627ac3a2": 26.023506578683158,
    "0x465b357bbac5f6f3bc78669db6980f9eaa21d0c2": 8.414061394728204,
    "0xca29358a0bbf2f1d6ae0911c3bc839623a3ee4a7": 8.03152280251014,
    "0xa3f76c31f57da65b0ce84c64c25e61bf38c86bed": 9.513040594449986,
    "0x33db27c21e0f7a2f3351a4c6ddcedfb9f713410b": 1.8528458871175124,
    "0xdf3910d26836318379903a47bd26d0e05cc9a0f5": 0.7165030979750595,
    "0x6accb8426f456bf16e74ea61ad90c91d2936d2a2": 7.351656612246458,
    "0x9a8f92a830a5cb89a3816e3d267cb7791c16b04d": 12.743305466430687,
    "0xf92d38c0478a1932300d17d4d3af5bf91da8bf14": 8.868185900275776,
    "0xbb34894d6e4001518594de7ee5edf80512df2076": 6.880083090032414,
    "0x904389c66f33c4d9d90bf2eb152e8a93fc6e4b34": 34.96373039364427,
    "0xea7c2df8ab95bf0af91f8e4034b493733aca21df": 35.13083072122822,
    "0xa092db6d22a9710deb17c8fd748bba52fff1f15c": 12.206252494526833,
    "0xb15e535dffdf3fe70290ab89aecc3f18c7078cdc": 6.973081494665301,
    "0x0c88e2a51ad8e9b21271c7771f1dde229ce588f5": 35.005517151173656,
    "0x61d62b3d530ab8174dbfade1675d856c5c5c9fcd": 20.02994333492442,
    "0x9bff659296de06a7af943482af5e2f220f8d17cc": 6.973081494665301,
    "0xf361f2d82d091800ccf7a7aa09e3cac1b6d87882": 34.53912081876497,
    "0x87e88cc17aedf226af70c32a9c046d51c2780d61": 4.50596300029638,
    "0x4032ab8d5cced1444240c7b973f36d712981fb00": 6.787076805220524,
    "0x384d91e6b8d032ab9d844eb58b85df6543e616f0": 34.72646602133233,
    "0xce1559448e21981911fac70d4ec0c02ca1eff39c": 6.973305347903381,
    "0x381b4b6f8a2375a8f1f6d9f55ee3a876c974ea1a": 25.194896253036497,
    "0xe5ff2c80759db9408dc9fd22b155b851cd5aaa94": 11.164585399068391,
    "0xcebf0ca9481d5c911d0451291df43eccb4477991": 5.483875743746028,
    "0x4ddd9af5f091a11438f3c4f618f1257d6d660cb2": 13.99430075589867,
    "0x9b6f4d48fd61313204f7c8fbe9dfec6384aa4ced": 14.070421014316997,
    "0x37b2691f9129a879913c5775307bef89a77815d4": 10.94516163166386,
    "0x2f840532892f91811f99cdaec703f322a779cc66": 17.14963594722003,
    "0x9a97c80956bce4dd87c2df6a93900dbfcbf0d60a": 21.41251500091468,
    "0x8bd16de8938a2ad16794ac7e7502896f156e370c": 21.15141015548889,
    "0xad2be8e8866f0bd70deb9dde9fe5b7e171b68c19": 14.070105640837971,
    "0xc18d03a8be67cb08c01434861dc561a70c4b3aa8": 0.9756604480490293,
    "0x7b2483d0f917a4f7a04d1e13743c99ad9d249462": 1.0257027049950376,
    "0x9fd8bf23c7a12d35656d07fd0527dec7a4a08c9c": 2.0069515961205475,
    "0xe7b80338fe1645af7e6e1d160f538e04241b9288": 2.0437833729601333,
    "0x4b070c428ddbb49524abf2d4be4998c1e3b6f3a5": 34.50599005417102,
    "0xbca0fd352dce62fa1b7c7f9fa8f0c1de7fef09d9": 35.11444930048253,
    "0xabbcf7b0735e4eb152fd13fa02691cc046fac0bd": 34.57280791530045,
    "0x112eae3093451187c8b945fb601c6df34bdc8105": 32.11809974277543,
    "0xc3d26aa4954816330c5ffc9bb2d46acbceaff130": 35.24249953241501,
    "0xdcf99ba641c98e37df8ea31188ad7e7fa5501b09": 33.82193673108939,
    "0xfdf7f859807d1dc73873640759b2706822802529": 29.11324744933739,
    "0xb0903a62f5ca7a215aa67232ba691cb801decd5b": 28.927201402520428,
    "0x11efc2638184a0382bf1bb29c4047c6111f8f3c7": 35.16353720988313,
    "0x7cac2ab1cf9dc459ca88a85d72ac94de2691f1e5": 35.16299330149027,
    "0x49e0cdd718d330e5a27856256236b4e56a76d3fb": 35.1313602745231,
    "0x8d4f93e9962f3392e4c9d10c08f2f1c757f95866": 31.58381307307707,
    "0x1398fc0793d8b67744bfde4a4ff338c69bba753b": 35.11929219144394,
    "0x9e3a4ed4eea5c27a5e82a32e90482a4827a4ae80": 33.65624000251986,
    "0x3b271e8f1409e8e90c484d3591143bd7e1d2a177": 26.375366641804973
  },
  "priceData": {
    "dailyAvgGasPrices": [
      { "timestamp": 1620086400, "avgGwei": "69.098834782" },
      { "timestamp": 1620172800, "avgGwei": "59.385330566" },
      { "timestamp": 1620259200, "avgGwei": "65.942349676" },
      { "timestamp": 1620345600, "avgGwei": "68.346008307" },
      { "timestamp": 1620432000, "avgGwei": "139.807611958" },
      { "timestamp": 1620518400, "avgGwei": "130.671783382" },
      { "timestamp": 1620604800, "avgGwei": "238.385113212" },
      { "timestamp": 1620691200, "avgGwei": "298.765260904" },
      { "timestamp": 1620777600, "avgGwei": "281.829434837" },
      { "timestamp": 1620864000, "avgGwei": "170.566587929" },
      { "timestamp": 1620950400, "avgGwei": "128.797309542" },
      { "timestamp": 1621036800, "avgGwei": "93.121194895" },
      { "timestamp": 1621123200, "avgGwei": "81.298825948" },
      { "timestamp": 1621209600, "avgGwei": "95.485853591" },
      { "timestamp": 1621296000, "avgGwei": "88.032574764" },
      { "timestamp": 1621382400, "avgGwei": "298.784466223" },
      { "timestamp": 1621468800, "avgGwei": "126.958389431" },
      { "timestamp": 1621555200, "avgGwei": "114.601126841" },
      { "timestamp": 1621641600, "avgGwei": "56.329952594" },
      { "timestamp": 1621728000, "avgGwei": "143.673402773" },
      { "timestamp": 1621814400, "avgGwei": "68.46780856" },
      { "timestamp": 1621900800, "avgGwei": "51.922095681" },
      { "timestamp": 1621987200, "avgGwei": "50.146189154" },
      { "timestamp": 1622073600, "avgGwei": "39.437129759" },
      { "timestamp": 1622160000, "avgGwei": "40.891552216" },
      { "timestamp": 1622246400, "avgGwei": "32.976768948" },
      { "timestamp": 1622332800, "avgGwei": "28.081052885" },
      { "timestamp": 1622419200, "avgGwei": "32.279087412" },
      { "timestamp": 1622505600, "avgGwei": "29.750836207" },
      { "timestamp": 1622592000, "avgGwei": "32.350651721" },
      { "timestamp": 1622678400, "avgGwei": "33.572372136" },
      { "timestamp": 1622764800, "avgGwei": "28.918775826" },
      { "timestamp": 1622851200,