{
  "votingContractAddress": "0x8B1631ab830d11531aE83725fDa4D86012eCCd77",
  "rebate": "17",
  "fromBlock": "13909557",
  "toBlock": 14111404,
  "shareHolderPayout": {
    "0xd2a78bb82389d30075144d17e782964918999f7f": 139.34365839734983,
    "0xfec2ade141272f5271febadfca5d21ca30fc04a5": 133.12350972211152,
    "0xfc204fcfd2a579157898a212ea25ac98de2b1e1c": 133.3619596298921,
    "0xf71866a90c24209e13bb9f65307cea120a939d79": 126.7641222535464,
    "0xdb2808ed6cf0b8b9686222689cf4f6e88e42b80a": 133.38187927501917,
    "0x8b64673c9a482913a6e2c1298637532947cd96ee": 132.86790785886612,
    "0xfdac618ddb79f77eb2ea5c52b7c50f8f728dafce": 131.31153105241003,
    "0xdf67cba8261c6d8c15c735009f61e2cc9f852de3": 126.82956526359588,
    "0x2a0e2e3bcc873a6fbd6687b4e4eeb4f8b74af129": 137.51342449404223,
    "0xee160154b02a2e404c6c13ff0b28ed76010cf07d": 139.31117500124023,
    "0xe63757e3cd485c9b35b3a972fffa2d91b8649483": 122.65977603503453,
    "0xd9f9f15e1dcda849a48ee048892c9b31287c7598": 131.38227156200284,
    "0xb5eeddff4641fea71c0b9a344aed1a49e38e55d5": 98.54253828397808,
    "0xdae6878c6756d804a8e7b056f9eac38ad1fbded9": 111.72414447663547,
    "0x7da740d237575470b19284ec013fb5ea1f680f00": 106.89031114919837,
    "0xdb19c47e87ed3ff37425a99b9dee1f4920f755b9": 114.00963701903473,
    "0xe6b5a31d8bb53d2c769864ac137fe25f4989f1fd": 102.44992670507372,
    "0x5e05a68e939e4e9dfa93eb400e9f85e59916ed8b": 15.091349204875995,
    "0x1a3f00a013670becaf3e51b5db8c0a530b5bf08f": 37.97527624023263,
    "0x57ef2b98306d2c98f2fcebbdd05090c75982af72": 106.89280606315137,
    "0x110f0b1faa1cb6eed49883f960808c95f609f6fd": 104.7081214839668,
    "0x121d6f8b87d9d7a59a97f7c0d4a3bc00dd7ed9e4": 48.62196700005721,
    "0x5963d72760d2703c35b4b3cc7eda0b425d10788d": 126.59579449350448,
    "0x384d91e6b8d032ab9d844eb58b85df6543e616f0": 90.26883969853151,
    "0x93617280d57564241b4ad4f4e09e02968f3f2d76": 7.213135050491967,
    "0xea7c2df8ab95bf0af91f8e4034b493733aca21df": 91.93203989335403,
    "0x7e367235ef80109531113d8284a5593ba6a40c22": 48.472770391762126,
    "0xa1656a78637d6f5e1c17926a8cea28b66d2f85da": 78.79928494346811,
    "0x31a4c53be2356b09220d348508b97ed9b26a6c30": 78.03908658929653,
    "0x7b2483d0f917a4f7a04d1e13743c99ad9d249462": 66.74733929161131,
    "0x69d0341d380a1229f4751a0a721345dbc716586c": 67.73626526636944,
    "0xe7b80338fe1645af7e6e1d160f538e04241b9288": 80.54003831743714,
    "0x9a97c80956bce4dd87c2df6a93900dbfcbf0d60a": 62.34432891324615,
    "0xd9aaeeaa94fad39baf37b713e833105227bf1476": 78.03774534211061,
    "0xe6fcb51c7ee5d15a5c8fc2b23d167db6a963c799": 7.101192566269852,
    "0xfa5602952bbdcebcca5c12fc3a100fde31662c03": 7.10167630331612,
    "0xd7925984736824b4aecf8301c9aee211cd976494": 32.40461181887174,
    "0xa3f76c31f57da65b0ce84c64c25e61bf38c86bed": 21.07212616151165,
    "0x57ef012861c4937a76b5d6061be800199a2b9100": 72.99177956175319,
    "0x24fc7a0751bbf53c239cc1d21d2951a5b21f733d": 24.5747942809488,
    "0xb018ac399491b9320a456ad0e696d2032b6badd3": 13.59357029478643,
    "0x8369e7900ff2359bb36ef1c40a60e5f76373a6ed": 42.99453182076342,
    "0xa31c2232842e631ccb2d2e4110b356bab21e6020": 13.749258903604051,
    "0x0c1e99991dd2f7d374bff13f9f52284ce6cfdae5": 24.245954898674796,
    "0x6fec6cb90d4bc025d5249f299d640d66fcbfb6eb": 69.51935933611827,
    "0x3f9dc60ae10382aa3e8437b2102b9e34e03cb29b": 13.441930215004563,
    "0xd1f8f4e8c4ae63964efb761a97503c128b7fa732": 57.14073153856903,
    "0x7f1c6e55c5bec9a47a3a7f4c17d2d31d38ddc2aa": 10.575140104057354,
    "0x48c7e0db3dad3fe4eb0513b86fe5c38ebb4e0f91": 20.63078043817678,
    "0xf445567e961c533e26430005c142dee831a6376e": 56.535980024809845,
    "0x61d62b3d530ab8174dbfade1675d856c5c5c9fcd": 52.21675947848588,
    "0x4ddd9af5f091a11438f3c4f618f1257d6d660cb2": 30.130018139849476,
    "0x40dcba8e2508ddaa687fc26f9491b8cca563c845": 31.622790942413356,
    "0x9b6f4d48fd61313204f7c8fbe9dfec6384aa4ced": 30.131339148274837,
    "0xac465ff0d29d973a8d2bae73dcf6404dd05ae2c9": 30.62407039259955,
    "0xb17d5db0ec93331271ed2f3fffebe4e5b790d97e": 30.37735025634495,
    "0xbca0fd352dce62fa1b7c7f9fa8f0c1de7fef09d9": 95.89280871700548,
    "0x9e3a4ed4eea5c27a5e82a32e90482a4827a4ae80": 89.76529824987696,
    "0x11efc2638184a0382bf1bb29c4047c6111f8f3c7": 90.55872752113407,
    "0x7cac2ab1cf9dc459ca88a85d72ac94de2691f1e5": 90.56243798611303,
    "0x112eae3093451187c8b945fb601c6df34bdc8105": 90.38487015162094,
    "0x66b5409f52d23ef87bdbfaa7312f8d790755fe13": 73.92810881352028,
    "0xdcf99ba641c98e37df8ea31188ad7e7fa5501b09": 90.2998589343397,
    "0x3b271e8f1409e8e90c484d3591143bd7e1d2a177": 90.65141342507752,
    "0x82b6a4ebc3904b7aabd4e85510045eff0d43a6bd": 87.67938940495428,
    "0xabbcf7b0735e4eb152fd13fa02691cc046fac0bd": 69.89890335892622,
    "0x49e0cdd718d330e5a27856256236b4e56a76d3fb": 90.564178671793,
    "0xc3d26aa4954816330c5ffc9bb2d46acbceaff130": 90.38680913193792,
    "0x8a6800c753ed8ed19e0df473a97a7a94b2cecf54": 87.97179999803814,
    "0xfdf7f859807d1dc73873640759b2706822802529": 90.38412909446686,
    "0x4b070c428ddbb49524abf2d4be4998c1e3b6f3a5": 73.21779889987076,
    "0xacd3dc5c6f9cb967b5e1f719001e85039b0c976f": 89.5190038093898,
    "0x1398fc0793d8b67744bfde4a4ff338c69bba753b": 90.15914266340695,
    "0x3d88456277e32d62575267c3564b72387c3f21f7": 89.52154860950712,
    "0xb0903a62f5ca7a215aa67232ba691cb801decd5b": 57.201124124222915,
    "0x1fdef3d3c7984a945008c253caa6cf380fddb16f": 12.420428490395347,
    "0x50e453636f153ded412eca1ecc3e520a206b3496": 19.15542130837992
  },
  "priceData": {
    "dailyAvgGasPrices": [
      { "timestamp": 1640822400, "avgGwei": "114.739332055" },
      { "timestamp": 1640908800, "avgGwei": "97.13822023" },
      { "timestamp": 1640995200, "avgGwei": "81.360644849" },
      { "timestamp": 1641081600, "avgGwei": "100.587541072" },
      { "timestamp": 1641168000, "avgGwei": "107.82299191" },
      { "timestamp": 1641254400, "avgGwei": "133.172882074" },
      { "timestamp": 1641340800, "avgGwei": "149.286681138" },
      { "timestamp": 1641427200, "avgGwei": "137.789473933" },
      { "timestamp": 1641513600, "avgGwei": "153.392298226" },
      { "timestamp": 1641600000, "avgGwei": "121.243981674" },
      { "timestamp": 1641686400, "avgGwei": "157.991849856" },
      { "timestamp": 1641772800, "avgGwei": "218.547966407" },
      { "timestamp": 1641859200, "avgGwei": "184.658179747" },
      { "timestamp": 1641945600, "avgGwei": "194.997505026" },
      { "timestamp": 1642032000, "avgGwei": "166.673299061" },
      { "timestamp": 1642118400, "avgGwei": "191.210806227" },
      { "timestamp": 1642204800, "avgGwei": "139.006488939" },
      { "timestamp": 1642291200, "avgGwei": "132.860552497" },
      { "timestamp": 1642377600, "avgGwei": "154.217004828" },
      { "timestamp": 1642464000, "avgGwei": "124.366023261" },
      { "timestamp": 1642550400, "avgGwei": "132.188266163" },
      { "timestamp": 1642636800, "avgGwei": "147.949242748" },
      { "timestamp": 1642723200, "avgGwei": "185.58902425" },
      { "timestamp": 1642809600, "avgGwei": "165.35247366" },
      { "timestamp": 1642896000, "avgGwei": "125.481953136" },
      { "timestamp": 1642982400, "avgGwei": "142.048720738" },
      { "timestamp": 1643068800, "avgGwei": "146.782924051" },
      { "timestamp": 1643155200, "avgGwei": "144.647624255" },
      { "timestamp": 1643241600, "avgGwei": "154.950058453" },
      { "timestamp": 1643328000, "avgGwei": "140.463612735" },
      { "timestamp": 1643414400, "avgGwei": "119.868895247" },
      { "timestamp": 1643500800, "avgGwei": "134.343808068" }
    ],
    "dailyAvgUmaEthPrices": [
      { "timestamp": 1640822400, "avgPx": "0.002523916078455123" },
      { "timestamp": 1640908800, "avgPx": "0.002546561710086213" },
      { "timestamp": 1640995200, "avgPx": "0.002508637967382915" },
      { "timestamp": 1641081600, "avgPx": "0.002495261634755749" },
      { "timestamp": 1641168000, "avgPx": "0.002478428228137145" },
      { "timestamp": 1641254400,