{
  "votingContractAddress": "0x8B1631ab830d11531aE83725fDa4D86012eCCd77",
  "rebate": "9",
  "fromBlock": "12158566",
  "toBlock": 12371684,
  "shareHolderPayout": {
    "0xa581ea2537f67ebe9f43d751e819bd918e809397": 33,
    "0x8b64673c9a482913a6e2c1298637532947cd96ee": 41.380315053794554,
    "0xf2bafa3cb26cfd8ddbfa5957eda9a77dffdea84e": 31.416726135934333,
    "0xee160154b02a2e404c6c13ff0b28ed76010cf07d": 31.903158774116726,
    "0xd2a78bb82389d30075144d17e782964918999f7f": 30.35130987386156,
    "0x6888ff4be3262f3232e1c022de731680a16ddda7": 12.718751172152391,
    "0xfc204fcfd2a579157898a212ea25ac98de2b1e1c": 29.274156921875615,
    "0xad3808f98f4c3b357057026108e25f453dbef67a": 27.36999941440007,
    "0x2a0e2e3bcc873a6fbd6687b4e4eeb4f8b74af129": 25.382925488065492,
    "0xdb2808ed6cf0b8b9686222689cf4f6e88e42b80a": 37.01937074663211,
    "0x66d56e8b63f9874a376b8d3cec656581d49dc9fe": 39.29712204263865,
    "0x63332c9eb309737833ad8dd525eb1082bad02cca": 31.643458436641357,
    "0xfdac618ddb79f77eb2ea5c52b7c50f8f728dafce": 38.25008749586036,
    "0x73faf4be6cb43489b8f6e8a4ed3ccd804eb18586": 30.31037410463238,
    "0x996d5138843993cebc554c20d82310a43802aff1": 26.77085255065866,
    "0xc3e860af1fd9cbd53621bd56e53ec6e257e5bbdf": 3.686198976234289,
    "0xfec2ade141272f5271febadfca5d21ca30fc04a5": 39.92249316548737,
    "0x02c0d734efda6a689375933d8eecc89ed94687a2": 33.08132199554223,
    "0xccd9c5465fac5c0df86fd9b7d524a5949defcef6": 34.56873382204958,
    "0x3cb474a999b0f0cf022340338b9ce937635d6ba4": 2.1578360852892087,
    "0x2b19edb98df9b54deedc497b2586aa6858f89f01": 20.978232633239347,
    "0x9bff659296de06a7af943482af5e2f220f8d17cc": 1.668345322829875,
    "0xac465ff0d29d973a8d2bae73dcf6404dd05ae2c9": 29.91735003148323,
    "0x40dcba8e2508ddaa687fc26f9491b8cca563c845": 19.551090531191125,
    "0x97020c9ec66e0f59231918b1d2f167a66026aff2": 9.226026914828571,
    "0xa092db6d22a9710deb17c8fd748bba52fff1f15c": 28.33634968470559,
    "0xed6bf5eeffdcff967184747648f1c3b578a2f430": 19.393039411975174,
    "0xa631df8625ad8c287834c79d1fa6f32086cb23c3": 19.18392320307295,
    "0xb17d5db0ec93331271ed2f3fffebe4e5b790d97e": 23.968526819990526,
    "0xc2bbc6fc304fd906bb63d61a0e2c2f6fc3e3ca0d": 1.0885927501673485,
    "0x3f60a58dbaafc585bbcd2ab7b3b20e1fa3ff4d93": 19.756310142943136,
    "0x83f9f90c3429dfda88fb2d99a8f5103a9ef083cc": 32.26222179202379,
    "0x24d0db7e182fcd29ddea14c04bcb182c89cbb0c0": 13.594501363982634,
    "0x75b20023db544c779d484fe2ca04ecea3fad7adf": 4.19934103079943,
    "0xad2b08f878c0be4c4162a72bbf7c0f547f93bd9f": 1.6295966703153544,
    "0x513cccf4d55e68337961ab2faa86b233bfcbc9c0": 11.670068699061932,
    "0x94b1b210820029fa81cbdc3253b1103b16abfc34": 8.94894470717791,
    "0xb8bdffa3de9939ced80769b0b9419746a49f7aa5": 8.079492438479049,
    "0x97f0978c18de9b61840d4627040aea796090343f": 7.531327877605204,
    "0xd01578ff82b93b405a39df021b83c6deeec1f062": 10.271302952918916,
    "0xc45cdbd2e308228d409d625c8c3d94b70211becb": 6.422441905276582,
    "0x72903ca4b93434b5c9bab42c74db52f17b2088a0": 6.195946758097651,
    "0x381b4b6f8a2375a8f1f6d9f55ee3a876c974ea1a": 17.576888379665466,
    "0x9a97c80956bce4dd87c2df6a93900dbfcbf0d60a": 21.93485563838491,
    "0x966cf5cd0624f1efcf21b0abc231a5ccc802b861": 1.5588697874451434,
    "0xea7c2df8ab95bf0af91f8e4034b493733aca21df": 21.81848146266523,
    "0x904389c66f33c4d9d90bf2eb152e8a93fc6e4b34": 10.346240907488756,
    "0x8bd16de8938a2ad16794ac7e7502896f156e370c": 19.780946212387065,
    "0x61d62b3d530ab8174dbfade1675d856c5c5c9fcd": 20.265572964235552,
    "0x7b2483d0f917a4f7a04d1e13743c99ad9d249462": 13.24641640447866,
    "0x000000aaee6a496aaf7b7452518781786313400f": 3.138260414406051,
    "0x7854163b1b0d24e77dca702b97b5cc33e0f83dcb": 3.2347315708079063,
    "0xf7d0897c87609bde05e24ed083b1840ce8f47e6b": 3.0887549816985134,
    "0xbe9b3933ecc52fba404448fb02975825b0cd341e": 3.088775401749331,
    "0xe5ff2c80759db9408dc9fd22b155b851cd5aaa94": 14.36657638582442,
    "0xc4a69b137d22b52a36328f3ac6d5aa9984faab8e": 5.826877120743788,
    "0x0c88e2a51ad8e9b21271c7771f1dde229ce588f5": 16.524112138612566,
    "0xbe3bf9bb42bf423695b792250be206c9a58e2de1": 9.336539504121472,
    "0xd28bfaea8c886ff6424141278a928f3cde2741f1": 3.872875434903733,
    "0x2f840532892f91811f99cdaec703f322a779cc66": 6.22061450361858,
    "0x9fd8bf23c7a12d35656d07fd0527dec7a4a08c9c": 9.122399691821723,
    "0xdf3910d26836318379903a47bd26d0e05cc9a0f5": 2.1392389342385276,
    "0x465b357bbac5f6f3bc78669db6980f9eaa21d0c2": 2.026043595574803,
    "0x04b7789f8b117e5ecd72c6bebe20a38d5be51d4f": 2.0987762105578787,
    "0xbb34894d6e4001518594de7ee5edf80512df2076": 2.6903039629199,
    "0xc3af88142c79324033be691875f9051f386213c2": 2.717205766701278,
    "0x384d91e6b8d032ab9d844eb58b85df6543e616f0": 2.951480383930326,
    "0xcdac38500f333a970bb663ebe76c4bea627ac3a2": 2.6906292172571122,
    "0xa3f76c31f57da65b0ce84c64c25e61bf38c86bed": 2.690278016483827,
    "0x5890efb07d3900ff15f353b72fddc48759356290": 2.79667201445381,
    "0x0f9c7aae4a3db5d226371b4a68f8a47ee97fa757": 2.7433692616149092,
    "0xb0903a62f5ca7a215aa67232ba691cb801decd5b": 42.365353944687383,
    "0x112eae3093451187c8b945fb601c6df34bdc8105": 59.848889022947937,
    "0x1398fc0793d8b67744bfde4a4ff338c69bba753b": 59.871983812625945,
    "0x4b070c428ddbb49524abf2d4be4998c1e3b6f3a5": 57.570967947915577,
    "0x49e0cdd718d330e5a27856256236b4e56a76d3fb": 54.818589792637006,
    "0xbca0fd352dce62fa1b7c7f9fa8f0c1de7fef09d9": 56.86941550350217,
    "0xc3d26aa4954816330c5ffc9bb2d46acbceaff130": 54.946036425753537,
    "0x11efc2638184a0382bf1bb29c4047c6111f8f3c7": 53.72581349683509,
    "0xfdf7f859807d1dc73873640759b2706822802529": 53.68340434042523,
    "0x7cac2ab1cf9dc459ca88a85d72ac94de2691f1e5": 53.72536010837013,
    "0x9e3a4ed4eea5c27a5e82a32e90482a4827a4ae80": 51.728109991841418,
    "0xdcf99ba641c98e37df8ea31188ad7e7fa5501b09": 48.487581353939465,
    "0x3b271e8f1409e8e90c484d3591143bd7e1d2a177": 48.506394977440966,
    "0x8d4f93e9962f3392e4c9d10c08f2f1c757f95866": 52.818525362623042
  },
  "priceData": {
    "dailyAvgGasPrices": [
      { "timestamp": 1617321600, "avgGwei": "186.231148818" },
      { "timestamp": 1617408000, "avgGwei": "146.063400928" },
      { "timestamp": 1617494400, "avgGwei": "112.039248727" },
      { "timestamp": 1617580800, "avgGwei": "148.795113225" },
      { "timestamp": 1617667200, "avgGwei": "153.265691515" },
      { "timestamp": 1617753600, "avgGwei": "153.647677894" },
      { "timestamp": 1617840000, "avgGwei": "124.438377904" },
      { "timestamp": 1617926400, "avgGwei": "118.854613506" },
      { "timestamp": 1618012800, "avgGwei": "98.446127075" },
      { "timestamp": 1618099200, "avgGwei": "85.229481055" },
      { "timestamp": 1618185600, "avgGwei": "109.282376325" },
      { "timestamp": 1618272000, "avgGwei": "120.270890177" },
      { "timestamp": 1618358400, "avgGwei": "137.756107863" },
      { "timestamp": 1618444800, "avgGwei": "105.013545945" },
      { "timestamp": 1618531200, "avgGwei": "183.79631366" },
      { "timestamp": 1618617600, "avgGwei": "144.966485762" },
      { "timestamp": 1618704000, "avgGwei": "170.181112745" },
      { "timestamp": 1618790400, "avgGwei": "195.797651762" },
      { "timestamp": 1618876800, "avgGwei": "265.510040331" },
      { "timestamp": 1618963200, "avgGwei": "166.325327588" },
      { "timestamp": 1619049600, "avgGwei": "140.016002618" },
      { "timestamp": 1619136000, "avgGwei": "124.223128337" },
      { "timestamp": 1619222400, "avgGwei": "67.652388873" },
      { "timestamp": 1619308800, "avgGwei": "55.417762177" },
      { "timestamp": 1619395200, "avgGwei": "62.694725054" },
      { "timestamp": 1619481600, "avgGwei": "66.938145405" },
      { "timestamp": 1619568000, "avgGwei": "79.19160966" },
      { "timestamp": 1619654400, "avgGwei": "71.836786969" },
      { "timestamp": 1619740800, "avgGwei": "56.781903115" },
      { "timestamp": 1619827200,