{
  "votingContractAddress": "0x004395edb43EFca9885CEdad51EC9fAf93Bd34ac",
  "rebate": 43,
  "fromBlock": 19557289,
  "toBlock": 19764401,
  "countVoters": 105,
  "totalRebateAmount": 4.07652702807753,
  "shareholderPayout": {
    "0x128b7E7F0Bfa7CdA46bB4728A0DA88dBaA095026": 0.039728568206196614,
    "0x62763A0D45Eb16EFe2B9f2f30743BE0e6ec3A207": 0.03412808857015922,
    "0xCf7cdBBbf4be10b5f716b297B53d369626a8AA57": 0.05579631754813371,
    "0xFB9D972a3CB1C8Fdda9b2dd973C15047a9e56c17": 0.0397290160288151,
    "0xB2d61A9FB039CAd0Eb9d44FC19A2684Db3343d22": 0.03450945304199812,
    "0xF548BCf569Fb953Bf4f9dFbb67267D5824c8da63": 0.03443835319954536,
    "0xDF67cbA8261c6D8C15c735009F61e2CC9F852DE3": 0.0399024069546879,
    "0xf445567E961c533e26430005c142DEe831A6376e": 0.03129708264268073,
    "0x9B6f4d48fD61313204F7C8fBe9dFeC6384aA4cEd": 0.03277421689463856,
    "0xfD8355b24aB8815cA2d76d1E495DC29B4330241f": 0.037275832081442604,
    "0x126db3213b309A8D554594e591e614425cCaC78e": 0.031325685466787434,
    "0xc3d26aa4954816330C5ffc9bb2d46acbCEaff130": 0.03125159550531299,
    "0xFa93E76Bb7de1071D6f9C0f77Af883c2a944B2d1": 0.044478411563432074,
    "0x2b433E0D9E38Df82Ec700679B98643ba5Ff4a9FA": 0.03455331049076177,
    "0x336B9DE28D67D692C31DF93A9b8630B2Fa50d88f": 0.04316248335110257,
    "0xD2A78Bb82389D30075144d17E782964918999F7f": 0.035276832291752866,
    "0x61C196c7415643b7651a1c63F83263Fa976F5bB1": 0.029746809388330752,
    "0xa2E5Dbd496e25A194a11FC3e4Ad5AdA199e827F4": 0.04526114122567538,
    "0x6aEdb6460ABAE82F5ED77aF1d5e9Fe6F701d8c4A": 0.0333559614171485,
    "0x69D0341d380a1229f4751a0A721345dBc716586C": 0.02908094990698344,
    "0x9BC114CbDf47021f15416e720bC71b5341120E87": 0.04258486308849287,
    "0xb81C51ebD858A042f0b09b8C314E65C52565dF46": 0.036286770744610584,
    "0xA7b9D5Fc54eb3FfE1985a10e28d045a9b89487D0": 0.03146472129825082,
    "0xD25f7e77386F9f797b64E878A3D060956de99163": 0.03554893728092125,
    "0x7c8eba6dF6115D4C9A84E83F77B7E6Bb9d266c2A": 0.02483131932670313,
    "0x1fdef3D3c7984a945008C253caA6cf380fDdb16f": 0.005084386734610301,
    "0x0f8fe8e8B7Ad38615904a08e821E875fa19d8b67": 0.005292959363105924,
    "0x96c00fDDa3f3129A55C0Bc9b48Ef504C3D5594e4": 0.042716393122449466,
    "0x99BcEa6bB0403927fB3c038163478D5b42082Fd9": 0.02993110346130438,
    "0x2B6561E955965DB87f48963E1573F819c31CDAf0": 0.03197182722471786,
    "0xeF7220723E580F03A8f8b076Ee8623b1dF0103fa": 0.0428872854392928,
    "0x261c30aD69C3A89942F6C815914D004dD1fc4126": 0.023658351906885793,
    "0xcfB331ADE6D66Ad1cB6765a2dD51aD3Aa9A1400E": 0.14534534260941953,
    "0xaF4C815CF13Bc8671a2a12BdE62aABEC24651ccC": 0.050130048034861346,
    "0x07B83aD78CACb5a730D719902CF9Ef59fB38DA98": 0.0381237639888684,
    "0x6147d56b02faBD35cd9fC2B80a60276cDf089521": 0.049871910858754816,
    "0xD9F9F15e1DCdA849a48EE048892C9B31287C7598": 0.04983051302110874,
    "0x6573e30Ee0ad46BC9aFA0C2aDb0D3f147D658EFE": 0.04072821610145595,
    "0xC03808e0Af01563A739e408268d5517Dd7d710f3": 0.03336547340603091,
    "0x4f49D938c3Ad2437c52eb314F9bD7Bdb7FA58Da9": 0.028197473600330963,
    "0x92345865A75cBe863bF899e23A4407dA8034c2AF": 0.035182505294894584,
    "0x30b2DAEb3757B6C7462cd0D776828F8d7398BE50": 0.03923229346840104,
    "0xD431B7c1433FbA9a5aa5330E5211F4773B95E9d9": 0.03600196982714678,
    "0x4B8aef878255F6242606Fe5e73D659004F5A34fA": 0.05183356956789798,
    "0x7e367235eF80109531113d8284A5593Ba6A40c22": 0.033160996082932805,
    "0xD7C896cac64486E339Fc79B8d80a872756B524D8": 0.019715226934795577,
    "0xdF3aD3aD48fa33A4E9DC90Cc2e2b2b3480Df4807": 0.033524837907167586,
    "0x6dC894E9A906D0FE3b710724746dB84FE36190e1": 0.02908929553752939,
    "0x2f8320C2Dc28681Aa5BBF92e79C37BE656a7D5F1": 0.060267522651847615,
    "0x7cac2ab1CF9dc459ca88A85D72Ac94DE2691f1E5": 0.060885414175982075,
    "0x11eFc2638184a0382BF1bb29C4047c6111F8f3C7": 0.060594070795605,
    "0x0a01f4A6711012157C1B33aD9c01aF7F526962f5": 0.05735120617828388,
    "0x2cf6988D57d0df95d3FF37CDfBFe0520F15c860F": 0.22891342616948934,
    "0x9b8f31D4A132cFd3425EEf49076e56e60Dc1Ed2F": 0.03833603593266422,
    "0xaE90B9bc86DBa4D1C0ff98c496df2331220FC2cd": 0.03912426092281359,
    "0x260D417fBD1716B1375CD311f8a6677c4a780B3A": 0.038912916808009075,
    "0x8bd7B5E860998607715Da42944cc9DE3486A3Ae2": 0.03420878823635993,
    "0x47A40A367b3298BE3da3BdE3994c5342e26f368b": 0.038311631258958825,
    "0x3B271e8F1409E8e90c484d3591143bd7e1d2A177": 0.025823558517691005,
    "0xDCf99bA641c98E37dF8ea31188aD7E7Fa5501B09": 0.026233423227257753,
    "0x529109d3E06f2aCfc520F27042274E8dCD44EddD": 0.05080777741244976,
    "0x99dF425FCF7899d1C0c8cEedB2f051Cd00c25c25": 0.05409315838413694,
    "0x8D4c39b6A9c7cec94Cffef12f4eC019765b4128e": 0.04392006958872751,
    "0xDbD9416f32c409b3c7A29655AA515bd717616470": 0.031656188518571014,
    "0xb5eeDdFF4641Fea71C0b9A344AEd1a49E38e55d5": 0.09336615357142984,
    "0x66b5409f52d23ef87bDBfaa7312F8D790755fE13": 0.08893358819104603,
    "0xe63757E3cD485C9b35b3a972fFFA2d91B8649483": 0.04027084873126778,
    "0xe8b0a13e65Cc30E142EB125bFA3Fb4DE3a190ad8": 0.09257071635603019,
    "0x974D9A1A88A6280e742dC4BA3E886d8DC9890fb8": 0.046219215973211485,
    "0x2108a6d1f32D1A932431d64E3328D1d45bD0520f": 0.1269990966282029,
    "0x2D332737C1EbBF86b21E78D82640aD7E3Be7a4C6": 0.1448028383532055,
    "0x7ceb2a5C3395A5cfE09B66E7cEd496061301c316": 0.05266335410718116,
    "0xd9AaeEAa94FAD39bAf37B713E833105227bf1476": 0.03882710808057872,
    "0xfEc2Ade141272f5271FEbaDFca5d21Ca30fc04a5": 0.06206141534462408,
    "0xAC465fF0D29d973A8D2Bae73DCF6404dD05Ae2c9": 0.01915259466062756,
    "0xFDBb6FA945c73712856738021b9E52A8C1F7bE7f": 0.010143306011980787,
    "0x996d5138843993Cebc554c20d82310a43802aFF1": 0.11244863859937074,
    "0xF9D0De258931D88E370245Ebf8b40119EC91912b": 0.038917229155505634,
    "0x82b6a4Ebc3904b7aABD4E85510045EFf0d43a6Bd": 0.04941870944115181,
    "0x2fccFAa32D7c71AaBb0FB0E7892678b38393B749": 0.018343730801015683,
    "0xe6b5A31d8bb53D2C769864aC137fe25F4989f1fd": 0.028145881057514165,
    "0xc675Db75C736e3eB89541C27CA26DEAf274cfCDC": 0.029542604394005734,
    "0x3D65eD138686e2AD54006d4Db83aD4597D645370": 0.024456909378296362,
    "0x1DE746BB64222C304b38F84613745323cB6C7fC1": 0.02444354954676516,
    "0xd17EB770E4E209C186cEDA0d7E09bFC03D792b36": 0.02206853219474884,
    "0x4ddd9aF5f091A11438f3C4F618F1257D6D660Cb2": 0.018232755937697794,
    "0x956769FC9Dae4ae9309990167937Ac6DeF306fBC": 0.004397114978167232,
    "0xbd5eb58790C4C8FE959f8Ea9d736DB3619A59300": 0.011899900230303092,
    "0x4A7095c3fF70Cb309C17f3c1203C5c095927b795": 0.008899847564859635,
    "0x25573437fB3c4F003752C7a3daB7F6AF642743f8": 0.001424124277018548,
    "0x6F01BA8FdD3E1DE4A33dFcd4492aCA7819a2F796": 0.007553061475167825,
    "0x393950505b160607F40D11AB956C9406DBe6e4ce": 0.009339767098394847,
    "0xfE9309c9f3d4f5a6E514CAb5F4F5a36838B59c9d": 0.011905383806377888,
    "0xcCE9A28b570946123f392Cf1DbfA6D2D5e636a1f": 0.03373631671867323,
    "0x4a3755eB99ae8b22AaFB8f16F0C51CF68Eb60b85": 0.01240717530580979,
    "0xca30cE2505F78e7B4f07b2d0A0F22eD62B19051B": 0.011409708723612036,
    "0xdf880E309C6f7d865a958DccaDC14aE1FD61dca7": 0.001398301970948363,
    "0x5D80A493A38c3b6A43852f8282a3392C250bE12e": 0.008911022279505009,
    "0x9A8f92a830A5cB89a3816e3D267CB7791c16b04D": 0.04409989886605281,
    "0x71a6716aAa13779292f62834c2F82D153B6D9427": 0.001693429255178028,
    "0x1C389f1f85Cdb3C2996b83fAc87E496A80698B7C": 0.00087178948370024,
    "0xA8E20D1B16c2821c2E17A58eB9c92c2ec7699283": 0.01056818090930346,
    "0x7820892a0C658b2aD6328B9b64a317Ae0973F18B": 0.011019910563582737,
    "0x27CDCb15c9c47D173BEe093Fa3bdDaDF8f00A520": 0.008718202021333535,
    "0x996b4449b9D6FF2d3b5EbCE4ad0474891CBBF4db": 0.002140796246708782
  }
}
