{
  "votingContractAddress": "0x004395edb43EFca9885CEdad51EC9fAf93Bd34ac",
  "rebate": 41,
  "fromBlock": 19129889,
  "toBlock": 19336607,
  "countVoters": 110,
  "totalRebateAmount": 17.343229266877334,
  "shareholderPayout": {
    "0x336B9DE28D67D692C31DF93A9b8630B2Fa50d88f": 0.25761114110900624,
    "0xeE160154b02A2e404c6c13ff0B28Ed76010cf07d": 0.0170599958921754,
    "0x7c8eba6dF6115D4C9A84E83F77B7E6Bb9d266c2A": 0.1144467651362709,
    "0x6aEdb6460ABAE82F5ED77aF1d5e9Fe6F701d8c4A": 0.21977460404332283,
    "0xc3d26aa4954816330C5ffc9bb2d46acbCEaff130": 0.18467430609499302,
    "0xD2A78Bb82389D30075144d17E782964918999F7f": 0.2042352499879482,
    "0x98120a431b7dfD64B1d2B52Ff8F793E2AcA53d70": 0.15489404816282099,
    "0x0a01f4A6711012157C1B33aD9c01aF7F526962f5": 0.22074918668584173,
    "0x7ceb2a5C3395A5cfE09B66E7cEd496061301c316": 0.15903830639333333,
    "0xCF43a2a953993806EE04fE441A4f7E798A96b72E": 0.008224281876471253,
    "0xcfc50541c3dEaf725ce738EF87Ace2Ad778Ba0C5": 0.1081433742875971,
    "0x2da5F57D17574b64FfF633B712708A5bFdf1BcF2": 0.02026334876990971,
    "0xfD8355b24aB8815cA2d76d1E495DC29B4330241f": 0.20443585627937416,
    "0xb5eeDdFF4641Fea71C0b9A344AEd1a49E38e55d5": 0.23851066776865784,
    "0x66b5409f52d23ef87bDBfaa7312F8D790755fE13": 0.26226174364595783,
    "0xe8b0a13e65Cc30E142EB125bFA3Fb4DE3a190ad8": 0.25259079483653873,
    "0xAd727E3f0a939e0461500E69654218d559283011": 0.0049929706890019,
    "0x62763A0D45Eb16EFe2B9f2f30743BE0e6ec3A207": 0.14380811857973527,
    "0xFa93E76Bb7de1071D6f9C0f77Af883c2a944B2d1": 0.1892461924640172,
    "0x54eCb5Be4f82736bF1734Cc9960715eA2a4C20fD": 0.008313558301222762,
    "0x9BC114CbDf47021f15416e720bC71b5341120E87": 0.19564267693624443,
    "0x357A54465ed928C48C2A8bb0179DC67Ace5250f8": 0.16962848330615643,
    "0x4ddd9aF5f091A11438f3C4F618F1257D6D660Cb2": 0.16973908466557466,
    "0x9B6f4d48fD61313204F7C8fBe9dFeC6384aA4cEd": 0.17998019617426383,
    "0xdF3aD3aD48fa33A4E9DC90Cc2e2b2b3480Df4807": 0.16329233930023296,
    "0x6dC894E9A906D0FE3b710724746dB84FE36190e1": 0.16541784282076344,
    "0x2f8320C2Dc28681Aa5BBF92e79C37BE656a7D5F1": 0.2010797214080653,
    "0x7cac2ab1CF9dc459ca88A85D72Ac94DE2691f1E5": 0.20221821231716774,
    "0x11eFc2638184a0382BF1bb29C4047c6111F8f3C7": 0.18502448801834961,
    "0xFB9D972a3CB1C8Fdda9b2dd973C15047a9e56c17": 0.22294236737605655,
    "0xB2d61A9FB039CAd0Eb9d44FC19A2684Db3343d22": 0.21624681928048872,
    "0xaF4C815CF13Bc8671a2a12BdE62aABEC24651ccC": 0.2398567903915105,
    "0x6147d56b02faBD35cd9fC2B80a60276cDf089521": 0.26366325457457596,
    "0x61C196c7415643b7651a1c63F83263Fa976F5bB1": 0.1968581719731262,
    "0x0BfD7aE78eD2B89f7e7D85938e9317B5d494047B": 0.020638141027437922,
    "0xc675Db75C736e3eB89541C27CA26DEAf274cfCDC": 0.13319230856286335,
    "0x99BcEa6bB0403927fB3c038163478D5b42082Fd9": 0.25512579878559516,
    "0x69D0341d380a1229f4751a0A721345dBc716586C": 0.16000898299532224,
    "0xa2E5Dbd496e25A194a11FC3e4Ad5AdA199e827F4": 0.16973970534261268,
    "0xA7b9D5Fc54eb3FfE1985a10e28d045a9b89487D0": 0.0984403063131968,
    "0xd9AaeEAa94FAD39bAf37B713E833105227bf1476": 0.1907808392788143,
    "0xe6b5A31d8bb53D2C769864aC137fe25F4989f1fd": 0.15190987645869714,
    "0x8bd7B5E860998607715Da42944cc9DE3486A3Ae2": 0.17182721029402823,
    "0xf445567E961c533e26430005c142DEe831A6376e": 0.11267504732980331,
    "0xcfB331ADE6D66Ad1cB6765a2dD51aD3Aa9A1400E": 0.21187945739238662,
    "0x92345865A75cBe863bF899e23A4407dA8034c2AF": 0.24947041258127678,
    "0xFDBb6FA945c73712856738021b9E52A8C1F7bE7f": 0.23239047750999484,
    "0x261c30aD69C3A89942F6C815914D004dD1fc4126": 0.22478490114880714,
    "0xD431B7c1433FbA9a5aa5330E5211F4773B95E9d9": 0.22047273539064707,
    "0xE708e10a80c8FcFF34e7d6715446D7820318b0D5": 0.22083423288044415,
    "0xDCf99bA641c98E37dF8ea31188aD7E7Fa5501B09": 0.244370544864284,
    "0x4f49D938c3Ad2437c52eb314F9bD7Bdb7FA58Da9": 0.19564687886139634,
    "0xD9F9F15e1DCdA849a48EE048892C9B31287C7598": 0.3423993228234062,
    "0x3B271e8F1409E8e90c484d3591143bd7e1d2A177": 0.24953402807111916,
    "0x47A40A367b3298BE3da3BdE3994c5342e26f368b": 0.20719584754157055,
    "0x2B6561E955965DB87f48963E1573F819c31CDAf0": 0.22786075945465128,
    "0x6573e30Ee0ad46BC9aFA0C2aDb0D3f147D658EFE": 0.19958453579919577,
    "0x9b8f31D4A132cFd3425EEf49076e56e60Dc1Ed2F": 0.150578953192221,
    "0x260D417fBD1716B1375CD311f8a6677c4a780B3A": 0.207214502773794,
    "0xaE90B9bc86DBa4D1C0ff98c496df2331220FC2cd": 0.19535974132236114,
    "0x126db3213b309A8D554594e591e614425cCaC78e": 0.19009357600362742,
    "0x30b2DAEb3757B6C7462cd0D776828F8d7398BE50": 0.17853272162703573,
    "0xDF67cbA8261c6D8C15c735009F61e2CC9F852DE3": 0.24658416266096034,
    "0xC03808e0Af01563A739e408268d5517Dd7d710f3": 0.2201784535362103,
    "0x3D65eD138686e2AD54006d4Db83aD4597D645370": 0.25711512140301723,
    "0x1DE746BB64222C304b38F84613745323cB6C7fC1": 0.25124193086987,
    "0xd17EB770E4E209C186cEDA0d7E09bFC03D792b36": 0.23502465983777984,
    "0x7820892a0C658b2aD6328B9b64a317Ae0973F18B": 0.20211678724721144,
    "0xF9D0De258931D88E370245Ebf8b40119EC91912b": 0.19963130593606832,
    "0x974D9A1A88A6280e742dC4BA3E886d8DC9890fb8": 0.15076458377214583,
    "0x2cf6988D57d0df95d3FF37CDfBFe0520F15c860F": 0.27812793950952047,
    "0x82b6a4Ebc3904b7aABD4E85510045EFf0d43a6Bd": 0.20043563086643185,
    "0x2b433E0D9E38Df82Ec700679B98643ba5Ff4a9FA": 0.22915636288483188,
    "0xf9486539799fEC4b75F57D5196E65b73b3356032": 0.025925649396578685,
    "0xe63757E3cD485C9b35b3a972fFFA2d91B8649483": 0.15912497442412438,
    "0xfEc2Ade141272f5271FEbaDFca5d21Ca30fc04a5": 0.1970793700610995,
    "0xeF7220723E580F03A8f8b076Ee8623b1dF0103fa": 0.1645527924387775,
    "0x96c00fDDa3f3129A55C0Bc9b48Ef504C3D5594e4": 0.16659227689126055,
    "0xAC465fF0D29d973A8D2Bae73DCF6404dD05Ae2c9": 0.2215415698975272,
    "0x996d5138843993Cebc554c20d82310a43802aFF1": 0.2691538816734489,
    "0x8D4c39b6A9c7cec94Cffef12f4eC019765b4128e": 0.18220948756712865,
    "0x4B8aef878255F6242606Fe5e73D659004F5A34fA": 0.15605462641157244,
    "0x2a6dC98558a7482cfBD2f7C75bE5d59e62E27E59": 0.00338330963240088,
    "0x07B83aD78CACb5a730D719902CF9Ef59fB38DA98": 0.2062064495533098,
    "0x004537FCd9095489EbE38180a382341B962b501d": 0.009943728331852244,
    "0xCcD9C5465faC5C0Df86fD9B7d524a5949dEFcef6": 0.010342193495839034,
    "0xbfBdfFDE47f23F5f12a7D90b46271183ebEE485d": 0.003122364444793028,
    "0xbd5eb58790C4C8FE959f8Ea9d736DB3619A59300": 0.009350978133737468,
    "0x2D332737C1EbBF86b21E78D82640aD7E3Be7a4C6": 0.2657053319371533,
    "0x2108a6d1f32D1A932431d64E3328D1d45bD0520f": 0.27459110689661437,
    "0x69e69571d0d07EdBEde6c43849e8d877573eE6bf": 0.008827792269080354,
    "0xE58439B52192823f8147250e77ecB458e7fcd8c0": 0.0039944447887932,
    "0x85f545CEeB98c8FB47C9d4411450D018Cf1E3064": 0.2209418665067927,
    "0x77375A8c9d13bf79Afb2a87f1B0ac1dFd5F5Bf66": 0.003688522374119496,
    "0xB91448C245Ef30f5F23E63D13598D3bc16E14f7E": 0.005667992298147844,
    "0x51FcFc7D4A032478B8919e30cE52B39FbE823Fe8": 0.14263780186835603,
    "0xDbD9416f32c409b3c7A29655AA515bd717616470": 0.19237933232599938,
    "0x2993dB31D165c33D848e44A1C26a805bA411d324": 0.11130659661831066,
    "0xa7C22C77AfA2FF393467cfd8f1D9fAB5e3d7a043": 0.058665906886906295,
    "0x128b7E7F0Bfa7CdA46bB4728A0DA88dBaA095026": 0.10982648727248395,
    "0x529109d3E06f2aCfc520F27042274E8dCD44EddD": 0.12769404153066904,
    "0x99dF425FCF7899d1C0c8cEedB2f051Cd00c25c25": 0.12834173082855047,
    "0xA61fAeb0C1A44397196AD0AA99DaE4f7b3E21012": 0.001949305054349952,
    "0xf062D1B3f658ad32f7896A76807b05BA7a9e7720": 0.002403913801941888,
    "0x1fdef3D3c7984a945008C253caA6cf380fDdb16f": 0.00367118222635405,
    "0xdE0AEf70a7ae324045B7722C903aaaec2ac175F5": 0.02101127260305197,
    "0xCf7cdBBbf4be10b5f716b297B53d369626a8AA57": 0.06392774276210922,
    "0xD25f7e77386F9f797b64E878A3D060956de99163": 0.09076839693868387,
    "0x7e367235eF80109531113d8284A5593Ba6A40c22": 0.06882040214498086,