{
  "votingContractAddress": "0x8B1631ab830d11531aE83725fDa4D86012eCCd77",
  "rebate": "24",
  "fromBlock": "15052007",
  "toBlock": 15480230,
  "shareHolderPayout": {
    "0x110f0b1faa1cb6eed49883f960808c95f609f6fd": 34.76785756122322,
    "0xcfc50541c3deaf725ce738ef87ace2ad778ba0c5": 41.52456138892855,
    "0xa4e3555ab4bb3edd2f50b82279d30d6b49261fcc": 50.06177376812899,
    "0x2367432dc27e2e96b7ab8a0b0e4fcb28dd5a1c1f": 50.36812141749061,
    "0xee160154b02a2e404c6c13ff0b28ed76010cf07d": 50.87820806634973,
    "0xdb19c47e87ed3ff37425a99b9dee1f4920f755b9": 51.227573084432386,
    "0xdf67cba8261c6d8c15c735009f61e2cc9f852de3": 53.34106990586418,
    "0xd9f9f15e1dcda849a48ee048892c9b31287c7598": 47.62858450085234,
    "0x7cc541816b921bc5a172b6b10fa396664a6d2164": 51.03391740323024,
    "0xe6b5a31d8bb53d2c769864ac137fe25f4989f1fd": 49.366939874621785,
    "0x8b64673c9a482913a6e2c1298637532947cd96ee": 50.3699029827549,
    "0xe63757e3cd485c9b35b3a972fffa2d91b8649483": 42.634818103287955,
    "0x7b2483d0f917a4f7a04d1e13743c99ad9d249462": 44.241520072079624,
    "0x433219bf17ee5b210d472270d9e0eb6a57ae5fb2": 44.47106273826887,
    "0xfc204fcfd2a579157898a212ea25ac98de2b1e1c": 49.56620308995862,
    "0xd9aaeeaa94fad39baf37b713e833105227bf1476": 43.49346875341373,
    "0xd2a78bb82389d30075144d17e782964918999f7f": 50.113548909982974,
    "0x7da740d237575470b19284ec013fb5ea1f680f00": 47.20083980948804,
    "0x48c7e0db3dad3fe4eb0513b86fe5c38ebb4e0f91": 41.7965063815017,
    "0xa3f76c31f57da65b0ce84c64c25e61bf38c86bed": 44.154603957057105,
    "0xdb2808ed6cf0b8b9686222689cf4f6e88e42b80a": 35.3484721481768,
    "0x07148984389eddf3a188943807310ea9e22cef50": 49.062407344831165,
    "0x8369e7900ff2359bb36ef1c40a60e5f76373a6ed": 24.615618022448285,
    "0x80cd5224a98ee004229bb1e6a59c829501f94b72": 51.25843295998193,
    "0x5963d72760d2703c35b4b3cc7eda0b425d10788d": 41.046091103963704,
    "0xb17d5db0ec93331271ed2f3fffebe4e5b790d97e": 27.040790710165936,
    "0xeed339990e56ac554215ae9e1aa8d81a6e40b84b": 46.70483531811677,
    "0xfec2ade141272f5271febadfca5d21ca30fc04a5": 39.029811121383,
    "0xac465ff0d29d973a8d2bae73dcf6404dd05ae2c9": 17.68445027983663,
    "0x7ca5e8e735d1714104a534c9f39e2a29ab116139": 18.090993744784797,
    "0xb5eeddff4641fea71c0b9a344aed1a49e38e55d5": 48.113115407782516,
    "0x30b2daeb3757b6c7462cd0d776828f8d7398be50": 41.73164491554447,
    "0xb018ac399491b9320a456ad0e696d2032b6badd3": 5.825753647234399,
    "0x239b74c2e5505634b7c38c8eeb1de385a16e24e2": 36.40241362707276,
    "0x2a0e2e3bcc873a6fbd6687b4e4eeb4f8b74af129": 27.36933549303318,
    "0x7e367235ef80109531113d8284a5593ba6a40c22": 37.95397484380066,
    "0xe47df6ddf4022ec7d37e31325e0fe982eff3ef41": 41.85610615467736,
    "0x69d0341d380a1229f4751a0a721345dbc716586c": 47.39765481060467,
    "0x57ef012861c4937a76b5d6061be800199a2b9100": 36.950956227162536,
    "0x0bfd7ae78ed2b89f7e7d85938e9317b5d494047b": 22.306173946728816,
    "0xd1f8f4e8c4ae63964efb761a97503c128b7fa732": 44.10598569410033,
    "0x121d6f8b87d9d7a59a97f7c0d4a3bc00dd7ed9e4": 9.979581622505366,
    "0xa092db6d22a9710deb17c8fd748bba52fff1f15c": 21.077235698811528,
    "0xed6bf5eeffdcff967184747648f1c3b578a2f430": 19.44331391321118,
    "0xa31c2232842e631ccb2d2e4110b356bab21e6020": 15.122038243322603,
    "0x47e87a4429636a7bbebaff101c9697e3941ce117": 23.85065572104068,
    "0x01371b3ff34e1bbcf599aede17e3f211f6974953": 8.0886,
    "0xf71866a90c24209e13bb9f65307cea120a939d79": 5.199724974664142,
    "0x30daba789bf9390a75d6b4f0efd21eff03f16c19": 29.09993824600825,
    "0x4f26e8ed7a39f6bb97be3234b36268413611d140": 4.862600495793499,
    "0xf9d0de258931d88e370245ebf8b40119ec91912b": 14.137877872500965,
    "0xb37a1b71d206fa7b48b297900ec62cd31f5c78fd": 24.617217097426014,
    "0x4ddd9af5f091a11438f3c4f618f1257d6d660cb2": 12.010436849919785,
    "0xea7c2df8ab95bf0af91f8e4034b493733aca21df": 30.787560463303343,
    "0x384d91e6b8d032ab9d844eb58b85df6543e616f0": 33.8194531919472,
    "0xf445567e961c533e26430005c142dee831a6376e": 23.075056778174094,
    "0x2e47e3f888d561c28ffa2a7fe3a2b2794778de0a": 15.850555773988367,
    "0x9a97c80956bce4dd87c2df6a93900dbfcbf0d60a": 11.447763127317193,
    "0x9b6f4d48fd61313204f7c8fbe9dfec6384aa4ced": 7.352492429767175,
    "0x40dcba8e2508ddaa687fc26f9491b8cca563c845": 10.745381845682154,
    "0x8348c5ec31d486e6e4207fc0b17a906a0806550d": 16.185392752027404,
    "0xcddaa0e09c6f947eb3547320f77508d283caa3f5": 3.1755875,
    "0x03cb1fef2fe3a9a687bb90b0e720bed60f271b86": 3.1749875,
    "0xc97fe14276280ad703f4cc75e558e17d5231b6eb": 3.1758875,
    "0x2a5aed4a695feca5797c24f3c2809d38fa79514a": 3.058415922910599,
    "0x5cff1fe7f28dbfeebd443e5488a0b7970b7a8316": 3.058265922910599,
    "0x43f7043001d71cb1f414d3c5b3783951ff9e9a78": 3.058265922910599,
    "0xfab2dd4c51a39189e0290eb497ee6202a50e9ca4": 3.0578159229105992,
    "0xb023939397f7d87d168ced6b20e180fe29bc68f4": 3.058115922910599,
    "0xfd96032c6c2437ab79d8fa1a5539d60948e25013": 3.058265922910599,
    "0xda9033ba7b20c09221ad02302c8c209524622752": 3.058115922910599,
    "0xc1fa67fd4f896a64331ca23d7f16631dfe61bf44": 3.058265922910599,
    "0x6112f0c839c790867111e0bd30039c88bfd10f37": 3.058276060880971,
    "0x23d1158f55579a22e2a1ff298f7786b1ca30f6fc": 3.0579760608809714,
    "0xb920f774020315c8150ee5ec13661767f85c6ae9": 3.058265922910599,
    "0xb23a57fbcf0374bc0bd4d7451fac564023e86236": 3.058265922910599,
    "0x051b67f70c1ca82bd7842a3fba37e8f4c4dc3fb4": 3.058276060880971,
    "0x059b4e305d58979644a71a8cd024cb4615cc8e19": 3.058276060880971,
    "0x9a8ff12b40a507e76e4e0fdfb97153b1387f2355": 3.058115922910599,
    "0x188108edf4eebf4189f10621f82630d578f7e45a": 3.0578159229105992,
    "0x692360150bb2eaa756384b941db4ba020b37ffc0": 3.058115922910599,
    "0x914370354cefac2202c46d933685e87f05c7d718": 3.2506792916894605,
    "0xf398abf8d0a74810c1da9c49290bc2555ef56f29": 2.972470417708216,
    "0x97a67ba107948d3f4399d49c5afadfedf09863a4": 2.9987432918645442,
    "0x6352f003ca2ee26e2e6fa2077acaaaa29184cd3d": 3.2250875,
    "0x31a4c53be2356b09220d348508b97ed9b26a6c30": 3.0786625,
    "0xabbcf7b0735e4eb152fd13fa02691cc046fac0bd": 33.75836909965038,
    "0x11efc2638184a0382bf1bb29c4047c6111f8f3c7": 34.00792236601975,
    "0x7cac2ab1cf9dc459ca88a85d72ac94de2691f1e5": 34.18450872482366,
    "0x4cbacd6821b53ea9a41e8383303b8a78e3a9edfa": 30.143246309387436,
    "0xc3d26aa4954816330c5ffc9bb2d46acbceaff130": 34.14448241528087,
    "0x82b6a4ebc3904b7aabd4e85510045eff0d43a6bd": 33.61495025291009,
    "0x66b5409f52d23ef87bdbfaa7312f8d790755fe13": 33.682598138769464,
    "0x8a6800c753ed8ed19e0df473a97a7a94b2cecf54": 30.24585058034064,
    "0x969397c71eb51f7fdcf6527db4d97871b05d6f63": 33.703564343503736,
    "0x87d1465044ddb9bf2e5fb189067cb340a7b0074a": 33.09910359406288,
    "0xfdf7f859807d1dc73873640759b2706822802529": 27.064926634346897,
    "0x2cf6988d57d0df95d3ff37cdfbfe0520f15c860f": 33.552230497241645,
    "0xb0903a62f5ca7a215aa67232ba691cb801decd5b": 30.4910802973356,
    "0xacd3dc5c6f9cb967b5e1f719001e85039b0c976f": 33.721393848177854,
    "0x3d65ed138686e2ad54006d4db83ad4597d645370": 29.186093458403835,
    "0x3b271e8f1409e8e90c484d3591143bd7e1d2a177": 33.81708880075794,
    "0xdcf99ba641c98e37df8ea31188ad7e7fa5501b09": 33.6831344111228,
    "0xbca0fd352dce62fa1b7c7f9fa8f0c1de7fef09d9": 28.182355011383873,
    "0x9e3a4ed4eea5c27a5e82a32e90482a4827a4ae80": 26.717420900419032,
    "0x1be514893bfd6f13f508a71a37b0246ed7b4bb8a": 29.741833366110203,
    "0x49e0cdd718d330e5a27856256236b4e56a76d3fb": 34.216919398379815,
    "0x3d88456277e32d62575267c3564b72387c3f21f7": 33.62020233642641,
    "0x4b070c428ddbb49524abf2d4be4998c1e3b6f3a5": 28.63144135897493,
    "0xe7dce0b9276256cd192aa9297595eb4e22c11490": 1.7285750001993276,
    "0x336b9de28d67d692c31df93a9b8630b2fa50d88f": 26.70479310450815,
    "0x469f91dc3253165f52bb56eaa4aee838c1c7822d": 23.892472965429977,
    "0x50e453636f153ded412eca1ecc3e520a206b3496": 10.089740054162778,