{
    "votingContractAddress": "0x004395edb43EFca9885CEdad51EC9fAf93Bd34ac",
    "rebate": 38,
    "fromBlock": 18473543,
    "toBlock": 18687851,
    "countVoters": 99,
    "totalRebateAmount": 7.697674792531479,
    "shareholderPayout": {
        "0x644a7FF3CDFF23C3F10F25807A40Fa48AFF34885": 0.0856233114532149,
        "0x7c8eba6dF6115D4C9A84E83F77B7E6Bb9d266c2A": 0.07132702886644234,
        "0x85f545CEeB98c8FB47C9d4411450D018Cf1E3064": 0.11019016562939207,
        "0x4B8aef878255F6242606Fe5e73D659004F5A34fA": 0.09749388655745433,
        "0xf445567E961c533e26430005c142DEe831A6376e": 0.02493497547256029,
        "0xfD8355b24aB8815cA2d76d1E495DC29B4330241f": 0.09079523068255481,
        "0x08A8F08bd1e7eAF0d1eC7E81b60E194ea783B996": 0.07368256400080662,
        "0xbbf01C2c007F2fE5D2e26dBc6Ad0b45C61D6D765": 0.07358381354383219,
        "0x9BC114CbDf47021f15416e720bC71b5341120E87": 0.10320086005516793,
        "0x9B6f4d48fD61313204F7C8fBe9dFeC6384aA4cEd": 0.09284375029167422,
        "0xa31c2232842e631cCb2d2E4110B356Bab21E6020": 0.04536618664459604,
        "0x4ddd9aF5f091A11438f3C4F618F1257D6D660Cb2": 0.0901755928794698,
        "0x357A54465ed928C48C2A8bb0179DC67Ace5250f8": 0.05794201909836704,
        "0xc3d26aa4954816330C5ffc9bb2d46acbCEaff130": 0.07363741611281718,
        "0xD2A78Bb82389D30075144d17E782964918999F7f": 0.08004338872942653,
        "0x4d7ef23add041e515077233023a6B9A9995e32BE": 0.07410698293159451,
        "0x07B83aD78CACb5a730D719902CF9Ef59fB38DA98": 0.0756343679540997,
        "0xaF4C815CF13Bc8671a2a12BdE62aABEC24651ccC": 0.09712508739955594,
        "0x6147d56b02faBD35cd9fC2B80a60276cDf089521": 0.09725079726113962,
        "0xA7b9D5Fc54eb3FfE1985a10e28d045a9b89487D0": 0.08196049227771227,
        "0x61C196c7415643b7651a1c63F83263Fa976F5bB1": 0.08610177246162894,
        "0xd9AaeEAa94FAD39bAf37B713E833105227bf1476": 0.07356507110347722,
        "0x8bd7B5E860998607715Da42944cc9DE3486A3Ae2": 0.069647561049901,
        "0xe6b5A31d8bb53D2C769864aC137fe25F4989f1fd": 0.07568747258344533,
        "0x2108a6d1f32D1A932431d64E3328D1d45bD0520f": 0.09805275902296094,
        "0x6aEdb6460ABAE82F5ED77aF1d5e9Fe6F701d8c4A": 0.08413380200605247,
        "0x62763A0D45Eb16EFe2B9f2f30743BE0e6ec3A207": 0.05012184026724253,
        "0x69D0341d380a1229f4751a0A721345dBc716586C": 0.201912732733907,
        "0x99BcEa6bB0403927fB3c038163478D5b42082Fd9": 0.12160983440344071,
        "0x2B6561E955965DB87f48963E1573F819c31CDAf0": 0.08450504034027555,
        "0x4f49D938c3Ad2437c52eb314F9bD7Bdb7FA58Da9": 0.08513227037672595,
        "0xe63757E3cD485C9b35b3a972fFFA2d91B8649483": 0.090479348605468,
        "0xDd4B9851525bc838a5aAf3e4464B0456b4a22C31": 0.06563403741658273,
        "0x30b2DAEb3757B6C7462cd0D776828F8d7398BE50": 0.09209698882009985,
        "0xD431B7c1433FbA9a5aa5330E5211F4773B95E9d9": 0.08542697416947925,
        "0xe2AD881d80a8E1df7f43C480c8a33D0EB9D03Eef": 0.016743197571300817,
        "0x45F2aBcE86a938Bb4d4633048dfA15bED7A5E310": 0.07823454983894987,
        "0xD9F9F15e1DCdA849a48EE048892C9B31287C7598": 0.07654346727930969,
        "0x7ceb2a5C3395A5cfE09B66E7cEd496061301c316": 0.06386394369320991,
        "0x3D65eD138686e2AD54006d4Db83aD4597D645370": 0.08871371859983213,
        "0x1DE746BB64222C304b38F84613745323cB6C7fC1": 0.09030908886222887,
        "0x261c30aD69C3A89942F6C815914D004dD1fc4126": 0.05705615119215258,
        "0x126db3213b309A8D554594e591e614425cCaC78e": 0.09558669892922475,
        "0xDCf99bA641c98E37dF8ea31188aD7E7Fa5501B09": 0.10506913128984084,
        "0x3B271e8F1409E8e90c484d3591143bd7e1d2A177": 0.10840959021086496,
        "0x021F0b20dA3b0471c175fBC85eD5C09055FeC061": 0.08618991784624834,
        "0x996d5138843993Cebc554c20d82310a43802aFF1": 0.09423555170877077,
        "0x4c9F7207be28278b9DCA129f2e211AcfFf48Fb01": 0.09992245616028694,
        "0xF9D0De258931D88E370245Ebf8b40119EC91912b": 0.12243073224221797,
        "0xe8b0a13e65Cc30E142EB125bFA3Fb4DE3a190ad8": 0.11746742956945172,
        "0x66b5409f52d23ef87bDBfaa7312F8D790755fE13": 0.1177456515083915,
        "0xb5eeDdFF4641Fea71C0b9A344AEd1a49E38e55d5": 0.1208244536780253,
        "0xc74A73576F9ca7C88C905EdcC5F0f5F339d52380": 0.05497820369089504,
        "0x82b6a4Ebc3904b7aABD4E85510045EFf0d43a6Bd": 0.11033352406774742,
        "0xAC465fF0D29d973A8D2Bae73DCF6404dD05Ae2c9": 0.09922381780959748,
        "0x9b8f31D4A132cFd3425EEf49076e56e60Dc1Ed2F": 0.08627713022262923,
        "0xaE90B9bc86DBa4D1C0ff98c496df2331220FC2cd": 0.09365348020882482,
        "0x260D417fBD1716B1375CD311f8a6677c4a780B3A": 0.09672304070916261,
        "0x336B9DE28D67D692C31DF93A9b8630B2Fa50d88f": 0.12336904494261769,
        "0x11eFc2638184a0382BF1bb29C4047c6111F8f3C7": 0.14460337375830365,
        "0x7cac2ab1CF9dc459ca88A85D72Ac94DE2691f1E5": 0.14342673669997036,
        "0xFc204FCfd2A579157898A212ea25Ac98de2b1E1C": 0.12127241212323209,
        "0x2367432dc27E2e96b7AB8a0b0e4fCb28Dd5a1C1F": 0.10708947301678842,
        "0xfEc2Ade141272f5271FEbaDFca5d21Ca30fc04a5": 0.1013566375439359,
        "0xA4e3555ab4Bb3edD2F50b82279d30D6b49261FCc": 0.0821206081398651,
        "0xDF67cbA8261c6D8C15c735009F61e2CC9F852DE3": 0.09525988624891409,
        "0x8f808E2C5Dd3941961946A5F3fd677E2592ee814": 0.055739487162740624,
        "0xB2d61A9FB039CAd0Eb9d44FC19A2684Db3343d22": 0.05871929352340975,
        "0xFB9D972a3CB1C8Fdda9b2dd973C15047a9e56c17": 0.060937022163229645,
        "0x2cf6988D57d0df95d3FF37CDfBFe0520F15c860F": 0.11679089206813048,
        "0x96c00fDDa3f3129A55C0Bc9b48Ef504C3D5594e4": 0.10003684587807597,
        "0x0a01f4A6711012157C1B33aD9c01aF7F526962f5": 0.07852041175180076,
        "0xcfc50541c3dEaf725ce738EF87Ace2Ad778Ba0C5": 0.06316152351606921,
        "0xC03808e0Af01563A739e408268d5517Dd7d710f3": 0.09070751380335579,
        "0x2A0e2e3bcC873a6fBD6687b4E4EEb4F8B74AF129": 0.12146994040485705,
        "0x6573e30Ee0ad46BC9aFA0C2aDb0D3f147D658EFE": 0.0827893600642394,
        "0x47A40A367b3298BE3da3BdE3994c5342e26f368b": 0.10060291586034335,
        "0x7e367235eF80109531113d8284A5593Ba6A40c22": 0.08484412448421265,
        "0x128b7E7F0Bfa7CdA46bB4728A0DA88dBaA095026": 0.0789480212219777,
        "0xE708e10a80c8FcFF34e7d6715446D7820318b0D5": 0.08038576998671518,
        "0x5bdAfB8d0270F2833433CCd77493dC40BA94C0f6": 0.03749439153072853,
        "0x2993dB31D165c33D848e44A1C26a805bA411d324": 0.017017936767860994,
        "0x8A752066907ECc34Bb2a37f08C69701110aB04f1": 0.004164857940735726,
        "0xa2E5Dbd496e25A194a11FC3e4Ad5AdA199e827F4": 0.043822386897848856,
        "0xA208BC6f328401efA313Ccce9B288B7048028AE9": 0.04537634311763829,
        "0x51FcFc7D4A032478B8919e30cE52B39FbE823Fe8": 0.01916592024953326,
        "0x519EbeDCb61498e2EBabE8D8b9FF8B168Fa5fB3b": 0.01844356617879202,
        "0x2D332737C1EbBF86b21E78D82640aD7E3Be7a4C6": 0.06352628645331632,
        "0xdF3aD3aD48fa33A4E9DC90Cc2e2b2b3480Df4807": 0.04922430131359219,
        "0x8D4c39b6A9c7cec94Cffef12f4eC019765b4128e": 0.056787955056832096,
        "0xbd5eb58790C4C8FE959f8Ea9d736DB3619A59300": 0.015797841243620513,
        "0x78A8cF9a7FCbCAf8753210dcCfcA3641b8a8333B": 0.02001876696128333,
        "0x2b433E0D9E38Df82Ec700679B98643ba5Ff4a9FA": 0.04135425260290543,
        "0xFa93E76Bb7de1071D6f9C0f77Af883c2a944B2d1": 0.04015229576523232,
        "0xD25f7e77386F9f797b64E878A3D060956de99163": 0.027749678788961375,
        "0xfaecAE4464591F8f2025ba8ACF58087953E613b1": 0.022145591691986353,
        "0x03eAFcd63CE01E51FD20D244eEB69684815C2601": 0.009672761949584574,
        "0xd17EB770E4E209C186cEDA0d7E09bFC03D792b36": 0.024042712298737907,
        "0x80F04391813cA4C8E6b612092F298156cFACbF5a": 0.00800530126777464
    }
}