{
  "votingContractAddress": "0x8B1631ab830d11531aE83725fDa4D86012eCCd77",
  "rebate": "15",
  "fromBlock": "13531201",
  "toBlock": 13704056,
  "shareHolderPayout": {
    "0xdae6878c6756d804a8e7b056f9eac38ad1fbded9": 69.64669795733005,
    "0xb5eeddff4641fea71c0b9a344aed1a49e38e55d5": 97.25841516247326,
    "0xd2a78bb82389d30075144d17e782964918999f7f": 90.9447809312033,
    "0xfec2ade141272f5271febadfca5d21ca30fc04a5": 94.77585063885923,
    "0xfdac618ddb79f77eb2ea5c52b7c50f8f728dafce": 95.71108563797429,
    "0xee160154b02a2e404c6c13ff0b28ed76010cf07d": 95.93229576794441,
    "0x8b64673c9a482913a6e2c1298637532947cd96ee": 34.49561585458421,
    "0xdb2808ed6cf0b8b9686222689cf4f6e88e42b80a": 97.45576348778638,
    "0xef5411841547197d8bced89504e02eb8e12991a9": 72.3726403128049,
    "0xd9f9f15e1dcda849a48ee048892c9b31287c7598": 103.26261322370836,
    "0xad3808f98f4c3b357057026108e25f453dbef67a": 31.10066270267203,
    "0xfc204fcfd2a579157898a212ea25ac98de2b1e1c": 80.43118392025565,
    "0xad2b08f878c0be4c4162a72bbf7c0f547f93bd9f": 5.658700991644055,
    "0x2a0e2e3bcc873a6fbd6687b4e4eeb4f8b74af129": 39.17574458883594,
    "0x57ef2b98306d2c98f2fcebbdd05090c75982af72": 26.532287491458852,
    "0xed6bf5eeffdcff967184747648f1c3b578a2f430": 37.07830799224969,
    "0xf71866a90c24209e13bb9f65307cea120a939d79": 81.98944397367103,
    "0x7da740d237575470b19284ec013fb5ea1f680f00": 42.91203453549555,
    "0xac465ff0d29d973a8d2bae73dcf6404dd05ae2c9": 58.636862506226095,
    "0x67eb87fa6f2a81f864575b3930292a322b5cf9fa": 55.76280733063294,
    "0x522ad4cf5efe083c28454d827c478548fd622f9d": 10.83988102494519,
    "0xe63757e3cd485c9b35b3a972fffa2d91b8649483": 58.694251916565435,
    "0xea7c2df8ab95bf0af91f8e4034b493733aca21df": 67.04679773727106,
    "0x384d91e6b8d032ab9d844eb58b85df6543e616f0": 66.50421743036654,
    "0xd9aaeeaa94fad39baf37b713e833105227bf1476": 58.07727126240803,
    "0x7b2483d0f917a4f7a04d1e13743c99ad9d249462": 60.73084178995687,
    "0x31a4c53be2356b09220d348508b97ed9b26a6c30": 52.35675279154392,
    "0xd7925984736824b4aecf8301c9aee211cd976494": 60.531581061488964,
    "0x9a97c80956bce4dd87c2df6a93900dbfcbf0d60a": 46.4114012330541,
    "0x61d62b3d530ab8174dbfade1675d856c5c5c9fcd": 50.82286959012413,
    "0x3def2f01ce10de5b744e09419f6784c277b1ab04": 34.8849827075275,
    "0x5963d72760d2703c35b4b3cc7eda0b425d10788d": 14.201382042401615,
    "0xdb19c47e87ed3ff37425a99b9dee1f4920f755b9": 37.06336483112591,
    "0x8bd16de8938a2ad16794ac7e7502896f156e370c": 13.379948654757102,
    "0x6fec6cb90d4bc025d5249f299d640d66fcbfb6eb": 13.065372571421555,
    "0xc0f5cdc8251d772e35aa15b6374a6facf434bd98": 17.627161625007446,
    "0xbca0fd352dce62fa1b7c7f9fa8f0c1de7fef09d9": 82.95957857732307,
    "0x4b070c428ddbb49524abf2d4be4998c1e3b6f3a5": 65.37247408740144,
    "0xc3d26aa4954816330c5ffc9bb2d46acbceaff130": 67.04685337210314,
    "0x66b5409f52d23ef87bdbfaa7312f8d790755fe13": 75.03824634407633,
    "0x112eae3093451187c8b945fb601c6df34bdc8105": 67.04817182071814,
    "0xdcf99ba641c98e37df8ea31188ad7e7fa5501b09": 66.4366201761608,
    "0x3b271e8f1409e8e90c484d3591143bd7e1d2a177": 66.43921630663863,
    "0x8a6800c753ed8ed19e0df473a97a7a94b2cecf54": 65.00161059753641,
    "0xfdf7f859807d1dc73873640759b2706822802529": 67.04865418843738,
    "0x3d88456277e32d62575267c3564b72387c3f21f7": 66.0713654639502,
    "0xb0903a62f5ca7a215aa67232ba691cb801decd5b": 31.703972073921264,
    "0x49e0cdd718d330e5a27856256236b4e56a76d3fb": 67.04857983930047,
    "0x1398fc0793d8b67744bfde4a4ff338c69bba753b": 66.43746819871768,
    "0x11efc2638184a0382bf1bb29c4047c6111f8f3c7": 67.04871686178645,
    "0x7cac2ab1cf9dc459ca88a85d72ac94de2691f1e5": 67.0444370403425,
    "0xabbcf7b0735e4eb152fd13fa02691cc046fac0bd": 66.43702488092221,
    "0x9e3a4ed4eea5c27a5e82a32e90482a4827a4ae80": 46.85932556704257,
    "0xacd3dc5c6f9cb967b5e1f719001e85039b0c976f": 41.42419621932548
  },
  "priceData": {
    "dailyAvgGasPrices": [
      { "timestamp": 1635724800, "avgGwei": "166.950788377" },
      { "timestamp": 1635811200, "avgGwei": "184.006933473" },
      { "timestamp": 1635897600, "avgGwei": "170.817312612" },
      { "timestamp": 1635984000, "avgGwei": "153.49522702" },
      { "timestamp": 1636070400, "avgGwei": "141.359554777" },
      { "timestamp": 1636156800, "avgGwei": "118.0592079" },
      { "timestamp": 1636243200, "avgGwei": "104.335277598" },
      { "timestamp": 1636329600, "avgGwei": "133.382892833" },
      { "timestamp": 1636416000, "avgGwei": "181.380119178" },
      { "timestamp": 1636502400, "avgGwei": "173.899759514" },
      { "timestamp": 1636588800, "avgGwei": "167.05997668" },
      { "timestamp": 1636675200, "avgGwei": "154.765662719" },
      { "timestamp": 1636761600, "avgGwei": "136.558244852" },
      { "timestamp": 1636848000, "avgGwei": "118.460320428" },
      { "timestamp": 1636934400, "avgGwei": "159.570192767" },
      { "timestamp": 1637020800, "avgGwei": "150.734124893" },
      { "timestamp": 1637107200, "avgGwei": "137.44187662" },
      { "timestamp": 1637193600, "avgGwei": "149.599507821" },
      { "timestamp": 1637280000, "avgGwei": "127.112478419" },
      { "timestamp": 1637366400, "avgGwei": "109.743832286" },
      { "timestamp": 1637452800, "avgGwei": "112.071573983" },
      { "timestamp": 1637539200, "avgGwei": "151.88278772" },
      { "timestamp": 1637625600, "avgGwei": "140.451271612" },
      { "timestamp": 1637712000, "avgGwei": "136.329342104" },
      { "timestamp": 1637798400, "avgGwei": "129.483681201" },
      { "timestamp": 1637884800, "avgGwei": "120.295788942" },
      { "timestamp": 1637971200, "avgGwei": "126.86453778" },
      { "timestamp": 1638057600, "avgGwei": "119.117976662" }
    ],
    "dailyAvgUmaEthPrices": [
      { "timestamp": 1635724800, "avgPx": "0.002609530934282860" },
      { "timestamp": 1635811200, "avgPx": "0.002645711281004769" },
      { "timestamp": 1635897600, "avgPx": "0.002825792015663671" },
      { "timestamp": 1635984000, "avgPx": "0.002703855175112260" },
      { "timestamp": 1636070400, "avgPx": "0.002622676461845289" },
      { "timestamp": 1636156800, "avgPx": "0.002587663680557831" },
      { "timestamp": 1636243200, "avgPx": "0.002713450575611030" },
      { "timestamp": 1636329600, "avgPx": "0.002784384297672522" },
      { "timestamp": 1636416000, "avgPx": "0.003449382381163907" },
      { "timestamp": 1636502400, "avgPx": "0.003442247065239931" },
      { "timestamp": 1636588800, "avgPx": "0.003260889276631659" },
      { "timestamp": 1636675200, "avgPx": "0.003067905775075925" },
      { "timestamp": 1636761600, "avgPx": "0.004016236046994293" },
      { "timestamp": 1636848000, "avgPx": "0.003596100691534903" },
      { "timestamp": 1636934400, "avgPx": "0.003461311792873936" },
      { "timestamp": 1637020800, "avgPx": "0.003568324741610476" },
      { "timestamp": 1637107200, "avgPx": "0.004484803375815401" },
      { "timestamp": 1637193600, "avgPx": "0.004504788682016795" },
      { "timestamp": 1637280000, "avgPx": "0.004364158217171427" },
      { "timestamp": 1637366400, "avgPx": "0.004158834174347765" },
      { "timestamp": 1637452800, "avgPx": "0.004009662957754729" },
      { "timestamp": 1637539200, "avgPx": "0.003818423012973488" },
      { "timestamp": 1637625600, "avgPx": "0.003807996130154275" },
      { "timestamp": 1637712000, "avgPx": "0.003613410533805177" },
      { "timestamp": 1637798400, "avgPx": "0.003407760268847917" },
      { "timestamp": 1637884800, "avgPx": "0.003176851998773930" },
      { "timestamp": 1637971200, "avgPx": "0.003229745016556340" },
      { "timestamp": 1638057600, "avgPx": "0.003191913302870662" }
    ]
  },
  "countVoters": 54,