{
  "votingContractAddress": "0x8B1631ab830d11531aE83725fDa4D86012eCCd77",
  "rebate": "12",
  "fromBlock": "12775311",
  "toBlock": 13031692,
  "shareHolderPayout": {
    "0x73faf4be6cb43489b8f6e8a4ed3ccd804eb18586": 3.075535256241023,
    "0xb17d5db0ec93331271ed2f3fffebe4e5b790d97e": 20.561485592627314,
    "0x9fd8bf23c7a12d35656d07fd0527dec7a4a08c9c": 2.511229539499465,
    "0xd2a78bb82389d30075144d17e782964918999f7f": 29.989436077485554,
    "0x02c0d734efda6a689375933d8eecc89ed94687a2": 32.357075181305476,
    "0xfc204fcfd2a579157898a212ea25ac98de2b1e1c": 23.857227445154173,
    "0xad3808f98f4c3b357057026108e25f453dbef67a": 22.93871579375736,
    "0x121d6f8b87d9d7a59a97f7c0d4a3bc00dd7ed9e4": 15.201041194203894,
    "0xac465ff0d29d973a8d2bae73dcf6404dd05ae2c9": 23.54307009925996,
    "0x2a0e2e3bcc873a6fbd6687b4e4eeb4f8b74af129": 26.43583276592826,
    "0x40dcba8e2508ddaa687fc26f9491b8cca563c845": 26.170857407440224,
    "0xee160154b02a2e404c6c13ff0b28ed76010cf07d": 30.851761002784222,
    "0xdb2808ed6cf0b8b9686222689cf4f6e88e42b80a": 30.160556717696874,
    "0xfdac618ddb79f77eb2ea5c52b7c50f8f728dafce": 29.89895433704549,
    "0x465b357bbac5f6f3bc78669db6980f9eaa21d0c2": 14.584371708179129,
    "0xccd9c5465fac5c0df86fd9b7d524a5949defcef6": 26.49386931330579,
    "0x83f9f90c3429dfda88fb2d99a8f5103a9ef083cc": 27.6371617018791,
    "0xd9f9f15e1dcda849a48ee048892c9b31287c7598": 26.356246857402862,
    "0x8b64673c9a482913a6e2c1298637532947cd96ee": 26.864544291835934,
    "0xef5411841547197d8bced89504e02eb8e12991a9": 25.919444121190573,
    "0xed20d85b09b0fbc1763e9830af5d33ca0f6ce8b7": 16.7592479909995,
    "0xfec2ade141272f5271febadfca5d21ca30fc04a5": 29.29716778872061,
    "0x7f1c6e55c5bec9a47a3a7f4c17d2d31d38ddc2aa": 4.112795575537796,
    "0xf2bafa3cb26cfd8ddbfa5957eda9a77dffdea84e": 25.66606274684975,
    "0xa3f76c31f57da65b0ce84c64c25e61bf38c86bed": 17.343781206447396,
    "0x4050ace2471b3d6999a4ac544ee09588921fa402": 11.6846197503064,
    "0xdf3910d26836318379903a47bd26d0e05cc9a0f5": 8.729278376568796,
    "0xa092db6d22a9710deb17c8fd748bba52fff1f15c": 16.313601943865518,
    "0xcdac38500f333a970bb663ebe76c4bea627ac3a2": 11.486742562663173,
    "0x4ddd9af5f091a11438f3c4f618f1257d6d660cb2": 4.0830323423103465,
    "0x0c88e2a51ad8e9b21271c7771f1dde229ce588f5": 21.632532529459795,
    "0x904389c66f33c4d9d90bf2eb152e8a93fc6e4b34": 13.302133771338005,
    "0x384d91e6b8d032ab9d844eb58b85df6543e616f0": 21.52164533400397,
    "0x9b6f4d48fd61313204f7c8fbe9dfec6384aa4ced": 7.730351904051815,
    "0xea7c2df8ab95bf0af91f8e4034b493733aca21df": 23.45342208480089,
    "0x61d62b3d530ab8174dbfade1675d856c5c5c9fcd": 21.38972684491761,
    "0xd2dd1da988be017b92ef478f70ea99493379634b": 14.77324119564042,
    "0x33db27c21e0f7a2f3351a4c6ddcedfb9f713410b": 11.203086375501435,
    "0xf95c72caa240c856c57b3c12d78ad33d68e62e22": 21.182860577457177,
    "0xf361f2d82d091800ccf7a7aa09e3cac1b6d87882": 21.42367330210466,
    "0x4f94b5b9bc3223499b9318171b66cc55e64d4c8b": 10.230221002228586,
    "0x8bd16de8938a2ad16794ac7e7502896f156e370c": 19.38391515522998,
    "0x9a97c80956bce4dd87c2df6a93900dbfcbf0d60a": 17.85584410690384,
    "0x6fec6cb90d4bc025d5249f299d640d66fcbfb6eb": 15.236580448235479,
    "0xe5ff2c80759db9408dc9fd22b155b851cd5aaa94": 2.7084153252087537,
    "0xc0c6e1c9fb2ea744c1b71fed9eaeacef6da8edc4": 7.12063376572814,
    "0x24d0db7e182fcd29ddea14c04bcb182c89cbb0c0": 7.285069228737563,
    "0x7b2483d0f917a4f7a04d1e13743c99ad9d249462": 10.657604034750989,
    "0xd746832325a05bae894fb22d83d75c1acf7727fc": 7.120200528836646,
    "0x8cc7355a5c07207ef6ee188f7b74757b6bab7dac": 2.6762613911628406,
    "0x24fc7a0751bbf53c239cc1d21d2951a5b21f733d": 14.713064412514008,
    "0x50469f66274040190b63661d1869fcaa21b9d419": 3.570246854487059,
    "0xad2be8e8866f0bd70deb9dde9fe5b7e171b68c19": 3.5699918805371125,
    "0xd7925984736824b4aecf8301c9aee211cd976494": 12.666583959826237,
    "0x2bb773f19ef148781b523954ad1e9adc88d7129b": 3.5270111424403754,
    "0xf7b10d603907658f690da534e9b7dbc4dab3e2d6": 12.481551212467012,
    "0xc45cdbd2e308228d409d625c8c3d94b70211becb": 3.6138513872751834,
    "0x66d56e8b63f9874a376b8d3cec656581d49dc9fe": 4.576347729355682,
    "0xad2b08f878c0be4c4162a72bbf7c0f547f93bd9f": 4.576384461407062,
    "0xed6bf5eeffdcff967184747648f1c3b578a2f430": 4.2919720665801595,
    "0x65544898b40e9ad57e15721ea3003b5e40547ce8": 4.196914217421583,
    "0x49e0cdd718d330e5a27856256236b4e56a76d3fb": 23.63668560948907,
    "0xabbcf7b0735e4eb152fd13fa02691cc046fac0bd": 22.918467400650925,
    "0x4b070c428ddbb49524abf2d4be4998c1e3b6f3a5": 16.123687698263566,
    "0xc3d26aa4954816330c5ffc9bb2d46acbceaff130": 21.63091632677346,
    "0xbca0fd352dce62fa1b7c7f9fa8f0c1de7fef09d9": 21.632389582806653,
    "0xfdf7f859807d1dc73873640759b2706822802529": 21.632685702956888,
    "0x8d4f93e9962f3392e4c9d10c08f2f1c757f95866": 12.258575010574727,
    "0x11efc2638184a0382bf1bb29c4047c6111f8f3c7": 17.564975248197243,
    "0x7cac2ab1cf9dc459ca88a85d72ac94de2691f1e5": 17.596427437921708,
    "0x112eae3093451187c8b945fb601c6df34bdc8105": 23.635332457453316,
    "0xdcf99ba641c98e37df8ea31188ad7e7fa5501b09": 21.52291731852648,
    "0x3b271e8f1409e8e90c484d3591143bd7e1d2a177": 21.52256131798751,
    "0x9e3a4ed4eea5c27a5e82a32e90482a4827a4ae80": 17.10883797776384,
    "0xb0903a62f5ca7a215aa67232ba691cb801decd5b": 13.042290844817165,
    "0x1398fc0793d8b67744bfde4a4ff338c69bba753b": 17.108293193428228
  },
  "priceData": {
    "dailyAvgGasPrices": [
      { "timestamp": 1625529600, "avgGwei": "54.871815247" },
      { "timestamp": 1625616000, "avgGwei": "40.369381391" },
      { "timestamp": 1625702400, "avgGwei": "37.478388049" },
      { "timestamp": 1625788800, "avgGwei": "30.266605013" },
      { "timestamp": 1625875200, "avgGwei": "18.988461455" },
      { "timestamp": 1625961600, "avgGwei": "15.796724325" },
      { "timestamp": 1626048000, "avgGwei": "30.407815045" },
      { "timestamp": 1626134400, "avgGwei": "32.450026038" },
      { "timestamp": 1626220800, "avgGwei": "45.974504881" },
      { "timestamp": 1626307200, "avgGwei": "45.196906108" },
      { "timestamp": 1626393600, "avgGwei": "42.029589044" },
      { "timestamp": 1626480000, "avgGwei": "29.976286417" },
      { "timestamp": 1626566400, "avgGwei": "30.497194578" },
      { "timestamp": 1626652800, "avgGwei": "30.440382" },
      { "timestamp": 1626739200, "avgGwei": "35.422941438" },
      { "timestamp": 1626825600, "avgGwei": "27.173423658" },
      { "timestamp": 1626912000, "avgGwei": "33.177581738" },
      { "timestamp": 1626998400, "avgGwei": "35.451146095" },
      { "timestamp": 1627084800, "avgGwei": "24.896279188" },
      { "timestamp": 1627171200, "avgGwei": "23.442307403" },
      { "timestamp": 1627257600, "avgGwei": "42.016473026" },
      { "timestamp": 1627344000, "avgGwei": "40.656771727" },
      { "timestamp": 1627430400, "avgGwei": "46.698873266" },
      { "timestamp": 1627516800, "avgGwei": "34.329937499" },
      { "timestamp": 1627603200, "avgGwei": "39.490647512" },
      { "timestamp": 1627689600, "avgGwei": "44.287844806" },
      { "timestamp": 1627776000, "avgGwei": "39.568132114" },
      { "timestamp": 1627862400, "avgGwei": "44.396980231" },
      { "timestamp": 1627948800, "avgGwei": "48.965615995" },
      { "timestamp": 1628035200, "avgGwei": "45.772397433" },
      { "timestamp": 1628121600, "avgGwei": "64.498157332" },
      { "timestamp": 1628208000, "avgGwei": "54.09541195" },
      { "timestamp": 1628294400, "avgGwei": "53.823017552" },
      { "timestamp": 1628380800, "avgGwei": "50.74058315" },
      { "timestamp": 1628467200, "avgGwei": "62.245603314" },
      { "timestamp": 1628553600, "avgGwei": "65.215176708" },
      { "timestamp": 1628640000, "avgGwei": "67.30278672" },
      { "timestamp": 1628726400, "avgGwei": "58.916336779" },
      { "timestamp": 1628812800, "avgGwei": "62.916929886" },
      { "timestamp": 1628899200,