{
    "votingContractAddress": "0x004395edb43EFca9885CEdad51EC9fAf93Bd34ac",
    "rebate": 34,
    "fromBlock": 17595510,
    "toBlock": 17809275,
    "countVoters": 94,
    "totalRebateAmount": 3.1054895454410927,
    "shareholderPayout": {
        "0xcfc50541c3dEaf725ce738EF87Ace2Ad778Ba0C5": 0.06297731197623599,
        "0xfD8355b24aB8815cA2d76d1E495DC29B4330241f": 0.03175831592400698,
        "0x85f545CEeB98c8FB47C9d4411450D018Cf1E3064": 0.019808821920511234,
        "0x336B9DE28D67D692C31DF93A9b8630B2Fa50d88f": 0.052447561684571535,
        "0x1C389f1f85Cdb3C2996b83fAc87E496A80698B7C": 0.00822571473819692,
        "0xBdDbc13abDC4d3b617c2e573C26cd5a7F24A0478": 0.03834969179162069,
        "0x7e367235eF80109531113d8284A5593Ba6A40c22": 0.03207235717394692,
        "0x82b6a4Ebc3904b7aABD4E85510045EFf0d43a6Bd": 0.08306548527932461,
        "0x4c9F7207be28278b9DCA129f2e211AcfFf48Fb01": 0.038862451245406944,
        "0xd9AaeEAa94FAD39bAf37B713E833105227bf1476": 0.024452110885882467,
        "0x126db3213b309A8D554594e591e614425cCaC78e": 0.026301858683702765,
        "0x4B8aef878255F6242606Fe5e73D659004F5A34fA": 0.021798334238894334,
        "0x64f7354Fb18B7CeE35746078E1521B93feE6E061": 0.032850870042928755,
        "0x4ddd9aF5f091A11438f3C4F618F1257D6D660Cb2": 0.027325020673756726,
        "0xA3f76c31f57dA65B0ce84c64c25E61BF38c86BEd": 0.0377840312694664,
        "0x99BcEa6bB0403927fB3c038163478D5b42082Fd9": 0.025517514629073673,
        "0xf445567E961c533e26430005c142DEe831A6376e": 0.022270427909573207,
        "0xc3d26aa4954816330C5ffc9bb2d46acbCEaff130": 0.033391882358084435,
        "0xD2A78Bb82389D30075144d17E782964918999F7f": 0.03091450087842916,
        "0x110f0b1FAa1cB6EEd49883f960808C95F609f6fd": 0.03128452814057903,
        "0x62763A0D45Eb16EFe2B9f2f30743BE0e6ec3A207": 0.041717403793058605,
        "0xbd5eb58790C4C8FE959f8Ea9d736DB3619A59300": 0.003078902133845188,
        "0xe6b5A31d8bb53D2C769864aC137fe25F4989f1fd": 0.03387349050327324,
        "0x4f49D938c3Ad2437c52eb314F9bD7Bdb7FA58Da9": 0.03594254847091349,
        "0x69D0341d380a1229f4751a0A721345dBc716586C": 0.07200960584510768,
        "0x342061D54cff1F4886aA3cfcfd2A9BaDc324bdf1": 0.03674787448021533,
        "0x07B83aD78CACb5a730D719902CF9Ef59fB38DA98": 0.03148544292018191,
        "0xaF67e158C24499d0078c6173eD952EF3DB57a1Ba": 0.001306942071252156,
        "0xDF67cbA8261c6D8C15c735009F61e2CC9F852DE3": 0.026617502421956044,
        "0x96c00fDDa3f3129A55C0Bc9b48Ef504C3D5594e4": 0.03202470650844543,
        "0x8B64673c9a482913a6e2c1298637532947cD96eE": 0.01609369146222604,
        "0xF38f484B3e09184D8370f045164B746b35EEF9BB": 0.029562651994382374,
        "0xC03808e0Af01563A739e408268d5517Dd7d710f3": 0.02829012100329119,
        "0x51FcFc7D4A032478B8919e30cE52B39FbE823Fe8": 0.03599013580898667,
        "0x30b2DAEb3757B6C7462cd0D776828F8d7398BE50": 0.02143705876947202,
        "0x6573e30Ee0ad46BC9aFA0C2aDb0D3f147D658EFE": 0.033422534071015204,
        "0x3B271e8F1409E8e90c484d3591143bd7e1d2A177": 0.05989567415693389,
        "0xDCf99bA641c98E37dF8ea31188aD7E7Fa5501B09": 0.060144598567470904,
        "0x021F0b20dA3b0471c175fBC85eD5C09055FeC061": 0.036233548833841424,
        "0x3d88456277E32d62575267C3564b72387c3F21f7": 0.03532790562875841,
        "0x11eFc2638184a0382BF1bb29C4047c6111F8f3C7": 0.05669254918253172,
        "0x7cac2ab1CF9dc459ca88A85D72Ac94DE2691f1E5": 0.0570626770845572,
        "0xFc204FCfd2A579157898A212ea25Ac98de2b1E1C": 0.042433294514871524,
        "0x6aEdb6460ABAE82F5ED77aF1d5e9Fe6F701d8c4A": 0.026910268781361553,
        "0xD431B7c1433FbA9a5aa5330E5211F4773B95E9d9": 0.03375308164484708,
        "0xE708e10a80c8FcFF34e7d6715446D7820318b0D5": 0.03588612921169875,
        "0x7b2483D0f917a4F7A04d1E13743C99ad9d249462": 0.03960218995622368,
        "0x49e0cdd718d330E5A27856256236b4e56a76D3fB": 0.05790152047209205,
        "0x7c8eba6dF6115D4C9A84E83F77B7E6Bb9d266c2A": 0.0485738265013839,
        "0x820D47DBe4AC6eACE38656cb87077888330d918d": 0.05642302241322447,
        "0x42d5a071a91056aD50E344794b3Ff8653088b27f": 0.0542673902524257,
        "0x9b8f31D4A132cFd3425EEf49076e56e60Dc1Ed2F": 0.05008641792359293,
        "0x760680a3000397929aed8c1f0f56B8b1AA6F7777": 0.04104344722288328,
        "0x8A752066907ECc34Bb2a37f08C69701110aB04f1": 0.05705679698068602,
        "0x2cf6988D57d0df95d3FF37CDfBFe0520F15c860F": 0.06324237192927788,
        "0x5bdAfB8d0270F2833433CCd77493dC40BA94C0f6": 0.03632798748922546,
        "0x45F2aBcE86a938Bb4d4633048dfA15bED7A5E310": 0.03395613826013608,
        "0x644a7FF3CDFF23C3F10F25807A40Fa48AFF34885": 0.029961859041359337,
        "0xD9F9F15e1DCdA849a48EE048892C9B31287C7598": 0.05471692234292305,
        "0xB72d332C48066f849cB521a64a4089ae5242164F": 0.027882786542441567,
        "0x66b5409f52d23ef87bDBfaa7312F8D790755fE13": 0.039079765654620915,
        "0xb5eeDdFF4641Fea71C0b9A344AEd1a49E38e55d5": 0.03759005138890708,
        "0x08A8F08bd1e7eAF0d1eC7E81b60E194ea783B996": 0.031596001624736206,
        "0xbbf01C2c007F2fE5D2e26dBc6Ad0b45C61D6D765": 0.032432340247811296,
        "0xF9D0De258931D88E370245Ebf8b40119EC91912b": 0.04665981906485887,
        "0xA7b9D5Fc54eb3FfE1985a10e28d045a9b89487D0": 0.027526652403315456,
        "0x0a01f4A6711012157C1B33aD9c01aF7F526962f5": 0.04191307963403831,
        "0x2993dB31D165c33D848e44A1C26a805bA411d324": 0.031329541279800824,
        "0x55Ac8583f0B819f41B651C97861b23b1FB453bF3": 0.003926948848792622,
        "0xfEc2Ade141272f5271FEbaDFca5d21Ca30fc04a5": 0.04742069421327837,
        "0xAC465fF0D29d973A8D2Bae73DCF6404dD05Ae2c9": 0.02569012179078088,
        "0x2A0e2e3bcC873a6fBD6687b4E4EEb4F8B74AF129": 0.06332317029600514,
        "0xCf7cdBBbf4be10b5f716b297B53d369626a8AA57": 0.013340544458660147,
        "0xa31c2232842e631cCb2d2E4110B356Bab21E6020": 0.024595868378881065,
        "0x9B6f4d48fD61313204F7C8fBe9dFeC6384aA4cEd": 0.03668382271933274,
        "0x996d5138843993Cebc554c20d82310a43802aFF1": 0.039869040999679244,
        "0x8A70eDa7032827Cde72e75eE49E99dbDAdC12E0E": 0.009451353184721064,
        "0x8bd7B5E860998607715Da42944cc9DE3486A3Ae2": 0.024066267313117774,
        "0xb1f0cB6F7dD9C18a9f1FEf636e80b5c3B3CcB38c": 0.005331867340949226,
        "0x48c7e0db3DAd3FE4Eb0513b86fe5C38ebB4E0F91": 0.028610130631835807,
        "0xE7dCE0B9276256Cd192AA9297595Eb4e22c11490": 0.046318081261633635,
        "0x07148984389eddf3A188943807310EA9E22Cef50": 0.02238510935698987,
        "0x7ceb2a5C3395A5cfE09B66E7cEd496061301c316": 0.018105244205776284,
        "0xA4e3555ab4Bb3edD2F50b82279d30D6b49261FCc": 0.029860908100649633,
        "0x9a25BE88282610D029D0b40Fa36E0295F4918d90": 0.012605184032971442,
        "0x2367432dc27E2e96b7AB8a0b0e4fCb28Dd5a1C1F": 0.01334582608306227,
        "0x8A6800c753ed8ed19e0DF473A97a7a94b2cEcF54": 0.029841289305491462,
        "0x245018db6890b79E500dF2803D0d7131299CEB5B": 0.006967060359604063,
        "0x4d7ef23add041e515077233023a6B9A9995e32BE": 0.01399367251535085,
        "0x9BC114CbDf47021f15416e720bC71b5341120E87": 0.01167441260486689,
        "0x97c44088Bb74583A03E0d21E9e56cdae60a306B0": 0.011037870876708227,
        "0x3D65eD138686e2AD54006d4Db83aD4597D645370": 0.00490926398314598,
        "0x1fdef3D3c7984a945008C253caA6cf380fDdb16f": 0.01501253648617764,
        "0xeE160154b02A2e404c6c13ff0B28Ed76010cf07d": 0.002554196157978224
    }
}