{
  "votingContractAddress": "0x8B1631ab830d11531aE83725fDa4D86012eCCd77",
  "rebate": "26",
  "fromBlock": "15677120",
  "toBlock": 16143460,
  "shareHolderPayout": {
    "0x5963d72760d2703c35b4b3cc7eda0b425d10788d": 30.835147366971977,
    "0x7e367235ef80109531113d8284a5593ba6a40c22": 14.669787026869855,
    "0x7da740d237575470b19284ec013fb5ea1f680f00": 16.299223948022025,
    "0xe6b5a31d8bb53d2c769864ac137fe25f4989f1fd": 21.107653389050835,
    "0x07148984389eddf3a188943807310ea9e22cef50": 31.187652218516167,
    "0xfc204fcfd2a579157898a212ea25ac98de2b1e1c": 30.734849182696404,
    "0xd2a78bb82389d30075144d17e782964918999f7f": 25.334373464049282,
    "0x7cc541816b921bc5a172b6b10fa396664a6d2164": 31.233728125866747,
    "0x239b74c2e5505634b7c38c8eeb1de385a16e24e2": 22.94459007391346,
    "0xee160154b02a2e404c6c13ff0b28ed76010cf07d": 31.543405288314602,
    "0xe63757e3cd485c9b35b3a972fffa2d91b8649483": 28.927327318586393,
    "0xfec2ade141272f5271febadfca5d21ca30fc04a5": 31.48220845026302,
    "0xa4e3555ab4bb3edd2f50b82279d30d6b49261fcc": 18.496984036274984,
    "0xdb19c47e87ed3ff37425a99b9dee1f4920f755b9": 31.616077937163286,
    "0xdf67cba8261c6d8c15c735009f61e2cc9f852de3": 28.71727721851617,
    "0x8b64673c9a482913a6e2c1298637532947cd96ee": 29.671623464049283,
    "0xd9f9f15e1dcda849a48ee048892c9b31287c7598": 29.279299999999996,
    "0x47e87a4429636a7bbebaff101c9697e3941ce117": 25.93729722744992,
    "0x7b2483d0f917a4f7a04d1e13743c99ad9d249462": 26.371927218516166,
    "0x80cd5224a98ee004229bb1e6a59c829501f94b72": 28.974893472983045,
    "0xf9d0de258931d88e370245ebf8b40119ec91912b": 26.7480026079145,
    "0x110f0b1faa1cb6eed49883f960808c95f609f6fd": 62.73628097298305,
    "0x2b6561e955965db87f48963e1573f819c31cdaf0": 31.2564276079145,
    "0x30b2daeb3757b6c7462cd0d776828f8d7398be50": 26.549084727449923,
    "0xb5eeddff4641fea71c0b9a344aed1a49e38e55d5": 26.609464718516165,
    "0xa3f76c31f57da65b0ce84c64c25e61bf38c86bed": 27.092217063160984,
    "0xe47df6ddf4022ec7d37e31325e0fe982eff3ef41": 22.852568472983045,
    "0xdb2808ed6cf0b8b9686222689cf4f6e88e42b80a": 24.016862500000002,
    "0x31a4c53be2356b09220d348508b97ed9b26a6c30": 17.7399375,
    "0xe6fcb51c7ee5d15a5c8fc2b23d167db6a963c799": 22.678176700563924,
    "0x6352f003ca2ee26e2e6fa2077acaaaa29184cd3d": 20.747376700563922,
    "0xac465ff0d29d973a8d2bae73dcf6404dd05ae2c9": 14.389228063291938,
    "0x57ef012861c4937a76b5d6061be800199a2b9100": 20.205962590046983,
    "0x2367432dc27e2e96b7ab8a0b0e4fcb28dd5a1c1f": 22.460096536274982,
    "0x69d0341d380a1229f4751a0a721345dbc716586c": 23.757593472983046,
    "0xf445567e961c533e26430005c142dee831a6376e": 45.010886353447624,
    "0x48c7e0db3dad3fe4eb0513b86fe5c38ebb4e0f91": 23.844118472983045,
    "0xd9aaeeaa94fad39baf37b713e833105227bf1476": 17.815355972983046,
    "0x7ca5e8e735d1714104a534c9f39e2a29ab116139": 9.2538375,
    "0xeed339990e56ac554215ae9e1aa8d81a6e40b84b": 23.642298664744164,
    "0x2f840532892f91811f99cdaec703f322a779cc66": 10.9036125,
    "0x30daba789bf9390a75d6b4f0efd21eff03f16c19": 11.759089228036101,
    "0x384d91e6b8d032ab9d844eb58b85df6543e616f0": 15.518722828975104,
    "0xd1f8f4e8c4ae63964efb761a97503c128b7fa732": 13.576859036274985,
    "0xea7c2df8ab95bf0af91f8e4034b493733aca21df": 19.259512269235383,
    "0xcfc50541c3deaf725ce738ef87ace2ad778ba0c5": 13.240018472983042,
    "0x0c536f970e31b803ecde2850b809afc564013ef4": 3.325670330202437,
    "0xb018ac399491b9320a456ad0e696d2032b6badd3": 3.4372975367221446,
    "0x9a97c80956bce4dd87c2df6a93900dbfcbf0d60a": 15.451207278169141,
    "0xc75adbf2a5a6a51302c1c7cc789366ed16e1e0f3": 18.161499784184098,
    "0x01371b3ff34e1bbcf599aede17e3f211f6974953": 4.760469191630164,
    "0x30ba060f0b4ead43e24593bf71e907f397baf532": 18.637176557308585,
    "0x6ab880afd1e0c7786cc5d05f4fd9b17761768da8": 7.6548875,
    "0x0bfd7ae78ed2b89f7e7d85938e9317b5d494047b": 9.753275,
    "0x9b6f4d48fd61313204f7c8fbe9dfec6384aa4ced": 3.3996875,
    "0x2e47e3f888d561c28ffa2a7fe3a2b2794778de0a": 9.533025,
    "0xde375b95b526fddaf3b79b1401d527b6ce8660af": 8.273774999999999,
    "0x2b0db2b0e8bf7b60cdb497f39bf99760202a4f78": 2.1259375,
    "0xa31c2232842e631ccb2d2e4110b356bab21e6020": 3.4318375,
    "0xb17d5db0ec93331271ed2f3fffebe4e5b790d97e": 6.4245125000000005,
    "0x336b9de28d67d692c31df93a9b8630b2fa50d88f": 17.25554559086952,
    "0x4cbacd6821b53ea9a41e8383303b8a78e3a9edfa": 13.639823532636022,
    "0xabbcf7b0735e4eb152fd13fa02691cc046fac0bd": 19.02000352370226,
    "0xc3d26aa4954816330c5ffc9bb2d46acbceaff130": 15.292687269235383,
    "0x469f91dc3253165f52bb56eaa4aee838c1c7822d": 15.662620485669066,
    "0xb0903a62f5ca7a215aa67232ba691cb801decd5b": 19.419213695382428,
    "0xacd3dc5c6f9cb967b5e1f719001e85039b0c976f": 19.021141023702263,
    "0x1fdef3d3c7984a945008c253caa6cf380fddb16f": 11.009614787102901,
    "0x11efc2638184a0382bf1bb29c4047c6111f8f3c7": 19.20872476923538,
    "0x7cac2ab1cf9dc459ca88a85d72ac94de2691f1e5": 19.208274769235384,
    "0x1be514893bfd6f13f508a71a37b0246ed7b4bb8a": 18.83353227816914,
    "0x9e3a4ed4eea5c27a5e82a32e90482a4827a4ae80": 19.019703523702262,
    "0x2cf6988d57d0df95d3ff37cdfbfe0520f15c860f": 18.832932278169142,
    "0x969397c71eb51f7fdcf6527db4d97871b05d6f63": 19.050391338426962,
    "0x87d1465044ddb9bf2e5fb189067cb340a7b0074a": 18.86347009289384,
    "0x49e0cdd718d330e5a27856256236b4e56a76d3fb": 19.208100487882504,
    "0x3b271e8f1409e8e90c484d3591143bd7e1d2a177": 15.761725487882503,
    "0xdcf99ba641c98e37df8ea31188ad7e7fa5501b09": 19.207374769235383,
    "0x3d88456277e32d62575267c3564b72387c3f21f7": 19.207674769235382,
    "0x96c00fdda3f3129a55c0bc9b48ef504c3d5594e4": 15.274323532636021,
    "0x66b5409f52d23ef87bdbfaa7312f8d790755fe13": 19.02057924234938,
    "0x82b6a4ebc3904b7aabd4e85510045eff0d43a6bd": 15.510699758088187,
    "0xbca0fd352dce62fa1b7c7f9fa8f0c1de7fef09d9": 11.315999999999999,
    "0x8a6800c753ed8ed19e0df473a97a7a94b2cecf54": 18.418937500000002,
    "0x4b070c428ddbb49524abf2d4be4998c1e3b6f3a5": 13.9850125,
    "0x3d65ed138686e2ad54006d4db83ad4597d645370": 9.446075,
    "0x0a01f4a6711012157c1b33ad9c01af7f526962f5": 9.653175000000001
  },
  "priceData": {
    "dailyAvgGasPrices": [
      { "timestamp": "1664914907", "avgGwei": "20" },
      { "timestamp": "1665001307", "avgGwei": "20" },
      { "timestamp": "1665087707", "avgGwei": "20" },
      { "timestamp": "1665174107", "avgGwei": "20" },
      { "timestamp": "1665260507", "avgGwei": "20" },
      { "timestamp": "1665346907", "avgGwei": "20" },
      { "timestamp": "1665433307", "avgGwei": "20" },
      { "timestamp": "1665519707", "avgGwei": "20" },
      { "timestamp": "1665606107", "avgGwei": "20" },
      { "timestamp": "1665692507", "avgGwei": "20" },
      { "timestamp": "1665778907", "avgGwei": "20" },
      { "timestamp": "1665865307", "avgGwei": "20" },
      { "timestamp": "1665951707", "avgGwei": "20" },
      { "timestamp": "1666038107", "avgGwei": "20" },
      { "timestamp": "1666124507", "avgGwei": "20" },
      { "timestamp": "1666210907", "avgGwei": "20" },
      { "timestamp": "1666297307", "avgGwei": "20" },
      { "timestamp": "1666383707", "avgGwei": "20" },
      { "timestamp": "1666470107", "avgGwei": "20" },
      { "timestamp": "1666556507", "avgGwei": "20" },
      { "timestamp": "1666642907", "avgGwei": "20" },
      { "timestamp": "1666729307", "avgGwei": "20" },
      { "timestamp": "1666815707", "avgGwei": "20" },
      { "timestamp": "1666902107", "avgGwei": "20" },
      { "timestamp": "1666988507", "avgGwei": "20" },
      { "timestamp": "1667074907", "avgGwei": "20" },
      { "timestamp": "1667161307", "avgGwei": "20" },
      { "timestamp": "1667247707", "avgGwei": "20" },
      { "timestamp": "1667334107", "avgGwei": "20" },
      { "timestamp": "1667420507", "avgGwei": "20" },
      { "timestamp": "1667506907", "avgGwei": "20" },
      { "timestamp": "1667593307", "avgGwei": "20" },
      { "timestamp": "1667679707",