{
  "votingContractAddress": "0x8B1631ab830d11531aE83725fDa4D86012eCCd77",
  "rebate": "14",
  "fromBlock": "13258452",
  "toBlock": "13531201",
  "shareHolderPayout": {
    "0x522ad4cf5efe083c28454d827c478548fd622f9d": 49.14503914328186,
    "0xf7b10d603907658f690da534e9b7dbc4dab3e2d6": 15.562353594048728,
    "0xd2a78bb82389d30075144d17e782964918999f7f": 90.3933258376768,
    "0xfec2ade141272f5271febadfca5d21ca30fc04a5": 60.679278959433496,
    "0xfc204fcfd2a579157898a212ea25ac98de2b1e1c": 96.02104092901838,
    "0xad3808f98f4c3b357057026108e25f453dbef67a": 93.61711522110615,
    "0xac465ff0d29d973a8d2bae73dcf6404dd05ae2c9": 23.88883885239334,
    "0x73faf4be6cb43489b8f6e8a4ed3ccd804eb18586": 9.773463456246041,
    "0x8b64673c9a482913a6e2c1298637532947cd96ee": 85.6627244602196,
    "0xdb2808ed6cf0b8b9686222689cf4f6e88e42b80a": 81.28170553027591,
    "0xfdac618ddb79f77eb2ea5c52b7c50f8f728dafce": 79.51126207928944,
    "0xd9f9f15e1dcda849a48ee048892c9b31287c7598": 68.85509969841614,
    "0x83f9f90c3429dfda88fb2d99a8f5103a9ef083cc": 41.80674828943731,
    "0xee160154b02a2e404c6c13ff0b28ed76010cf07d": 81.70177023915562,
    "0x02c0d734efda6a689375933d8eecc89ed94687a2": 44.66723545828221,
    "0x2a0e2e3bcc873a6fbd6687b4e4eeb4f8b74af129": 71.50165137857712,
    "0xd2dd1da988be017b92ef478f70ea99493379634b": 28.60665857979306,
    "0xef5411841547197d8bced89504e02eb8e12991a9": 65.64903101510939,
    "0xd7925984736824b4aecf8301c9aee211cd976494": 46.54838012045483,
    "0xf71866a90c24209e13bb9f65307cea120a939d79": 47.773982231620536,
    "0x24fc7a0751bbf53c239cc1d21d2951a5b21f733d": 31.076463994912345,
    "0xea7c2df8ab95bf0af91f8e4034b493733aca21df": 55.47492734807074,
    "0xed6bf5eeffdcff967184747648f1c3b578a2f430": 6.926417961592203,
    "0x33db27c21e0f7a2f3351a4c6ddcedfb9f713410b": 6.866887134678174,
    "0xa092db6d22a9710deb17c8fd748bba52fff1f15c": 13.23278175398961,
    "0x61d62b3d530ab8174dbfade1675d856c5c5c9fcd": 40.61783229729589,
    "0x904389c66f33c4d9d90bf2eb152e8a93fc6e4b34": 15.10770439399997,
    "0xb17d5db0ec93331271ed2f3fffebe4e5b790d97e": 6.926989132013254,
    "0x384d91e6b8d032ab9d844eb58b85df6543e616f0": 55.24498263276091,
    "0x57ef2b98306d2c98f2fcebbdd05090c75982af72": 12.822206378167788,
    "0x40dcba8e2508ddaa687fc26f9491b8cca563c845": 13.233005082574872,
    "0x121d6f8b87d9d7a59a97f7c0d4a3bc00dd7ed9e4": 6.868124043678338,
    "0x6fec6cb90d4bc025d5249f299d640d66fcbfb6eb": 12.901336011696056,
    "0xf2bafa3cb26cfd8ddbfa5957eda9a77dffdea84e": 6.9859487885062315,
    "0x7b2483d0f917a4f7a04d1e13743c99ad9d249462": 19.40381686764687,
    "0x9a97c80956bce4dd87c2df6a93900dbfcbf0d60a": 46.737003644972305,
    "0x381b4b6f8a2375a8f1f6d9f55ee3a876c974ea1a": 12.395164082519443,
    "0x8bd16de8938a2ad16794ac7e7502896f156e370c": 11.835027824612425,
    "0x31a4c53be2356b09220d348508b97ed9b26a6c30": 6.071239460001886,
    "0x65544898b40e9ad57e15721ea3003b5e40547ce8": 16.100255672640618,
    "0xdb19c47e87ed3ff37425a99b9dee1f4920f755b9": 29.48074900932904,
    "0x5963d72760d2703c35b4b3cc7eda0b425d10788d": 9.404124702235722,
    "0x3927fc4167024f940a52ffa2e1062879a48a4346": 9.225762674699427,
    "0x69d0341d380a1229f4751a0a721345dbc716586c": 12.166892947272313,
    "0xa3f76c31f57da65b0ce84c64c25e61bf38c86bed": 12.373731439180482,
    "0xd9aaeeaa94fad39baf37b713e833105227bf1476": 29.191466105501668,
    "0xc0f5cdc8251d772e35aa15b6374a6facf434bd98": 12.16795996101354,
    "0xdae6878c6756d804a8e7b056f9eac38ad1fbded9": 22.540779683319094,
    "0xb5eeddff4641fea71c0b9a344aed1a49e38e55d5": 17.023101336395932,
    "0xe63757e3cd485c9b35b3a972fffa2d91b8649483": 17.211909120397596,
    "0x3def2f01ce10de5b744e09419f6784c277b1ab04": 17.022323959496134,
    "0x535794687b918427cb83b3757cb8a7f9e062c03e": 19.427868633084806,
    "0x112eae3093451187c8b945fb601c6df34bdc8105": 58.40242933258711,
    "0xb0903a62f5ca7a215aa67232ba691cb801decd5b": 55.23415004247366,
    "0x1fdef3d3c7984a945008c253caa6cf380fddb16f": 24.089005897613404,
    "0x49e0cdd718d330e5a27856256236b4e56a76d3fb": 35.385383948544884,
    "0xfdf7f859807d1dc73873640759b2706822802529": 55.37218818614863,
    "0x11efc2638184a0382bf1bb29c4047c6111f8f3c7": 55.18170007478716,
    "0x7cac2ab1cf9dc459ca88a85d72ac94de2691f1e5": 55.18338179792626,
    "0xc3d26aa4954816330c5ffc9bb2d46acbceaff130": 55.68847544833147,
    "0xdcf99ba641c98e37df8ea31188ad7e7fa5501b09": 55.1826480867079,
    "0x3b271e8f1409e8e90c484d3591143bd7e1d2a177": 55.241946323233485,
    "0x3d88456277e32d62575267c3564b72387c3f21f7": 54.6702325218896,
    "0xacd3dc5c6f9cb967b5e1f719001e85039b0c976f": 35.06706526691664,
    "0xabbcf7b0735e4eb152fd13fa02691cc046fac0bd": 35.384673013775256,
    "0x8a6800c753ed8ed19e0df473a97a7a94b2cecf54": 53.655183097273266,
    "0xbca0fd352dce62fa1b7c7f9fa8f0c1de7fef09d9": 54.049423603137484,
    "0x9e3a4ed4eea5c27a5e82a32e90482a4827a4ae80": 55.18116527703276,
    "0x66b5409f52d23ef87bdbfaa7312f8d790755fe13": 47.597292904152084,
    "0x1398fc0793d8b67744bfde4a4ff338c69bba753b": 34.005184873127156,
    "0x4b070c428ddbb49524abf2d4be4998c1e3b6f3a5": 46.623759105823275,
    "0x8d4f93e9962f3392e4c9d10c08f2f1c757f95866": 13.516004774678452
  },
  "priceData": {
    "dailyAvgGasPrices": [
      { "timestamp": 1632009600, "avgGwei": "65.198396168" },
      { "timestamp": 1632096000, "avgGwei": "93.627396666" },
      { "timestamp": 1632182400, "avgGwei": "106.504123903" },
      { "timestamp": 1632268800, "avgGwei": "73.923487712" },
      { "timestamp": 1632355200, "avgGwei": "91.230950648" },
      { "timestamp": 1632441600, "avgGwei": "78.526866487" },
      { "timestamp": 1632528000, "avgGwei": "50.96218765" },
      { "timestamp": 1632614400, "avgGwei": "71.250486571" },
      { "timestamp": 1632700800, "avgGwei": "138.455152357" },
      { "timestamp": 1632787200, "avgGwei": "95.008647483" },
      { "timestamp": 1632873600, "avgGwei": "83.68830123" },
      { "timestamp": 1632960000, "avgGwei": "107.078373237" },
      { "timestamp": 1633046400, "avgGwei": "93.359939426" },
      { "timestamp": 1633132800, "avgGwei": "68.628077449" },
      { "timestamp": 1633219200, "avgGwei": "65.821653497" },
      { "timestamp": 1633305600, "avgGwei": "105.762393776" },
      { "timestamp": 1633392000, "avgGwei": "130.495357534" },
      { "timestamp": 1633478400, "avgGwei": "150.03455246" },
      { "timestamp": 1633564800, "avgGwei": "151.975664165" },
      { "timestamp": 1633651200, "avgGwei": "126.365894925" },
      { "timestamp": 1633737600, "avgGwei": "84.647984176" },
      { "timestamp": 1633824000, "avgGwei": "86.179335901" },
      { "timestamp": 1633910400, "avgGwei": "114.272474792" },
      { "timestamp": 1633996800, "avgGwei": "97.930380585" },
      { "timestamp": 1634083200, "avgGwei": "108.522185833" },
      { "timestamp": 1634169600, "avgGwei": "138.988036863" },
      { "timestamp": 1634256000, "avgGwei": "152.666220738" },
      { "timestamp": 1634342400, "avgGwei": "90.967356392" },
      { "timestamp": 1634428800, "avgGwei": "80.516798136" },
      { "timestamp": 1634515200, "avgGwei": "113.413635116" },
      { "timestamp": 1634601600, "avgGwei": "79.599322886" },
      { "timestamp": 1634688000, "avgGwei": "87.248508777" },
      { "timestamp": 1634774400, "avgGwei": "100.283479294" },
      { "timestamp": 1634860800, "avgGwei": "91.861894977" },
      { "timestamp": 1634947200, "avgGwei": "71.610688632" },
      { "timestamp": 1635033600, "avgGwei": "80.106768615" },
      { "timestamp": 1635120000, "avgGwei": "104.406968417" },
      { "timestamp": 1635206400, "avgGwei": "131.867465257" },
      { "timestamp": 1635292800, "avgGwei": "177.194359917" },
      { "timestamp": 1635379200, "avgGwei": "198.025656236" },
      { "timestamp": 1635465600, "avgGwei": "183.858697954" },
      { "timestamp": 1635552000, "avgGwei": "171.24905672" },
      { "timestamp": 1635638400, "avgGwei": "157.063157" }
    ],
    "dailyAvgUmaEthPrices": [
      { "timestamp": 1632009600,