{
    "votingContractAddress": "0x004395edb43EFca9885CEdad51EC9fAf93Bd34ac",
    "rebate": 39,
    "fromBlock": 18687851,
    "toBlock": 18901757,
    "countVoters": 103,
    "totalRebateAmount": 13.673842427780908,
    "shareholderPayout": {
        "0x61C196c7415643b7651a1c63F83263Fa976F5bB1": 0.16715662501986814,
        "0x4c9F7207be28278b9DCA129f2e211AcfFf48Fb01": 0.07162180028652487,
        "0x9BC114CbDf47021f15416e720bC71b5341120E87": 0.1882767115693302,
        "0x2b433E0D9E38Df82Ec700679B98643ba5Ff4a9FA": 0.2068398183830644,
        "0xaF4C815CF13Bc8671a2a12BdE62aABEC24651ccC": 0.1802517005020441,
        "0xc3d26aa4954816330C5ffc9bb2d46acbCEaff130": 0.16058893944924485,
        "0xeE160154b02A2e404c6c13ff0B28Ed76010cf07d": 0.09098090680816533,
        "0xD2A78Bb82389D30075144d17E782964918999F7f": 0.15404367776273667,
        "0xbbf01C2c007F2fE5D2e26dBc6Ad0b45C61D6D765": 0.09793626270731412,
        "0x4ddd9aF5f091A11438f3C4F618F1257D6D660Cb2": 0.1473557278365781,
        "0x08A8F08bd1e7eAF0d1eC7E81b60E194ea783B996": 0.14433337523765566,
        "0xFa93E76Bb7de1071D6f9C0f77Af883c2a944B2d1": 0.16119988756481946,
        "0x126db3213b309A8D554594e591e614425cCaC78e": 0.15195851753462827,
        "0x357A54465ed928C48C2A8bb0179DC67Ace5250f8": 0.16451594985093448,
        "0x0a01f4A6711012157C1B33aD9c01aF7F526962f5": 0.13058400115518493,
        "0xdF3aD3aD48fa33A4E9DC90Cc2e2b2b3480Df4807": 0.16273862124667976,
        "0x6aEdb6460ABAE82F5ED77aF1d5e9Fe6F701d8c4A": 0.19456967751110135,
        "0x66b5409f52d23ef87bDBfaa7312F8D790755fE13": 0.19673493586091884,
        "0xb5eeDdFF4641Fea71C0b9A344AEd1a49E38e55d5": 0.19524201598904686,
        "0xe8b0a13e65Cc30E142EB125bFA3Fb4DE3a190ad8": 0.19475941085978216,
        "0xDd4B9851525bc838a5aAf3e4464B0456b4a22C31": 0.12514693849932976,
        "0xfD8355b24aB8815cA2d76d1E495DC29B4330241f": 0.17048182565193534,
        "0x996d5138843993Cebc554c20d82310a43802aFF1": 0.15366539826377784,
        "0xA7b9D5Fc54eb3FfE1985a10e28d045a9b89487D0": 0.13326194643855915,
        "0x4d7ef23add041e515077233023a6B9A9995e32BE": 0.05828729205531893,
        "0x336B9DE28D67D692C31DF93A9b8630B2Fa50d88f": 0.20142839957761452,
        "0x9B6f4d48fD61313204F7C8fBe9dFeC6384aA4cEd": 0.11020192556052086,
        "0xc675Db75C736e3eB89541C27CA26DEAf274cfCDC": 0.08325438321310587,
        "0x8bd7B5E860998607715Da42944cc9DE3486A3Ae2": 0.15873921992524298,
        "0x69D0341d380a1229f4751a0A721345dBc716586C": 0.2221626474706191,
        "0xa2E5Dbd496e25A194a11FC3e4Ad5AdA199e827F4": 0.16138552880762383,
        "0xe6b5A31d8bb53D2C769864aC137fe25F4989f1fd": 0.14401293690645023,
        "0x2B6561E955965DB87f48963E1573F819c31CDAf0": 0.14923564411002857,
        "0x07B83aD78CACb5a730D719902CF9Ef59fB38DA98": 0.15806851984832523,
        "0xD431B7c1433FbA9a5aa5330E5211F4773B95E9d9": 0.1613625313352834,
        "0xE708e10a80c8FcFF34e7d6715446D7820318b0D5": 0.16925307685695418,
        "0x62763A0D45Eb16EFe2B9f2f30743BE0e6ec3A207": 0.1662539905050957,
        "0x45F2aBcE86a938Bb4d4633048dfA15bED7A5E310": 0.041261262119694865,
        "0x99BcEa6bB0403927fB3c038163478D5b42082Fd9": 0.19187916907176306,
        "0xcfc50541c3dEaf725ce738EF87Ace2Ad778Ba0C5": 0.1681567135081484,
        "0xc74A73576F9ca7C88C905EdcC5F0f5F339d52380": 0.07363358971646115,
        "0xDCf99bA641c98E37dF8ea31188aD7E7Fa5501B09": 0.20248465259132606,
        "0x3B271e8F1409E8e90c484d3591143bd7e1d2A177": 0.2017266370903234,
        "0x4f49D938c3Ad2437c52eb314F9bD7Bdb7FA58Da9": 0.16216618990840118,
        "0x96c00fDDa3f3129A55C0Bc9b48Ef504C3D5594e4": 0.16820586964106782,
        "0x8D4c39b6A9c7cec94Cffef12f4eC019765b4128e": 0.20310298454478887,
        "0x2A0e2e3bcC873a6fBD6687b4E4EEb4F8B74AF129": 0.17748683301175228,
        "0x2aacccC2c6eb6678fE8b6F1E90209e638bCC8767": 0.03673902254987908,
        "0x644a7FF3CDFF23C3F10F25807A40Fa48AFF34885": 0.15379948310552405,
        "0xfEc2Ade141272f5271FEbaDFca5d21Ca30fc04a5": 0.18052702699582238,
        "0x2108a6d1f32D1A932431d64E3328D1d45bD0520f": 0.21407967968463135,
        "0x2D332737C1EbBF86b21E78D82640aD7E3Be7a4C6": 0.2264355571901291,
        "0x3D65eD138686e2AD54006d4Db83aD4597D645370": 0.1795182366938777,
        "0x1DE746BB64222C304b38F84613745323cB6C7fC1": 0.1638808486910814,
        "0xd17EB770E4E209C186cEDA0d7E09bFC03D792b36": 0.17692937349288132,
        "0x30b2DAEb3757B6C7462cd0D776828F8d7398BE50": 0.1586349017361227,
        "0xaE90B9bc86DBa4D1C0ff98c496df2331220FC2cd": 0.19614779790746226,
        "0x260D417fBD1716B1375CD311f8a6677c4a780B3A": 0.19899602844898878,
        "0xD9F9F15e1DCdA849a48EE048892C9B31287C7598": 0.22495624105165485,
        "0xF9D0De258931D88E370245Ebf8b40119EC91912b": 0.19728685251885977,
        "0xC03808e0Af01563A739e408268d5517Dd7d710f3": 0.1574127204813023,
        "0xDF67cbA8261c6D8C15c735009F61e2CC9F852DE3": 0.17727875243254804,
        "0xe63757E3cD485C9b35b3a972fFFA2d91B8649483": 0.14601912021256666,
        "0x11eFc2638184a0382BF1bb29C4047c6111F8f3C7": 0.19310795382278884,
        "0x7cac2ab1CF9dc459ca88A85D72Ac94DE2691f1E5": 0.19276920063909567,
        "0xFc204FCfd2A579157898A212ea25Ac98de2b1E1C": 0.047901389443178406,
        "0x7ceb2a5C3395A5cfE09B66E7cEd496061301c316": 0.1587638979601832,
        "0x4B8aef878255F6242606Fe5e73D659004F5A34fA": 0.1746412986349832,
        "0xd9AaeEAa94FAD39bAf37B713E833105227bf1476": 0.14224589381544955,
        "0xAC465fF0D29d973A8D2Bae73DCF6404dD05Ae2c9": 0.1558156755918315,
        "0x47A40A367b3298BE3da3BdE3994c5342e26f368b": 0.1559627659292022,
        "0x2cf6988D57d0df95d3FF37CDfBFe0520F15c860F": 0.18203571056387297,
        "0xA4e3555ab4Bb3edD2F50b82279d30D6b49261FCc": 0.05872464504276296,
        "0x51FcFc7D4A032478B8919e30cE52B39FbE823Fe8": 0.09129137335813334,
        "0x519EbeDCb61498e2EBabE8D8b9FF8B168Fa5fB3b": 0.10821865978623152,
        "0x6147d56b02faBD35cd9fC2B80a60276cDf089521": 0.15034627457163122,
        "0x7c8eba6dF6115D4C9A84E83F77B7E6Bb9d266c2A": 0.15178765115878204,
        "0x128b7E7F0Bfa7CdA46bB4728A0DA88dBaA095026": 0.1271748317691241,
        "0xB97331E86EA4cE364491650e127e096C720dc422": 0.016559402064883964,
        "0x6573e30Ee0ad46BC9aFA0C2aDb0D3f147D658EFE": 0.16513666377281674,
        "0xF6aE6dF55d8108B2f22A13e14CFbdCdf62630439": 0.1339349717734465,
        "0x2367432dc27E2e96b7AB8a0b0e4fCb28Dd5a1C1F": 0.03525754941160752,
        "0x261c30aD69C3A89942F6C815914D004dD1fc4126": 0.03824145640602305,
        "0x2f8320C2Dc28681Aa5BBF92e79C37BE656a7D5F1": 0.1419033237539494,
        "0x9b8f31D4A132cFd3425EEf49076e56e60Dc1Ed2F": 0.12230592771908291,
        "0xA208BC6f328401efA313Ccce9B288B7048028AE9": 0.1044372314669328,
        "0x6dC894E9A906D0FE3b710724746dB84FE36190e1": 0.12333246465865147,
        "0xfaecAE4464591F8f2025ba8ACF58087953E613b1": 0.03797627848005314,
        "0x82b6a4Ebc3904b7aABD4E85510045EFf0d43a6Bd": 0.13028577535111388,
        "0x85f545CEeB98c8FB47C9d4411450D018Cf1E3064": 0.09281291265009525,
        "0x80F04391813cA4C8E6b612092F298156cFACbF5a": 0.01373758208279387,
        "0xD25f7e77386F9f797b64E878A3D060956de99163": 0.04336273282835791,
        "0xB2d61A9FB039CAd0Eb9d44FC19A2684Db3343d22": 0.04790541285762953,
        "0xFB9D972a3CB1C8Fdda9b2dd973C15047a9e56c17": 0.048148825488087146,
        "0xb31c7D299e258748415199d1D9ba4B4A43b81cdd": 0.021252830609661787,
        "0x7e367235eF80109531113d8284A5593Ba6A40c22": 0.07170652356170756,
        "0x1fdef3D3c7984a945008C253caA6cf380fDdb16f": 0.05896426135114096,
        "0x974D9A1A88A6280e742dC4BA3E886d8DC9890fb8": 0.01719223528400938,
        "0xbd5eb58790C4C8FE959f8Ea9d736DB3619A59300": 0.018842904570785537,
        "0x4353Ba0e968Eb592Dd931378E5C3c3235B2548C0": 0.003632411429485941,
        "0x0BfD7aE78eD2B89f7e7D85938e9317B5d494047B": 0.020599707880078675,
        "0x570CcECda25FE07AAC549E87A025d1aa047f6b09": 0.002909712644098632,
        "0x98120a431b7dfD64B1d2B52Ff8F793E2AcA53d70": 0.005979795038697144
    }
}