{
  "rebate": "4",
  "fromBlock": "11112533",
  "toBlock": "11413784",
  "shareHolderPayout": {
    "0x980165226eab8d569640a981c68e04bc44067088": 7.840588047085038,
    "0x120219511b9b0254e7d15014db83b8752289fda3": 8.73296322582253,
    "0x2ea5b7c369cb88c171466bb6dcf3cbe1c508fbea": 11.175298840966567,
    "0x49a8a045eae2c9d4a7c7e2919ba957064bd59252": 9.773444283791399,
    "0x94b1b210820029fa81cbdc3253b1103b16abfc34": 8.8264995928668,
    "0x4c39185a078b5666c372538231cb793a0928807b": 8.688947137318774,
    "0x6888ff4be3262f3232e1c022de731680a16ddda7": 8.744474943042173,
    "0xbc5fe3952a9f61e2cdef56b79d559d79b88969c3": 6.63887875166873,
    "0xccd9c5465fac5c0df86fd9b7d524a5949defcef6": 7.917525583452917,
    "0x8b64673c9a482913a6e2c1298637532947cd96ee": 5.280613173682445,
    "0x8d680d96befc53d8b90f76d1e8e99e842b3387a2": 3.835133063760125,
    "0xed6bf5eeffdcff967184747648f1c3b578a2f430": 5.695551675548989,
    "0xde3af8bb46d556df3d7c99cc313c4b5713b4a5a5": 5.564663455442439,
    "0x27243bb8a86c1bd978607e2261d08086c6d6b248": 0.3828060701408758,
    "0x797e1f1765a0071454f443114bf26a53f798c071": 12.01460282458975,
    "0xd2a78bb82389d30075144d17e782964918999f7f": 8.27120414272422,
    "0xfec2ade141272f5271febadfca5d21ca30fc04a5": 8.674524727968475,
    "0xdb2808ed6cf0b8b9686222689cf4f6e88e42b80a": 8.97909813541275,
    "0xd5aff9f7c8821aa0ad92f8ecb5f699db03dedca3": 8.07746265518028,
    "0x7c8eba6df6115d4c9a84e83f77b7e6bb9d266c2a": 7.993004553885664,
    "0x47a82db2aa10e4031e0d27c77fb619ee1b072fc3": 3.1929435823272625,
    "0xf2bafa3cb26cfd8ddbfa5957eda9a77dffdea84e": 7.303890063193377,
    "0x230e7f448f6ebc7c4433cce03ee92eeb81681a2c": 4.142534207240243,
    "0x4a73243b237b7d4c931971d04558427a871ed0d2": 7.909265810801667,
    "0xadea8f6843a25e92122f19b42f1c1e5ced551a17": 4.998841114285567,
    "0xc53a1b7da00e02ef475283f303247a314c636175": 3.926356225615325,
    "0xbf15754dc61f5e552a5c5a51e6b571d567798650": 3.7449952509996387,
    "0xc055a8fdc4d3b423944932c1785efd162d5591a5": 3.921287474625052,
    "0xedc63f732d61df2556fd3ae84f911a84ac64b4ba": 3.3773600277969376,
    "0x73faf4be6cb43489b8f6e8a4ed3ccd804eb18586": 4.533989325911161,
    "0xa1488f43c2d693a83b9af7892e304305beeb66dc": 1.225588849502342,
    "0x33ebb62dc9ddbf6b8f3c0efdf5bccc2e7ac60211": 2.9089700416058344,
    "0x28efd202069c82e9df0dacffe1e7512d8e56bd2e": 2.870946289818605,
    "0x985147809e9c0a677e9c9bed656c984be037d373": 1.0844703545959817,
    "0x7f491e497e85836e59d0188c35221d3d6fc92d6f": 1.1250238677741677,
    "0x844160aa1dd2a140084a3ed91fcba41e508fa233": 0.8682848669256478,
    "0xfc119030940852a33fbb787a6fd086efcabe458f": 5.519878391084361,
    "0xe311958ac79b41bf3a0595470a964b8efbe0fb36": 5.605360256463539,
    "0x4be80a823e619ef57a61cc19b6bfb72974df0604": 5.009439501594286,
    "0x73aa72cc803cb8706240aa2fdfde520088eeddfe": 4.516993872165757,
    "0x7ebe10f8e493e848396839ec22d92001b82ea592": 2.873516530203508,
    "0xa1e696c75222a076df50e8e823f716d95c1e0f53": 0.4091427017881307,
    "0xe7b80338fe1645af7e6e1d160f538e04241b9288": 2.9308018498890442,
    "0xf288464959a5dd1671bce3458a3a4ed0cc314e3c": 0.45487075163986485,
    "0xc5cdc90702049718b307de20042e8ba53795e3be": 2.868585031851369,
    "0x2f840532892f91811f99cdaec703f322a779cc66": 5.009686897380945,
    "0x67d24f48f1b58c4d4dcda57ba2386dce76353fa2": 5.605371975481689,
    "0xbf87c98f8a9c1f2a88b613813ec1e974105eb615": 5.691511995351428,
    "0x8bd16de8938a2ad16794ac7e7502896f156e370c": 3.4127950778160043,
    "0x966cf5cd0624f1efcf21b0abc231a5ccc802b861": 5.095677862782351,
    "0xda964056a960bab2d6f5cbddc4a0e45b4edaf8d0": 2.4117160051936244,
    "0x7eaf75c1421e5bd84411b1de39a783f4d27a8fb0": 2.4120866186453327,
    "0x976570852e478361d0ff78a892eb8e45bacc9375": 2.6149441917682066,
    "0xbe3bf9bb42bf423695b792250be206c9a58e2de1": 4.762431225261044,
    "0xbd1f7d88c76a86c60d41bddd4819fae404e7151e": 2.1646939783397174,
    "0xbca9b2e6b6620197aba4fdb59079d3fee21c361e": 1.4960036420599612,
    "0xa631df8625ad8c287834c79d1fa6f32086cb23c3": 1.6828011511490166,
    "0xd7925984736824b4aecf8301c9aee211cd976494": 2.1933101411603966,
    "0x77c2401ca6ef5a13fe062102fd59ed4070a55c4d": 1.682584898434339
  },
  "priceData": {
    "dailyAvgGasPrices": [
      { "timestamp": 1603411200, "avgGwei": "58.483044067" },
      { "timestamp": 1603497600, "avgGwei": "32.203857762" },
      { "timestamp": 1603584000, "avgGwei": "33.050174347" },
      { "timestamp": 1603670400, "avgGwei": "55.960128939" },
      { "timestamp": 1603756800, "avgGwei": "43.438225272" },
      { "timestamp": 1603843200, "avgGwei": "64.546938423" },
      { "timestamp": 1603929600, "avgGwei": "68.638448298" },
      { "timestamp": 1604016000, "avgGwei": "63.336696249" },
      { "timestamp": 1604102400, "avgGwei": "40.821601761" },
      { "timestamp": 1604188800, "avgGwei": "33.958389367" },
      { "timestamp": 1604275200, "avgGwei": "59.556293025" },
      { "timestamp": 1604361600, "avgGwei": "44.994623512" },
      { "timestamp": 1604448000, "avgGwei": "36.929765158" },
      { "timestamp": 1604534400, "avgGwei": "50.351219255" },
      { "timestamp": 1604620800, "avgGwei": "59.743475915" },
      { "timestamp": 1604707200, "avgGwei": "55.6995563" },
      { "timestamp": 1604793600, "avgGwei": "29.270287574" },
      { "timestamp": 1604880000, "avgGwei": "43.036804081" },
      { "timestamp": 1604966400, "avgGwei": "50.067322104" },
      { "timestamp": 1605052800, "avgGwei": "52.469222811" },
      { "timestamp": 1605139200, "avgGwei": "58.433082358" },
      { "timestamp": 1605225600, "avgGwei": "54.834222262" },
      { "timestamp": 1605312000, "avgGwei": "34.540619732" },
      { "timestamp": 1605398400, "avgGwei": "34.544174003" },
      { "timestamp": 1605484800, "avgGwei": "47.985935398" },
      { "timestamp": 1605571200, "avgGwei": "74.866465876" },
      { "timestamp": 1605657600, "avgGwei": "80.394403719" },
      { "timestamp": 1605744000, "avgGwei": "46.783318521" },
      { "timestamp": 1605830400, "avgGwei": "68.357121233" },
      { "timestamp": 1605916800, "avgGwei": "66.371016498" },
      { "timestamp": 1606003200, "avgGwei": "62.695231579" },
      { "timestamp": 1606089600, "avgGwei": "76.578870525" },
      { "timestamp": 1606176000, "avgGwei": "93.649625593" },
      { "timestamp": 1606262400, "avgGwei": "61.06060239" },
      { "timestamp": 1606348800, "avgGwei": "142.517747433" },
      { "timestamp": 1606435200, "avgGwei": "45.168615208" },
      { "timestamp": 1606521600, "avgGwei": "34.986023055" },
      { "timestamp": 1606608000, "avgGwei": "30.780782615" },
      { "timestamp": 1606694400, "avgGwei": "78.98398803" },
      { "timestamp": 1606780800, "avgGwei": "87.210450983" },
      { "timestamp": 1606867200, "avgGwei": "44.017238565" },
      { "timestamp": 1606953600, "avgGwei": "47.047850997" },
      { "timestamp": 1607040000, "avgGwei": "54.133415152" },
      { "timestamp": 1607126400, "avgGwei": "37.247774997" },
      { "timestamp": 1607212800, "avgGwei": "36.457991314" },
      { "timestamp": 1607299200, "avgGwei": "50.119786947" }
    ],
    "dailyAvgUmaEthPrices": [
      { "timestamp": 1603411200, "avgPx": "0.020795541392219744" },
      { "timestamp": 1603497600, "avgPx": "0.01967003184315327" },
      { "timestamp": 1603584000, "avgPx": "0.01949852959256544" },
      { "timestamp": 1603670400, "avgPx": "0.019983560289418317" },
      { "timestamp": 1603756800, "avgPx": "0.019259547527063357" },
      { "timestamp": 1603843200, "avgPx": "0.01950313636102425" },
      { "timestamp": 1603929600, "avgPx": "0.01797303280214805" },
      { "timestamp": 1604016000, "avgPx": "0.018440230710545843" },
      { "timestamp": 1604102400, "avgPx": "0.01885915389046146" },
      { "timestamp": 1604188800, "avgPx": "0.01787442577764502" },
      { "timestamp": 1604275200, "avgPx": "0.017509300426546467" },
      { "timestamp": 1604361600, "avgPx": "0.017378721442213595" },
      { "timestamp": 1604448000,