{
    "votingContractAddress": "0x004395edb43EFca9885CEdad51EC9fAf93Bd34ac",
    "rebate": 36,
    "fromBlock": 18037988,
    "toBlock": 18244805,
    "countVoters": 93,
    "totalRebateAmount": 0.9216379868260158,
    "shareholderPayout": {
        "0x7c8eba6dF6115D4C9A84E83F77B7E6Bb9d266c2A": 0.007816350856496315,
        "0x2cf6988D57d0df95d3FF37CDfBFe0520F15c860F": 0.006224233071573645,
        "0xfD8355b24aB8815cA2d76d1E495DC29B4330241f": 0.009199324476536956,
        "0x64f7354Fb18B7CeE35746078E1521B93feE6E061": 0.0109534981756206,
        "0x126db3213b309A8D554594e591e614425cCaC78e": 0.011289645338042767,
        "0xf445567E961c533e26430005c142DEe831A6376e": 0.01646719804034312,
        "0xd9AaeEAa94FAD39bAf37B713E833105227bf1476": 0.008173803953513087,
        "0xBdDbc13abDC4d3b617c2e573C26cd5a7F24A0478": 0.008351433875890189,
        "0x4B8aef878255F6242606Fe5e73D659004F5A34fA": 0.010119136782331164,
        "0xB2d61A9FB039CAd0Eb9d44FC19A2684Db3343d22": 0.004760363166376382,
        "0xFB9D972a3CB1C8Fdda9b2dd973C15047a9e56c17": 0.00482180604617414,
        "0x51FcFc7D4A032478B8919e30cE52B39FbE823Fe8": 0.010923922066100636,
        "0xe6b5A31d8bb53D2C769864aC137fe25F4989f1fd": 0.008453432389802989,
        "0x4ddd9aF5f091A11438f3C4F618F1257D6D660Cb2": 0.009033262213201923,
        "0x4d7ef23add041e515077233023a6B9A9995e32BE": 0.011242983209678573,
        "0x08A8F08bd1e7eAF0d1eC7E81b60E194ea783B996": 0.009034712236705074,
        "0xbbf01C2c007F2fE5D2e26dBc6Ad0b45C61D6D765": 0.009207945315665373,
        "0xD2A78Bb82389D30075144d17E782964918999F7f": 0.007698316202187059,
        "0xc3d26aa4954816330C5ffc9bb2d46acbCEaff130": 0.008258075885258596,
        "0xDF67cbA8261c6D8C15c735009F61e2CC9F852DE3": 0.009327033954348926,
        "0x48c7e0db3DAd3FE4Eb0513b86fe5C38ebB4E0F91": 0.012760925951530317,
        "0x9B6f4d48fD61313204F7C8fBe9dFeC6384aA4cEd": 0.009213932657471944,
        "0x69D0341d380a1229f4751a0A721345dBc716586C": 0.031142640604442655,
        "0x342061D54cff1F4886aA3cfcfd2A9BaDc324bdf1": 0.004595490567210618,
        "0x2B6561E955965DB87f48963E1573F819c31CDAf0": 0.010571767,
        "0x85f545CEeB98c8FB47C9d4411450D018Cf1E3064": 0.009067379913916231,
        "0x6aEdb6460ABAE82F5ED77aF1d5e9Fe6F701d8c4A": 0.013185137569200154,
        "0x99BcEa6bB0403927fB3c038163478D5b42082Fd9": 0.012157551118071926,
        "0xc540eb6c7B3e44Ef8A45dB3aD8618404bAEd88F6": 0.0017240237530607,
        "0x9BC114CbDf47021f15416e720bC71b5341120E87": 0.00886331992862572,
        "0xA3f76c31f57dA65B0ce84c64c25E61BF38c86BEd": 0.012944995256418457,
        "0x6573e30Ee0ad46BC9aFA0C2aDb0D3f147D658EFE": 0.011267794118841183,
        "0xe63757E3cD485C9b35b3a972fFFA2d91B8649483": 0.002402866539884054,
        "0xaF4C815CF13Bc8671a2a12BdE62aABEC24651ccC": 0.013647646255708391,
        "0x6147d56b02faBD35cd9fC2B80a60276cDf089521": 0.01324212616178414,
        "0xA7b9D5Fc54eb3FfE1985a10e28d045a9b89487D0": 0.009925401997337132,
        "0x62763A0D45Eb16EFe2B9f2f30743BE0e6ec3A207": 0.014221568046902267,
        "0xC03808e0Af01563A739e408268d5517Dd7d710f3": 0.01127161039454218,
        "0x4f49D938c3Ad2437c52eb314F9bD7Bdb7FA58Da9": 0.011364170518789801,
        "0x07B83aD78CACb5a730D719902CF9Ef59fB38DA98": 0.002514265462946288,
        "0x128b7E7F0Bfa7CdA46bB4728A0DA88dBaA095026": 0.010157387192339887,
        "0xA4e3555ab4Bb3edD2F50b82279d30D6b49261FCc": 0.013605259170812692,
        "0x644a7FF3CDFF23C3F10F25807A40Fa48AFF34885": 0.013519568668317493,
        "0xF9D0De258931D88E370245Ebf8b40119EC91912b": 0.002733725337089787,
        "0x45F2aBcE86a938Bb4d4633048dfA15bED7A5E310": 0.005124817606083472,
        "0x8A752066907ECc34Bb2a37f08C69701110aB04f1": 0.016969617170657928,
        "0x9b8f31D4A132cFd3425EEf49076e56e60Dc1Ed2F": 0.011544882993758046,
        "0x260D417fBD1716B1375CD311f8a6677c4a780B3A": 0.011386967560423907,
        "0xaE90B9bc86DBa4D1C0ff98c496df2331220FC2cd": 0.012042927211372265,
        "0xDCf99bA641c98E37dF8ea31188aD7E7Fa5501B09": 0.020037658985210406,
        "0xD9F9F15e1DCdA849a48EE048892C9B31287C7598": 0.013685425799945233,
        "0x021F0b20dA3b0471c175fBC85eD5C09055FeC061": 0.01305152116457358,
        "0x3B271e8F1409E8e90c484d3591143bd7e1d2A177": 0.019425976509588203,
        "0x336B9DE28D67D692C31DF93A9b8630B2Fa50d88f": 0.013524504460525263,
        "0x0a01f4A6711012157C1B33aD9c01aF7F526962f5": 0.010743401452451475,
        "0x4c9F7207be28278b9DCA129f2e211AcfFf48Fb01": 0.01070704213739114,
        "0x5bdAfB8d0270F2833433CCd77493dC40BA94C0f6": 0.01026946443153863,
        "0x49e0cdd718d330E5A27856256236b4e56a76D3fB": 0.015050742751344309,
        "0xcfc50541c3dEaf725ce738EF87Ace2Ad778Ba0C5": 0.002573042421461778,
        "0x9a25BE88282610D029D0b40Fa36E0295F4918d90": 0.006738585563364745,
        "0x996d5138843993Cebc554c20d82310a43802aFF1": 0.013826990697229353,
        "0xDd4B9851525bc838a5aAf3e4464B0456b4a22C31": 0.003839812389341082,
        "0xB72d332C48066f849cB521a64a4089ae5242164F": 0.00510838875606343,
        "0x96c00fDDa3f3129A55C0Bc9b48Ef504C3D5594e4": 0.010298505363435068,
        "0x66b5409f52d23ef87bDBfaa7312F8D790755fE13": 0.013988061334948416,
        "0xb5eeDdFF4641Fea71C0b9A344AEd1a49E38e55d5": 0.013715567583360093,
        "0xe8b0a13e65Cc30E142EB125bFA3Fb4DE3a190ad8": 0.014264129430303075,
        "0x760680a3000397929aed8c1f0f56B8b1AA6F7777": 0.014207241181669033,
        "0xfEc2Ade141272f5271FEbaDFca5d21Ca30fc04a5": 0.004969866381662957,
        "0x82b6a4Ebc3904b7aABD4E85510045EFf0d43a6Bd": 0.00246443304842536,
        "0x11eFc2638184a0382BF1bb29C4047c6111F8f3C7": 0.011868491885734888,
        "0x7cac2ab1CF9dc459ca88A85D72Ac94DE2691f1E5": 0.012373499621109911,
        "0xFc204FCfd2A579157898A212ea25Ac98de2b1E1C": 0.011658104519092398,
        "0x7e367235eF80109531113d8284A5593Ba6A40c22": 0.00250018702158005,
        "0x2A0e2e3bcC873a6fBD6687b4E4EEb4F8B74AF129": 0.012857160858213179,
        "0x7ceb2a5C3395A5cfE09B66E7cEd496061301c316": 0.006893849811496827,
        "0x07148984389eddf3A188943807310EA9E22Cef50": 0.006766733789787637,
        "0xa31c2232842e631cCb2d2E4110B356Bab21E6020": 0.006459541123247066,
        "0x30b2DAEb3757B6C7462cd0D776828F8d7398BE50": 0.013503372381425226,
        "0xD431B7c1433FbA9a5aa5330E5211F4773B95E9d9": 0.008387303061429928,
        "0xE708e10a80c8FcFF34e7d6715446D7820318b0D5": 0.00982949116301268,
        "0x3D65eD138686e2AD54006d4Db83aD4597D645370": 0.010607476897427371,
        "0x1DE746BB64222C304b38F84613745323cB6C7fC1": 0.0177251939574714,
        "0xf6a8C989bD02F7986757f1a24380E452CA79557c": 0.002708261605909716,
        "0x1fdef3D3c7984a945008C253caA6cf380fDdb16f": 0.004285631665556273,
        "0xE7B80338fE1645AF7e6e1D160F538E04241b9288": 0.004242241882701073,
        "0x2367432dc27E2e96b7AB8a0b0e4fCb28Dd5a1C1F": 0.012789073886078299,
        "0x2993dB31D165c33D848e44A1C26a805bA411d324": 0.005026929219341079,
        "0xdE0AEf70a7ae324045B7722C903aaaec2ac175F5": 0.005035063874789679,
        "0xCf7cdBBbf4be10b5f716b297B53d369626a8AA57": 0.008849589206921983,
        "0x8bd7B5E860998607715Da42944cc9DE3486A3Ae2": 0.008045926277446344,
        "0xAC465fF0D29d973A8D2Bae73DCF6404dD05Ae2c9": 0.005894692036709772,
        "0x519EbeDCb61498e2EBabE8D8b9FF8B168Fa5fB3b": 0.0063135652523133
    }
}