{
  "votingContractAddress": "0x8B1631ab830d11531aE83725fDa4D86012eCCd77",
  "rebate": "19",
  "fromBlock": "14292548",
  "toBlock": 14496919,
  "shareHolderPayout": {
    "0xb5eeddff4641fea71c0b9a344aed1a49e38e55d5": 40.44500023121252,
    "0xe63757e3cd485c9b35b3a972fffa2d91b8649483": 40.494488782068494,
    "0x57ef2b98306d2c98f2fcebbdd05090c75982af72": 14.642466349185181,
    "0xfc204fcfd2a579157898a212ea25ac98de2b1e1c": 41.41717992844467,
    "0xfec2ade141272f5271febadfca5d21ca30fc04a5": 40.34932256012438,
    "0xf71866a90c24209e13bb9f65307cea120a939d79": 33.303534222090676,
    "0xf445567e961c533e26430005c142dee831a6376e": 8.591253529702273,
    "0xd2a78bb82389d30075144d17e782964918999f7f": 37.53814243028241,
    "0xe47df6ddf4022ec7d37e31325e0fe982eff3ef41": 29.245066088996296,
    "0xdb2808ed6cf0b8b9686222689cf4f6e88e42b80a": 37.53907786710202,
    "0xa3f76c31f57da65b0ce84c64c25e61bf38c86bed": 30.075242937406813,
    "0x31a4c53be2356b09220d348508b97ed9b26a6c30": 11.268646522393006,
    "0x24fc7a0751bbf53c239cc1d21d2951a5b21f733d": 10.593323193302545,
    "0xd1f8f4e8c4ae63964efb761a97503c128b7fa732": 18.736849302277182,
    "0xdae6878c6756d804a8e7b056f9eac38ad1fbded9": 24.096072330697496,
    "0xdf67cba8261c6d8c15c735009f61e2cc9f852de3": 31.921785579466903,
    "0xd9f9f15e1dcda849a48ee048892c9b31287c7598": 32.80544175014222,
    "0xfdac618ddb79f77eb2ea5c52b7c50f8f728dafce": 32.80595108569159,
    "0x8b64673c9a482913a6e2c1298637532947cd96ee": 33.91075675184068,
    "0x02c0d734efda6a689375933d8eecc89ed94687a2": 32.85778800246617,
    "0x7da740d237575470b19284ec013fb5ea1f680f00": 43.172896770035216,
    "0xee160154b02a2e404c6c13ff0b28ed76010cf07d": 32.21351415146805,
    "0x110f0b1faa1cb6eed49883f960808c95f609f6fd": 28.814280523308025,
    "0x2a0e2e3bcc873a6fbd6687b4e4eeb4f8b74af129": 18.423819544179725,
    "0x5963d72760d2703c35b4b3cc7eda0b425d10788d": 28.003623390888215,
    "0x7cc541816b921bc5a172b6b10fa396664a6d2164": 34.57050845884879,
    "0x4368dd80624c20b263f8123aec05d7a50bd91cf3": 8.13644599505182,
    "0xa31c2232842e631ccb2d2e4110b356bab21e6020": 15.02765677894795,
    "0x79a076e8019c171414a2175913b6d756c054e3ab": 23.923597160239048,
    "0xdb19c47e87ed3ff37425a99b9dee1f4920f755b9": 24.149308951067777,
    "0xe6b5a31d8bb53d2c769864ac137fe25f4989f1fd": 24.602326367047826,
    "0xcfc50541c3deaf725ce738ef87ace2ad778ba0c5": 8.410316074450725,
    "0xd9aaeeaa94fad39baf37b713e833105227bf1476": 56.189552454192345,
    "0x914370354cefac2202c46d933685e87f05c7d718": 9.168422159148635,
    "0xdd07dc252642fefc342418d9305e556c627f891b": 12.58179833063214,
    "0x7f1c6e55c5bec9a47a3a7f4c17d2d31d38ddc2aa": 4.508621820908657,
    "0x9a97c80956bce4dd87c2df6a93900dbfcbf0d60a": 15.931762941006301,
    "0x81447efe30c9c4958774114f46e8689317fac29a": 18.883177179403233,
    "0x7b2483d0f917a4f7a04d1e13743c99ad9d249462": 11.341730410011298,
    "0x48c7e0db3dad3fe4eb0513b86fe5c38ebb4e0f91": 13.5545427824975,
    "0x69d0341d380a1229f4751a0a721345dbc716586c": 16.255217444003286,
    "0x7e367235ef80109531113d8284a5593ba6a40c22": 18.88174066712191,
    "0xb018ac399491b9320a456ad0e696d2032b6badd3": 4.391018134437886,
    "0xe7b80338fe1645af7e6e1d160f538e04241b9288": 14.114381178157856,
    "0x8369e7900ff2359bb36ef1c40a60e5f76373a6ed": 8.682735555869215,
    "0x57ef012861c4937a76b5d6061be800199a2b9100": 16.686260665537453,
    "0x384d91e6b8d032ab9d844eb58b85df6543e616f0": 16.293666274840522,
    "0x239b74c2e5505634b7c38c8eeb1de385a16e24e2": 16.25495299910922,
    "0xea7c2df8ab95bf0af91f8e4034b493733aca21df": 17.471380683828908,
    "0xec6d05b23ad13844f0f37156ef96abb8b5de8296": 13.852073078320466,
    "0xa1656a78637d6f5e1c17926a8cea28b66d2f85da": 7.0747623862407085,
    "0x01371b3ff34e1bbcf599aede17e3f211f6974953": 7.343129806679622,
    "0x0f9c7aae4a3db5d226371b4a68f8a47ee97fa757": 2.7380670632894994,
    "0xf1525d428af02f8f565a142e44705e831bd078b3": 2.6335559132050164,
    "0x9dbde0988d0c28266b49c3c5e49b9b0d5faad208": 2.633321869132541,
    "0xb8858b0e23541842753dc9ba734db87fb9c98769": 4.795157889468869,
    "0xec2a1ac0f883bc77d7bf40dc1dbe959a864e8d32": 4.614200447623578,
    "0x61d62b3d530ab8174dbfade1675d856c5c5c9fcd": 5.7406495233347945,
    "0x112eae3093451187c8b945fb601c6df34bdc8105": 19.64346925380281,
    "0x7cac2ab1cf9dc459ca88a85d72ac94de2691f1e5": 19.62067783358631,
    "0x11efc2638184a0382bf1bb29c4047c6111f8f3c7": 19.6188810053127,
    "0x49e0cdd718d330e5a27856256236b4e56a76d3fb": 19.620674697282432,
    "0x82b6a4ebc3904b7aabd4e85510045eff0d43a6bd": 19.82828706059787,
    "0x969397c71eb51f7fdcf6527db4d97871b05d6f63": 19.618604475168013,
    "0x8a6800c753ed8ed19e0df473a97a7a94b2cecf54": 19.188217264389824,
    "0x3b271e8f1409e8e90c484d3591143bd7e1d2a177": 13.814968135131295,
    "0xdcf99ba641c98e37df8ea31188ad7e7fa5501b09": 19.61902941513716,
    "0xc3d26aa4954816330c5ffc9bb2d46acbceaff130": 19.620705600647558,
    "0x66b5409f52d23ef87bdbfaa7312f8d790755fe13": 19.530097327827097,
    "0x3d88456277e32d62575267c3564b72387c3f21f7": 19.500410817964294,
    "0xacd3dc5c6f9cb967b5e1f719001e85039b0c976f": 19.404526109184484,
    "0x8d4f93e9962f3392e4c9d10c08f2f1c757f95866": 10.803660702331232,
    "0x4b070c428ddbb49524abf2d4be4998c1e3b6f3a5": 19.188513700503485,
    "0xfdf7f859807d1dc73873640759b2706822802529": 19.619986746355245,
    "0xabbcf7b0735e4eb152fd13fa02691cc046fac0bd": 19.4040203070547,
    "0xb0903a62f5ca7a215aa67232ba691cb801decd5b": 19.465765770656752,
    "0x1fdef3d3c7984a945008c253caa6cf380fddb16f": 7.2535133407452514,
    "0x9e3a4ed4eea5c27a5e82a32e90482a4827a4ae80": 16.653889678894743,
    "0x50e453636f153ded412eca1ecc3e520a206b3496": 16.703191833487605,
    "0xbca0fd352dce62fa1b7c7f9fa8f0c1de7fef09d9": 17.471534231443417
  },
  "priceData": {
    "dailyAvgGasPrices": [
      { "timestamp": 1645920000, "avgGwei": "46.808949175" },
      { "timestamp": 1646006400, "avgGwei": "74.184332108" },
      { "timestamp": 1646092800, "avgGwei": "61.807690726" },
      { "timestamp": 1646179200, "avgGwei": "57.233821035" },
      { "timestamp": 1646265600, "avgGwei": "51.820526521" },
      { "timestamp": 1646352000, "avgGwei": "50.027808157" },
      { "timestamp": 1646438400, "avgGwei": "39.105900797" },
      { "timestamp": 1646524800, "avgGwei": "51.787695696" },
      { "timestamp": 1646611200, "avgGwei": "44.752346436" },
      { "timestamp": 1646697600, "avgGwei": "49.331425559" },
      { "timestamp": 1646784000, "avgGwei": "40.816198152" },
      { "timestamp": 1646870400, "avgGwei": "36.484913763" },
      { "timestamp": 1646956800, "avgGwei": "35.326134376" },
      { "timestamp": 1647043200, "avgGwei": "26.293915463" },
      { "timestamp": 1647129600, "avgGwei": "41.621884402" },
      { "timestamp": 1647216000, "avgGwei": "35.171107807" },
      { "timestamp": 1647302400, "avgGwei": "40.481002846" },
      { "timestamp": 1647388800, "avgGwei": "43.774422429" },
      { "timestamp": 1647475200, "avgGwei": "77.108651531" },
      { "timestamp": 1647561600, "avgGwei": "72.594322453" },
      { "timestamp": 1647648000, "avgGwei": "33.680173978" },
      { "timestamp": 1647734400, "avgGwei": "29.275876248" },
      { "timestamp": 1647820800, "avgGwei": "37.35594567" },
      { "timestamp": 1647907200, "avgGwei": "46.983693447" },
      { "timestamp": 1647993600, "avgGwei": "40.602858" },
      { "timestamp": 1648080000, "avgGwei": "53.3556368" },
      { "timestamp": 1648166400, "avgGwei": "48.970434712" },
      { "timestamp": 1648252800, "avgGwei": "34.689925385" },
      { "timestamp": 1648339200, "avgGwei": "55.419043357" },
      { "timestamp": 1648425600, "avgGwei": "82.45270716" },
      { "timestamp": 1648512000, "avgGwei": "50.438131665" },
      { "timestamp": 1648598400, "avgGwei": "56.313897422" },
      { "timestamp": 1648684800, "avgGwei": "55.283697798" }
    ],
    "dailyAvgUmaEthPrices": [
      { "timestamp": 1645920000, "avgPx": "0.001784703913399589" },
      { "timestamp": 1646006400,