{
  "votingContractAddress": "0x004395edb43EFca9885CEdad51EC9fAf93Bd34ac",
  "rebate": 46,
  "fromBlock": 19993251,
  "toBlock": 20429972,
  "countVoters": 172,
  "totalRebateAmount": 6.714413670936688,
  "shareholderPayout": {
    "0x9B6f4d48fD61313204F7C8fBe9dFeC6384aA4cEd": 0.045083738522649776,
    "0xF548BCf569Fb953Bf4f9dFbb67267D5824c8da63": 0.05356127096815967,
    "0x4B8aef878255F6242606Fe5e73D659004F5A34fA": 0.05180554476114634,
    "0x6573e30Ee0ad46BC9aFA0C2aDb0D3f147D658EFE": 0.08963582201797064,
    "0x97ac71def35a693cA1c92FBeaCd40495b4D9a4A2": 0.053751618717566126,
    "0xC65F56eD1B59D21305DF058dde242968a752cb3A": 0.045439497424253024,
    "0xFa93E76Bb7de1071D6f9C0f77Af883c2a944B2d1": 0.06923504075311536,
    "0x923F0cBFb999989664E3a70238bdEeB93FA508b9": 0.047556999296916806,
    "0x0a01f4A6711012157C1B33aD9c01aF7F526962f5": 0.08520706025863978,
    "0xCf7cdBBbf4be10b5f716b297B53d369626a8AA57": 0.050624020016097546,
    "0x8D4c39b6A9c7cec94Cffef12f4eC019765b4128e": 0.06134256256922727,
    "0x7820892a0C658b2aD6328B9b64a317Ae0973F18B": 0.05150735381427754,
    "0xC03808e0Af01563A739e408268d5517Dd7d710f3": 0.06992037737557609,
    "0x393950505b160607F40D11AB956C9406DBe6e4ce": 0.06094944274343998,
    "0x10215ADcD0e445dD314e2138ef1e0B243c3269D2": 0.00748615612398536,
    "0xDbD9416f32c409b3c7A29655AA515bd717616470": 0.06441093766836588,
    "0xf445567E961c533e26430005c142DEe831A6376e": 0.0598614964125072,
    "0xc3d26aa4954816330C5ffc9bb2d46acbCEaff130": 0.0510619431085492,
    "0xD2A78Bb82389D30075144d17E782964918999F7f": 0.052650361226065964,
    "0xd9AaeEAa94FAD39bAf37B713E833105227bf1476": 0.047632525971698474,
    "0x69D0341d380a1229f4751a0A721345dBc716586C": 0.05329475002083605,
    "0xfD8355b24aB8815cA2d76d1E495DC29B4330241f": 0.0721998060392183,
    "0x4ddd9aF5f091A11438f3C4F618F1257D6D660Cb2": 0.05617390788611533,
    "0x336B9DE28D67D692C31DF93A9b8630B2Fa50d88f": 0.08021567946191026,
    "0x7e367235eF80109531113d8284A5593Ba6A40c22": 0.05845123131197682,
    "0x6aEdb6460ABAE82F5ED77aF1d5e9Fe6F701d8c4A": 0.08369149911211023,
    "0xDE26619C377F3BE82EeC1ef59aAD46a20681DAD7": 0.04179542249645627,
    "0x3153581d0C62cbCDffF6846e0aF474A719C36699": 0.04688192388121162,
    "0x61C196c7415643b7651a1c63F83263Fa976F5bB1": 0.04553120136422576,
    "0x996d5138843993Cebc554c20d82310a43802aFF1": 0.07360904126179277,
    "0x47A40A367b3298BE3da3BdE3994c5342e26f368b": 0.07779983329282003,
    "0xdF3aD3aD48fa33A4E9DC90Cc2e2b2b3480Df4807": 0.0486839087489058,
    "0x4f49D938c3Ad2437c52eb314F9bD7Bdb7FA58Da9": 0.05432376999416708,
    "0xDF67cbA8261c6D8C15c735009F61e2CC9F852DE3": 0.06341041492179257,
    "0x974D9A1A88A6280e742dC4BA3E886d8DC9890fb8": 0.06790508007327427,
    "0xa2E5Dbd496e25A194a11FC3e4Ad5AdA199e827F4": 0.05328861953254927,
    "0x92345865A75cBe863bF899e23A4407dA8034c2AF": 0.04839519870151771,
    "0x07B83aD78CACb5a730D719902CF9Ef59fB38DA98": 0.05790490267542764,
    "0x8bd7B5E860998607715Da42944cc9DE3486A3Ae2": 0.04903547555687937,
    "0xcfB331ADE6D66Ad1cB6765a2dD51aD3Aa9A1400E": 0.06713717112586927,
    "0xA7b9D5Fc54eb3FfE1985a10e28d045a9b89487D0": 0.043071551686803065,
    "0x261c30aD69C3A89942F6C815914D004dD1fc4126": 0.06605679012349717,
    "0xFDBb6FA945c73712856738021b9E52A8C1F7bE7f": 0.06681150711241042,
    "0x30b2DAEb3757B6C7462cd0D776828F8d7398BE50": 0.07321266006182939,
    "0x9BC114CbDf47021f15416e720bC71b5341120E87": 0.042370575309711785,
    "0x4a3755eB99ae8b22AaFB8f16F0C51CF68Eb60b85": 0.046563300432936515,
    "0xD9F9F15e1DCdA849a48EE048892C9B31287C7598": 0.08808798832099646,
    "0xD431B7c1433FbA9a5aa5330E5211F4773B95E9d9": 0.08596232093124923,
    "0x51FcFc7D4A032478B8919e30cE52B39FbE823Fe8": 0.03419820821396983,
    "0xcCE9A28b570946123f392Cf1DbfA6D2D5e636a1f": 0.05154223815837283,
    "0xaF4C815CF13Bc8671a2a12BdE62aABEC24651ccC": 0.07657211075207043,
    "0x6147d56b02faBD35cd9fC2B80a60276cDf089521": 0.07737621448934555,
    "0x99BcEa6bB0403927fB3c038163478D5b42082Fd9": 0.05391948344166459,
    "0x5D80A493A38c3b6A43852f8282a3392C250bE12e": 0.09347348453574321,
    "0x996b4449b9D6FF2d3b5EbCE4ad0474891CBBF4db": 0.09223959212031457,
    "0x126db3213b309A8D554594e591e614425cCaC78e": 0.05976342436700767,
    "0x2B6561E955965DB87f48963E1573F819c31CDAf0": 0.06460659716415289,
    "0xD7C896cac64486E339Fc79B8d80a872756B524D8": 0.08379261157428036,
    "0xFB9D972a3CB1C8Fdda9b2dd973C15047a9e56c17": 0.07019644922645628,
    "0xB2d61A9FB039CAd0Eb9d44FC19A2684Db3343d22": 0.06651458922741593,
    "0x82b6a4Ebc3904b7aABD4E85510045EFf0d43a6Bd": 0.02621629378879123,
    "0xe8b0a13e65Cc30E142EB125bFA3Fb4DE3a190ad8": 0.0921155378018916,
    "0x66b5409f52d23ef87bDBfaa7312F8D790755fE13": 0.10861018395533292,
    "0xb5eeDdFF4641Fea71C0b9A344AEd1a49E38e55d5": 0.11410322776676486,
    "0xA8E20D1B16c2821c2E17A58eB9c92c2ec7699283": 0.06090045115281689,
    "0xca30cE2505F78e7B4f07b2d0A0F22eD62B19051B": 0.06722856886894017,
    "0x69d0a6CCB76F3F7EF96DAda03B01B555E76fa819": 0.10707140123856879,
    "0xe63757E3cD485C9b35b3a972fFFA2d91B8649483": 0.06056741591172546,
    "0x2b433E0D9E38Df82Ec700679B98643ba5Ff4a9FA": 0.0966368615351231,
    "0xD25f7e77386F9f797b64E878A3D060956de99163": 0.05590340324202292,
    "0xe6b5A31d8bb53D2C769864aC137fe25F4989f1fd": 0.048730324442580804,
    "0x6dC894E9A906D0FE3b710724746dB84FE36190e1": 0.06191289425901645,
    "0x0f8fe8e8B7Ad38615904a08e821E875fa19d8b67": 0.013119542414081671,
    "0x1fdef3D3c7984a945008C253caA6cf380fDdb16f": 0.012512906927542616,
    "0x7cac2ab1CF9dc459ca88A85D72Ac94DE2691f1E5": 0.0752198226654913,
    "0x2f8320C2Dc28681Aa5BBF92e79C37BE656a7D5F1": 0.07428947305321337,
    "0x11eFc2638184a0382BF1bb29C4047c6111F8f3C7": 0.07500841012366413,
    "0x2993dB31D165c33D848e44A1C26a805bA411d324": 0.020511956707748285,
    "0xAC465fF0D29d973A8D2Bae73DCF6404dD05Ae2c9": 0.04374227655929241,
    "0x2108a6d1f32D1A932431d64E3328D1d45bD0520f": 0.08798943514501946,
    "0x2D332737C1EbBF86b21E78D82640aD7E3Be7a4C6": 0.08945785793321571,
    "0x3D65eD138686e2AD54006d4Db83aD4597D645370": 0.06585157247267318,
    "0x1DE746BB64222C304b38F84613745323cB6C7fC1": 0.053041961660033214,
    "0xd17EB770E4E209C186cEDA0d7E09bFC03D792b36": 0.0539258669540111,
    "0x9b8f31D4A132cFd3425EEf49076e56e60Dc1Ed2F": 0.06892629470699518,
    "0xaE90B9bc86DBa4D1C0ff98c496df2331220FC2cd": 0.07045927145978599,
    "0x260D417fBD1716B1375CD311f8a6677c4a780B3A": 0.07220090560642295,
    "0x529109d3E06f2aCfc520F27042274E8dCD44EddD": 0.030169353937036302,
    "0x99dF425FCF7899d1C0c8cEedB2f051Cd00c25c25": 0.02885328029802718,
    "0xc675Db75C736e3eB89541C27CA26DEAf274cfCDC": 0.0363556462801148,
    "0xB21bE96Dc75717272402eF97A5CC144544263E3c": 0.08431687649623894,
    "0xaE31b9F46d8aE7B1d1A9F7dd1bC5256aff4C3A93": 0.004000319988911295,
    "0xA18E07faccd514a5d7D41C3ae34250388148fEE6": 0.002214460509851892,
    "0x83d94D2D8F843B7aC38A7368CF33B03861055F49": 0.000986953128305715,
    "0x41490a265B98f4411a0d53D4C822720FBdf6d892": 0.001137113266100937,
    "0x7c8eba6dF6115D4C9A84E83F77B7E6Bb9d266c2A": 0.0438251655136851,
    "0xC59F33af5F4A7C864738ce288A411ACF52338bF5": 0.038136847022209645,
    "0x390AEd628A17fFE905DA9cc19332892c0229a4ED": 0.02338425278161778,
    "0xb99171f6667DD1f4b330f768271357c5691d25C2": 0.003310702598470456,
    "0x519EbeDCb61498e2EBabE8D8b9FF8B168Fa5fB3b": 0.022774720279726865,
    "0x96c00fDDa3f3129A55C0Bc9b48Ef504C3D5594e4": 0.04770724335925475,
    "0xeF7220723E580F03A8f8b076Ee8623b1dF0103fa": 0.04803761673351584,
    "0x7ceb2a5C3395A5cfE09B66E7cEd496061301c316": 0.06281010871230461,
    "0x9a4773EeEE73e34e1EE0E9A64E4b7453b0b04246": 0.02947175673875757,
    "0xF055cbe9B6b30D64AC1D7305cde7BA6c0993C86a": 0.04736506812400297,
    "0x7BD84115b3594972BeFFFB311Fa1D941cE7fE618": 0.009841610216199849,
    "0xdE0AEf70a7ae324045B7722C903aaaec2ac175F5": 0.009406490759600426,
    "0x128b7E7F0Bfa7CdA46bB4728A0DA88dBaA095026": 0.0276113267618876,
    "0x23B954d39956108B1A3002B5aFE2a64c394c9227": 0.00157871537517374,