{
  "rebate": 1,
  "fromBlock": 10782212,
  "toBlock": 10814932,
  "priceData": {
    "dailyAvgGasPrices": [
      {
        "timestamp": 0,
        "avgGwei": "100"
      }
    ],
    "dailyAvgEthPrices": [
      {
        "timestamp": 0,
        "avgPx": "350"
      }
    ],
    "currentUmaPrice": 16.09
  },
  "shareHolderPayout": {
    "0xde3af8bb46d556df3d7c99cc313c4b5713b4a5a5": 2.4920456805469238,
    "0xbf87c98f8a9c1f2a88b613813ec1e974105eb615": 2.5685540708514605,
    "0x14a29ccfe3c1cc777a6f3a2ead6f07cec5cc5dc1": 0.31583312616532006,
    "0x67d24f48f1b58c4d4dcda57ba2386dce76353fa2": 3.160252019888129,
    "0xb2a5e135892b92d8554dab9adc5291ee65a9957b": 0.19606960845245494,
    "0x4c39185a078b5666c372538231cb793a0928807b": 2.841991298943443,
    "0x120219511b9b0254e7d15014db83b8752289fda3": 2.5306653200745806,
    "0xccd9c5465fac5c0df86fd9b7d524a5949defcef6": 0.5605590428837788,
    "0xfc119030940852a33fbb787a6fd086efcabe458f": 3.330825357364823,
    "0xfec2ade141272f5271febadfca5d21ca30fc04a5": 2.5232650714729643,
    "0xf627e5f4bad95a956468d8bb6ee20b119f992e96": 2.6839148539465505,
    "0xf7b10d603907658f690da534e9b7dbc4dab3e2d6": 2.740711000621504,
    "0x49a8a045eae2c9d4a7c7e2919ba957064bd59252": 2.8916786824114356,
    "0x2ea5b7c369cb88c171466bb6dcf3cbe1c508fbea": 2.891574269732753,
    "0x797e1f1765a0071454f443114bf26a53f798c071": 2.891574269732753,
    "0x49739691fb5f3992b3f2536f309d955558e75933": 2.684019266625233,
    "0x605acc13c07cb2de5261dc64d315857fde7d5c5c": 2.4385341827221874,
    "0xd2a78bb82389d30075144d17e782964918999f7f": 2.5662047855811063,
    "0x7553fa99ab1f429551eec660708c08e14e30584f": 2.5990795525170913,
    "0x6888ff4be3262f3232e1c022de731680a16ddda7": 2.684123679303916,
    "0x1b52a70616ee7ed4ea070d19fd18a60e467a5276": 2.419302672467371,
    "0xdb2808ed6cf0b8b9686222689cf4f6e88e42b80a": 2.4548203853325044,
    "0x8d680d96befc53d8b90f76d1e8e99e842b3387a2": 2.8486867619639527,
    "0xbee33ac5520a2245cbf8288e768a5cc26927cddf": 2.739203542573027,
    "0xef22364cdabd7f39a3b6fd836f059336c810a8a9": 0.3131858297078931,
    "0x1757d400578cf8a2f3da8228e4402fb1bb3fc968": 0.29975574891236795,
    "0x56d14fcb4587b5845fa4823af790672ebf92580d": 0.3131858297078931,
    "0xf307077dd0e27a382e93f2e3d13a9c6584582332": 2.6415494095711622,
    "0x83b19521180d533dbae360be77f95d0da3aef98e": 3.716769422001243,
    "0xe311958ac79b41bf3a0595470a964b8efbe0fb36": 2.2531385954008702,
    "0x099686478448ce02f8e61c6b01904d0548daeae5": 2.011545059042884,
    "0xa08aca4a5d1a6813dcae969df892581047cfcc30": 1.977088875077688,
    "0xed6bf5eeffdcff967184747648f1c3b578a2f430": 1.9774021131137351,
    "0x2f840532892f91811f99cdaec703f322a779cc66": 1.898013673088875,
    "0x966cf5cd0624f1efcf21b0abc231a5ccc802b861": 2.011545059042884,
    "0x8bd16de8938a2ad16794ac7e7502896f156e370c": 2.011336233685519
  }
}
