{
  "rebate": 1,
  "fromBlock": 10745761,
  "toBlock": 10782251,
  "shareHolderPayout": {
    "0x797e1f1765a0071454f443114bf26a53f798c071": 2.2605012153119834,
    "0xeb6257954bb490556599e0f4e305051821a33152": 1.0720395008544572,
    "0x2ea5b7c369cb88c171466bb6dcf3cbe1c508fbea": 1.4971780860583563,
    "0x49a8a045eae2c9d4a7c7e2919ba957064bd59252": 1.4970404914788285,
    "0x996d5138843993cebc554c20d82310a43802aff1": 1.6413026750063815,
    "0xfec2ade141272f5271febadfca5d21ca30fc04a5": 1.6413026750063815,
    "0x49739691fb5f3992b3f2536f309d955558e75933": 1.381896760843873,
    "0xc1228273c77a4939bcc42a0d8f7b0077228e7f3c": 1.6412338777166176,
    "0xed6bf5eeffdcff967184747648f1c3b578a2f430": 1.6075576043771571,
    "0x1b52a70616ee7ed4ea070d19fd18a60e467a5276": 1.0847841987832316,
    "0xe7a6d81a4b543c1bf2bd10ceb74a72689dc2e4b1": 1.325654976461832,
    "0xd2a78bb82389d30075144d17e782964918999f7f": 1.6412338777166176,
    "0x9ae57ce31bdae73a0d3bf701998af5494a1ceeec": 1.6075576043771571,
    "0x230d31eec85f4063a405b0f95bde509c0d0a8b5d": 1.3481516902146484,
    "0xdb2808ed6cf0b8b9686222689cf4f6e88e42b80a": 1.675047745635606,
    "0xbe3bf9bb42bf423695b792250be206c9a58e2de1": 1.6411650804268536,
    "0xf288464959a5dd1671bce3458a3a4ed0cc314e3c": 1.6075576043771571,
    "0x6888ff4be3262f3232e1c022de731680a16ddda7": 1.6411650804268536,
    "0x605acc13c07cb2de5261dc64d315857fde7d5c5c": 1.3144066195854238,
    "0xf627e5f4bad95a956468d8bb6ee20b119f992e96": 1.3594000470910568,
    "0xf7b10d603907658f690da534e9b7dbc4dab3e2d6": 2.507970799700444,
    "0x1757d400578cf8a2f3da8228e4402fb1bb3fc968": 0.7976472437383652,
    "0x67d24f48f1b58c4d4dcda57ba2386dce76353fa2": 0.9354252827056647,
    "0x8d07d225a769b7af3a923481e1fdf49180e6a265": 0.8201439574911815,
    "0xbf87c98f8a9c1f2a88b613813ec1e974105eb615": 0.9579219964584811,
    "0x4c39185a078b5666c372538231cb793a0928807b": 0.8286404227770311,
    "0xa66b7e13467084f248e7d731eb2f9ff8e43db1cf": 0.7976472437383652,
    "0x56d14fcb4587b5845fa4823af790672ebf92580d": 0.7976472437383652,
    "0x966cf5cd0624f1efcf21b0abc231a5ccc802b861": 0.8286404227770311,
    "0x14a29ccfe3c1cc777a6f3a2ead6f07cec5cc5dc1": 0.9579219964584811,
    "0x120219511b9b0254e7d15014db83b8752289fda3": 0.9354252827056647,
    "0x57c458c1354fee3aba912794709c91180869f953": 0.8201439574911815,
    "0xedc63f732d61df2556fd3ae84f911a84ac64b4ba": 0.7975096491588372,
    "0xb2a5e135892b92d8554dab9adc5291ee65a9957b": 0.7976472437383652,
    "0xe311958ac79b41bf3a0595470a964b8efbe0fb36": 0.9579219964584811,
    "0x28d804bf2212e220bc2b7b6252993db8286df07f": 0.8511371365298476,
    "0xbee33ac5520a2245cbf8288e768a5cc26927cddf": 0.8201439574911815,
    "0xccd9c5465fac5c0df86fd9b7d524a5949defcef6": 0.8201439574911815,
    "0xe6662ec7fc7c84231b29f0f0da6321673d100854": 0.7976472437383652,
    "0xde3af8bb46d556df3d7c99cc313c4b5713b4a5a5": 0.9129285689528484,
    "0x8bd16de8938a2ad16794ac7e7502896f156e370c": 0.8201439574911815,
    "0x2f840532892f91811f99cdaec703f322a779cc66": 0.7454071683775948,
    "0xef22364cdabd7f39a3b6fd836f059336c810a8a9": 0.8201439574911815
  }
}
