{
  "rebate": 1,
  "fromBlock": 10777284,
  "toBlock": 10809997,
  "shareHolderPayout": {
    "0x6888ff4be3262f3232e1c022de731680a16ddda7": 11.416345056148154,
    "0x605acc13c07cb2de5261dc64d315857fde7d5c5c": 9.936139357781482,
    "0xf627e5f4bad95a956468d8bb6ee20b119f992e96": 10.710957094449158,
    "0xde3af8bb46d556df3d7c99cc313c4b5713b4a5a5": 10.132544041519143,
    "0xbf87c98f8a9c1f2a88b613813ec1e974105eb615": 10.377549680393383,
    "0x14a29ccfe3c1cc777a6f3a2ead6f07cec5cc5dc1": 2.0799907596358724,
    "0x67d24f48f1b58c4d4dcda57ba2386dce76353fa2": 11.152206618647414,
    "0xb2a5e135892b92d8554dab9adc5291ee65a9957b": 1.291260922431102,
    "0x4c39185a078b5666c372538231cb793a0928807b": 10.180678071299923,
    "0x120219511b9b0254e7d15014db83b8752289fda3": 9.6591296141086,
    "0xccd9c5465fac5c0df86fd9b7d524a5949defcef6": 2.6166281005357463,
    "0xfc119030940852a33fbb787a6fd086efcabe458f": 11.423510632301163,
    "0xfec2ade141272f5271febadfca5d21ca30fc04a5": 8.902957773248136,
    "0xf7b10d603907658f690da534e9b7dbc4dab3e2d6": 8.921099976358388,
    "0x49a8a045eae2c9d4a7c7e2919ba957064bd59252": 10.14603239883423,
    "0x2ea5b7c369cb88c171466bb6dcf3cbe1c508fbea": 10.145542813658267,
    "0x797e1f1765a0071454f443114bf26a53f798c071": 10.145542813658267,
    "0x49739691fb5f3992b3f2536f309d955558e75933": 9.363772755196113,
    "0xd2a78bb82389d30075144d17e782964918999f7f": 9.023793369085249,
    "0x7553fa99ab1f429551eec660708c08e14e30584f": 9.126297501776573,
    "0x1b52a70616ee7ed4ea070d19fd18a60e467a5276": 8.60265324111499,
    "0xdb2808ed6cf0b8b9686222689cf4f6e88e42b80a": 8.701284655198045,
    "0x8d680d96befc53d8b90f76d1e8e99e842b3387a2": 10.024846846244653,
    "0xbee33ac5520a2245cbf8288e768a5cc26927cddf": 8.91672891815693,
    "0xef22364cdabd7f39a3b6fd836f059336c810a8a9": 0.9057609728234823,
    "0x1757d400578cf8a2f3da8228e4402fb1bb3fc968": 0.4269372924271451,
    "0x56d14fcb4587b5845fa4823af790672ebf92580d": 0.44606554051821196,
    "0x83b19521180d533dbae360be77f95d0da3aef98e": 12.169587736944832,
    "0xe311958ac79b41bf3a0595470a964b8efbe0fb36": 8.29931829003525,
    "0x099686478448ce02f8e61c6b01904d0548daeae5": 7.423007120546946,
    "0xf307077dd0e27a382e93f2e3d13a9c6584582332": 7.423007120546946,
    "0xa08aca4a5d1a6813dcae969df892581047cfcc30": 7.326706640243059,
    "0xed6bf5eeffdcff967184747648f1c3b578a2f430": 7.327976424344836,
    "0x2f840532892f91811f99cdaec703f322a779cc66": 7.1070131032061905,
    "0x966cf5cd0624f1efcf21b0abc231a5ccc802b861": 7.423007120546946,
    "0x8bd16de8938a2ad16794ac7e7502896f156e370c": 7.422226921621131
  }
}
